id,race,playerid
1,asian,3
2,asian,17
3,asian,3
4,asian,3
5,asian,1
6,asian,17
7,asian,3
8,asian,23
9,asian,23
10,asian,3
11,asian,1
12,asian,23
13,asian,1
14,asian,17
15,asian,1
16,asian,23
17,asian,17
18,asian,17
19,asian,1
20,asian,1
21,asian,23
22,asian,1
23,asian,3
24,asian,3
25,asian,23
26,asian,17
27,asian,17
28,asian,1
29,asian,3
30,asian,1
31,asian,23
32,asian,1
33,asian,23
34,asian,17
35,asian,1
36,asian,3
37,asian,23
38,asian,3
39,asian,17
40,asian,1
41,asian,3
42,asian,17
43,asian,27
44,asian,28
45,asian,2
46,asian,13
47,asian,2
48,asian,5
49,asian,11
50,asian,12
51,asian,4
52,asian,6
53,asian,4
54,asian,8
55,asian,28
56,asian,13
57,asian,19
58,asian,9
59,asian,20
60,asian,20
61,asian,22
62,asian,6
63,asian,5
64,asian,29
65,asian,19
66,asian,5
67,asian,5
68,asian,27
69,asian,9
70,asian,20
71,asian,5
72,asian,4
73,asian,12
74,asian,13
75,asian,19
76,asian,8
77,asian,2
78,asian,7
79,asian,22
80,asian,24
81,asian,8
82,asian,29
83,asian,19
84,asian,14
85,asian,29
86,asian,6
87,asian,10
88,asian,9
89,asian,28
90,asian,6
91,asian,24
92,asian,20
93,asian,8
94,asian,21
95,asian,22
96,asian,6
97,asian,4
98,asian,21
99,asian,28
100,asian,7
101,asian,13
102,asian,11
103,asian,13
104,asian,24
105,asian,14
106,asian,28
107,asian,10
108,asian,22
109,asian,24
110,asian,21
111,asian,19
112,asian,9
113,asian,8
114,asian,19
115,asian,13
116,asian,11
117,asian,24
118,asian,6
119,asian,10
120,asian,10
121,asian,7
122,asian,21
123,asian,6
124,asian,21
125,asian,14
126,asian,10
127,asian,20
128,asian,19
129,asian,14
130,asian,12
131,asian,2
132,asian,4
133,asian,19
134,asian,14
135,asian,14
136,asian,7
137,asian,27
138,asian,5
139,asian,22
140,asian,14
141,asian,29
142,asian,2
143,asian,22
144,asian,12
145,asian,7
146,asian,19
147,asian,8
148,asian,24
149,asian,2
150,asian,11
151,asian,4
152,asian,8
153,asian,10
154,asian,13
155,asian,4
156,asian,5
157,asian,19
158,asian,20
159,asian,24
160,asian,29
161,asian,9
162,asian,6
163,asian,22
164,asian,11
165,asian,12
166,asian,21
167,asian,12
168,asian,29
169,asian,11
170,asian,27
171,asian,21
172,asian,11
173,asian,27
174,asian,7
175,asian,7
176,asian,9
177,asian,27
178,asian,27
179,asian,20
180,asian,11
181,asian,10
182,asian,24
183,asian,2
184,asian,27
185,asian,29
186,asian,22
187,asian,22
188,asian,28
189,asian,9
190,asian,19
191,asian,27
192,asian,12
193,asian,8
194,asian,28
195,asian,5
196,asian,7
197,asian,4
198,asian,29
199,asian,10
200,asian,11
201,asian,13
202,asian,2
203,asian,6
204,asian,20
205,asian,22
206,asian,5
207,asian,19
208,asian,9
209,asian,14
210,asian,29
211,asian,28
212,asian,14
213,asian,9
214,asian,7
215,asian,7
216,asian,8
217,asian,21
218,asian,10
219,asian,7
220,asian,6
221,asian,10
222,asian,29
223,asian,5
224,asian,21
225,asian,19
226,asian,5
227,asian,4
228,asian,7
229,asian,21
230,asian,13
231,asian,8
232,asian,12
233,asian,20
234,asian,24
235,asian,6
236,asian,14
237,asian,14
238,asian,5
239,asian,4
240,asian,20
241,asian,8
242,asian,29
243,asian,12
244,asian,5
245,asian,10
246,asian,28
247,asian,7
248,asian,8
249,asian,2
250,asian,28
251,asian,21
252,asian,27
253,asian,4
254,asian,10
255,asian,4
256,asian,13
257,asian,19
258,asian,22
259,asian,4
260,asian,20
261,asian,4
262,asian,11
263,asian,29
264,asian,10
265,asian,29
266,asian,13
267,asian,21
268,asian,13
269,asian,13
270,asian,14
271,asian,24
272,asian,12
273,asian,13
274,asian,13
275,asian,6
276,asian,9
277,asian,16
278,asian,25
279,asian,16
280,asian,15
281,asian,30
282,asian,18
283,asian,15
284,asian,25
285,asian,1
286,asian,30
287,asian,17
288,asian,17
289,asian,30
290,asian,17
291,asian,15
292,asian,25
293,asian,26
294,asian,1
295,asian,26
296,asian,17
297,asian,16
298,asian,17
299,asian,18
300,asian,1
301,asian,15
302,asian,30
303,asian,18
304,asian,26
305,asian,15
306,asian,30
307,asian,30
308,asian,18
309,asian,18
310,asian,30
311,asian,25
312,asian,1
313,asian,26
314,asian,26
315,asian,15
316,asian,26
317,asian,26
318,asian,26
319,asian,16
320,asian,1
321,asian,26
322,asian,1
323,asian,1
324,asian,1
325,asian,26
326,asian,16
327,asian,18
328,asian,25
329,asian,30
330,asian,16
331,asian,25
332,asian,15
333,asian,17
334,asian,16
335,asian,18
336,asian,26
337,asian,1
338,asian,15
339,asian,25
340,asian,26
341,asian,30
342,asian,15
343,asian,16
344,asian,17
345,asian,17
346,asian,15
347,asian,18
348,asian,18
349,asian,1
350,asian,15
351,asian,25
352,asian,16
353,asian,1
354,asian,1
355,asian,18
356,asian,18
357,asian,30
358,asian,25
359,asian,26
360,asian,30
361,asian,16
362,asian,16
363,asian,17
364,asian,30
365,asian,16
366,asian,18
367,asian,1
368,asian,1
369,asian,18
370,asian,18
371,asian,15
372,asian,17
373,asian,15
374,asian,16
375,asian,30
376,asian,15
377,asian,12
378,asian,10
379,asian,24
380,asian,6
381,asian,20
382,asian,24
383,asian,4
384,asian,23
385,asian,2
386,asian,9
387,asian,29
388,asian,9
389,asian,12
390,asian,10
391,asian,19
392,asian,11
393,asian,8
394,asian,10
395,asian,6
396,asian,4
397,asian,8
398,asian,5
399,asian,9
400,asian,24
401,asian,12
402,asian,11
403,asian,7
404,asian,19
405,asian,10
406,asian,4
407,asian,14
408,asian,9
409,asian,19
410,asian,8
411,asian,11
412,asian,14
413,asian,19
414,asian,28
415,asian,28
416,asian,29
417,asian,23
418,asian,28
419,asian,3
420,asian,2
421,asian,7
422,asian,8
423,asian,2
424,asian,29
425,asian,23
426,asian,20
427,asian,28
428,asian,3
429,asian,14
430,asian,27
431,asian,28
432,asian,23
433,asian,27
434,asian,6
435,asian,5
436,asian,2
437,asian,20
438,asian,21
439,asian,28
440,asian,4
441,asian,23
442,asian,10
443,asian,20
444,asian,20
445,asian,2
446,asian,8
447,asian,5
448,asian,12
449,asian,20
450,asian,27
451,asian,20
452,asian,4
453,asian,27
454,asian,24
455,asian,24
456,asian,3
457,asian,7
458,asian,5
459,asian,6
460,asian,8
461,asian,2
462,asian,3
463,asian,19
464,asian,27
465,asian,11
466,asian,27
467,asian,7
468,asian,3
469,asian,6
470,asian,11
471,asian,5
472,asian,9
473,asian,12
474,asian,6
475,asian,24
476,asian,8
477,asian,20
478,asian,12
479,asian,11
480,asian,3
481,asian,23
482,asian,29
483,asian,7
484,asian,3
485,asian,10
486,asian,29
487,asian,20
488,asian,20
489,asian,2
490,asian,6
491,asian,23
492,asian,7
493,asian,12
494,asian,21
495,asian,5
496,asian,23
497,asian,4
498,asian,14
499,asian,29
500,asian,21
501,asian,21
502,asian,8
503,asian,28
504,asian,9
505,asian,9
506,asian,11
507,asian,21
508,asian,19
509,asian,27
510,asian,14
511,asian,2
512,asian,29
513,asian,5
514,asian,24
515,asian,21
516,asian,19
517,asian,10
518,asian,2
519,asian,14
520,asian,24
521,asian,3
522,asian,5
523,asian,21
524,asian,20
525,asian,21
526,asian,27
527,asian,10
528,asian,14
529,asian,4
530,asian,12
531,asian,28
532,asian,9
533,asian,28
534,asian,27
535,asian,7
536,asian,2
537,asian,2
538,asian,24
539,asian,29
540,asian,14
541,asian,14
542,asian,3
543,asian,7
544,asian,3
545,asian,28
546,asian,6
547,asian,10
548,asian,9
549,asian,11
550,asian,6
551,asian,11
552,asian,7
553,asian,21
554,asian,28
555,asian,3
556,asian,23
557,asian,4
558,asian,4
559,asian,10
560,asian,5
561,asian,8
562,asian,4
563,asian,11
564,asian,27
565,asian,20
566,asian,28
567,asian,27
568,asian,19
569,asian,9
570,asian,12
571,asian,19
572,asian,3
573,asian,21
574,asian,21
575,asian,28
576,asian,10
577,asian,7
578,asian,8
579,asian,6
580,asian,4
581,asian,9
582,asian,8
583,asian,14
584,asian,6
585,asian,4
586,asian,29
587,asian,5
588,asian,6
589,asian,3
590,asian,21
591,asian,8
592,asian,27
593,asian,7
594,asian,7
595,asian,20
596,asian,7
597,asian,5
598,asian,6
599,asian,5
600,asian,9
601,asian,19
602,asian,23
603,asian,3
604,asian,3
605,asian,20
606,asian,14
607,asian,23
608,asian,22
609,asian,25
610,asian,24
611,asian,16
612,asian,25
613,asian,12
614,asian,8
615,asian,15
616,asian,26
617,asian,15
618,asian,1
619,asian,16
620,asian,27
621,asian,14
622,asian,16
623,asian,23
624,asian,23
625,asian,30
626,asian,15
627,asian,6
628,asian,6
629,asian,22
630,asian,8
631,asian,17
632,asian,5
633,asian,5
634,asian,28
635,asian,13
636,asian,30
637,asian,1
638,asian,8
639,asian,26
640,asian,12
641,asian,6
642,asian,25
643,asian,18
644,asian,14
645,asian,7
646,asian,8
647,asian,18
648,asian,7
649,asian,24
650,asian,27
651,asian,25
652,asian,8
653,asian,14
654,asian,28
655,asian,12
656,asian,15
657,asian,5
658,asian,14
659,asian,1
660,asian,5
661,asian,27
662,asian,17
663,asian,26
664,asian,13
665,asian,15
666,asian,23
667,asian,1
668,asian,22
669,asian,13
670,asian,26
671,asian,12
672,asian,13
673,asian,23
674,asian,17
675,asian,25
676,asian,7
677,asian,23
678,asian,27
679,asian,13
680,asian,24
681,asian,30
682,asian,5
683,asian,30
684,asian,26
685,asian,15
686,asian,5
687,asian,12
688,asian,14
689,asian,7
690,asian,6
691,asian,28
692,asian,24
693,asian,12
694,asian,27
695,asian,28
696,asian,16
697,asian,7
698,asian,5
699,asian,17
700,asian,24
701,asian,7
702,asian,1
703,asian,26
704,asian,1
705,asian,22
706,asian,22
707,asian,17
708,asian,7
709,asian,18
710,asian,15
711,asian,12
712,asian,14
713,asian,22
714,asian,14
715,asian,18
716,asian,30
717,asian,13
718,asian,27
719,asian,28
720,asian,14
721,asian,30
722,asian,14
723,asian,26
724,asian,28
725,asian,1
726,asian,17
727,asian,12
728,asian,5
729,asian,14
730,asian,7
731,asian,25
732,asian,27
733,asian,8
734,asian,6
735,asian,17
736,asian,7
737,asian,6
738,asian,1
739,asian,15
740,asian,25
741,asian,28
742,asian,6
743,asian,8
744,asian,6
745,asian,14
746,asian,23
747,asian,16
748,asian,6
749,asian,30
750,asian,16
751,asian,28
752,asian,27
753,asian,6
754,asian,13
755,asian,17
756,asian,18
757,asian,28
758,asian,27
759,asian,6
760,asian,1
761,asian,13
762,asian,18
763,asian,17
764,asian,30
765,asian,28
766,asian,28
767,asian,8
768,asian,15
769,asian,15
770,asian,7
771,asian,5
772,asian,24
773,asian,26
774,asian,26
775,asian,18
776,asian,24
777,asian,16
778,asian,28
779,asian,25
780,asian,15
781,asian,27
782,asian,28
783,asian,12
784,asian,26
785,asian,18
786,asian,18
787,asian,7
788,asian,17
789,asian,18
790,asian,18
791,asian,24
792,asian,18
793,asian,16
794,asian,30
795,asian,28
796,asian,6
797,asian,23
798,asian,24
799,asian,24
800,asian,7
801,asian,24
802,asian,17
803,asian,6
804,asian,13
805,asian,12
806,asian,22
807,asian,22
808,asian,24
809,asian,28
810,asian,22
811,asian,25
812,asian,18
813,asian,30
814,asian,15
815,asian,16
816,asian,26
817,asian,23
818,asian,13
819,asian,18
820,asian,14
821,asian,15
822,asian,24
823,asian,16
824,asian,11
825,asian,9
826,asian,11
827,asian,10
828,asian,10
829,asian,21
830,asian,22
831,asian,29
832,asian,29
833,asian,2
834,asian,19
835,asian,29
836,asian,11
837,asian,21
838,asian,4
839,asian,21
840,asian,2
841,asian,22
842,asian,29
843,asian,2
844,asian,19
845,asian,2
846,asian,4
847,asian,11
848,asian,10
849,asian,22
850,asian,29
851,asian,18
852,asian,18
853,asian,4
854,asian,18
855,asian,9
856,asian,18
857,asian,18
858,asian,21
859,asian,10
860,asian,21
861,asian,22
862,asian,9
863,asian,19
864,asian,18
865,asian,19
866,asian,4
867,asian,9
868,asian,11
869,asian,4
870,asian,29
871,asian,9
872,asian,19
873,asian,19
874,asian,19
875,asian,4
876,asian,21
877,asian,9
878,asian,22
879,asian,4
880,asian,4
881,asian,9
882,asian,10
883,asian,10
884,asian,22
885,asian,10
886,asian,19
887,asian,19
888,asian,21
889,asian,18
890,asian,21
891,asian,29
892,asian,11
893,asian,11
894,asian,11
895,asian,11
896,asian,9
897,asian,2
898,asian,29
899,asian,29
900,asian,11
901,asian,4
902,asian,10
903,asian,11
904,asian,2
905,asian,2
906,asian,10
907,asian,2
908,asian,29
909,asian,4
910,asian,2
911,asian,18
912,asian,9
913,asian,2
914,asian,18
915,asian,2
916,asian,10
917,asian,4
918,asian,22
919,asian,11
920,asian,22
921,asian,29
922,asian,18
923,asian,19
924,asian,10
925,asian,10
926,asian,2
927,asian,19
928,asian,22
929,asian,22
930,asian,21
931,asian,22
932,asian,11
933,asian,22
934,asian,22
935,asian,11
936,asian,29
937,asian,2
938,asian,18
939,asian,10
940,asian,19
941,asian,21
942,asian,10
943,asian,9
944,asian,5
945,asian,1
946,asian,3
947,asian,15
948,asian,8
949,asian,10
950,asian,23
951,asian,24
952,asian,6
953,asian,28
954,asian,30
955,asian,23
956,asian,16
957,asian,20
958,asian,9
959,asian,14
960,asian,14
961,asian,19
962,asian,11
963,asian,24
964,asian,10
965,asian,5
966,asian,26
967,asian,13
968,asian,28
969,asian,19
970,asian,10
971,asian,16
972,asian,27
973,asian,8
974,asian,3
975,asian,7
976,asian,11
977,asian,6
978,asian,28
979,asian,15
980,asian,24
981,asian,19
982,asian,3
983,asian,28
984,asian,25
985,asian,20
986,asian,28
987,asian,13
988,asian,19
989,asian,27
990,asian,7
991,asian,6
992,asian,1
993,asian,5
994,asian,15
995,asian,26
996,asian,13
997,asian,6
998,asian,3
999,asian,6
1000,asian,5
1001,asian,20
1002,asian,30
1003,asian,10
1004,asian,11
1005,asian,8
1006,asian,25
1007,asian,27
1008,asian,8
1009,asian,26
1010,asian,23
1011,asian,28
1012,asian,15
1013,asian,20
1014,asian,11
1015,asian,9
1016,asian,8
1017,asian,1
1018,asian,16
1019,asian,23
1020,asian,14
1021,asian,26
1022,asian,11
1023,asian,16
1024,asian,16
1025,asian,27
1026,asian,30
1027,asian,14
1028,asian,10
1029,asian,7
1030,asian,30
1031,asian,25
1032,asian,23
1033,asian,7
1034,asian,24
1035,asian,7
1036,asian,15
1037,asian,19
1038,asian,7
1039,asian,20
1040,asian,5
1041,asian,15
1042,asian,26
1043,asian,27
1044,asian,28
1045,asian,10
1046,asian,16
1047,asian,13
1048,asian,6
1049,asian,14
1050,asian,1
1051,asian,9
1052,asian,20
1053,asian,30
1054,asian,6
1055,asian,20
1056,asian,24
1057,asian,15
1058,asian,26
1059,asian,16
1060,asian,14
1061,asian,23
1062,asian,13
1063,asian,9
1064,asian,5
1065,asian,5
1066,asian,9
1067,asian,25
1068,asian,20
1069,asian,11
1070,asian,8
1071,asian,3
1072,asian,11
1073,asian,3
1074,asian,1
1075,asian,15
1076,asian,14
1077,asian,16
1078,asian,19
1079,asian,23
1080,asian,14
1081,asian,5
1082,asian,24
1083,asian,27
1084,asian,13
1085,asian,3
1086,asian,25
1087,asian,27
1088,asian,30
1089,asian,6
1090,asian,30
1091,asian,25
1092,asian,13
1093,asian,8
1094,asian,25
1095,asian,20
1096,asian,14
1097,asian,30
1098,asian,25
1099,asian,19
1100,asian,1
1101,asian,6
1102,asian,19
1103,asian,16
1104,asian,25
1105,asian,7
1106,asian,25
1107,asian,11
1108,asian,27
1109,asian,1
1110,asian,19
1111,asian,28
1112,asian,13
1113,asian,23
1114,asian,16
1115,asian,10
1116,asian,25
1117,asian,1
1118,asian,26
1119,asian,8
1120,asian,26
1121,asian,24
1122,asian,10
1123,asian,30
1124,asian,28
1125,asian,8
1126,asian,6
1127,asian,3
1128,asian,30
1129,asian,26
1130,asian,26
1131,asian,9
1132,asian,11
1133,asian,19
1134,asian,3
1135,asian,7
1136,asian,26
1137,asian,9
1138,asian,27
1139,asian,20
1140,asian,19
1141,asian,15
1142,asian,10
1143,asian,15
1144,asian,8
1145,asian,1
1146,asian,19
1147,asian,23
1148,asian,20
1149,asian,20
1150,asian,1
1151,asian,1
1152,asian,25
1153,asian,3
1154,asian,1
1155,asian,10
1156,asian,10
1157,asian,20
1158,asian,7
1159,asian,14
1160,asian,1
1161,asian,28
1162,asian,10
1163,asian,28
1164,asian,27
1165,asian,16
1166,asian,9
1167,asian,24
1168,asian,20
1169,asian,9
1170,asian,14
1171,asian,24
1172,asian,19
1173,asian,23
1174,asian,10
1175,asian,5
1176,asian,13
1177,asian,2
1178,asian,17
1179,asian,26
1180,asian,16
1181,asian,20
1182,asian,21
1183,asian,2
1184,asian,29
1185,asian,20
1186,asian,29
1187,asian,21
1188,asian,16
1189,asian,2
1190,asian,26
1191,asian,16
1192,asian,16
1193,asian,29
1194,asian,17
1195,asian,20
1196,asian,17
1197,asian,25
1198,asian,17
1199,asian,20
1200,asian,29
1201,asian,29
1202,asian,2
1203,asian,2
1204,asian,16
1205,asian,16
1206,asian,16
1207,asian,25
1208,asian,26
1209,asian,2
1210,asian,26
1211,asian,26
1212,asian,25
1213,asian,17
1214,asian,20
1215,asian,21
1216,asian,25
1217,asian,26
1218,asian,29
1219,asian,25
1220,asian,29
1221,asian,25
1222,asian,20
1223,asian,25
1224,asian,17
1225,asian,29
1226,asian,17
1227,asian,20
1228,asian,21
1229,asian,21
1230,asian,21
1231,asian,2
1232,asian,29
1233,asian,26
1234,asian,26
1235,asian,21
1236,asian,21
1237,asian,25
1238,asian,17
1239,asian,2
1240,asian,20
1241,asian,21
1242,asian,21
1243,asian,29
1244,asian,2
1245,asian,29
1246,asian,20
1247,asian,16
1248,asian,17
1249,asian,29
1250,asian,25
1251,asian,17
1252,asian,21
1253,asian,25
1254,asian,20
1255,asian,16
1256,asian,26
1257,asian,20
1258,asian,29
1259,asian,20
1260,asian,16
1261,asian,25
1262,asian,21
1263,asian,20
1264,asian,25
1265,asian,13
1266,asian,28
1267,asian,15
1268,asian,3
1269,asian,5
1270,asian,9
1271,asian,11
1272,asian,12
1273,asian,2
1274,asian,8
1275,asian,1
1276,asian,1
1277,asian,23
1278,asian,5
1279,asian,12
1280,asian,19
1281,asian,30
1282,asian,12
1283,asian,11
1284,asian,14
1285,asian,23
1286,asian,9
1287,asian,6
1288,asian,5
1289,asian,15
1290,asian,7
1291,asian,11
1292,asian,5
1293,asian,13
1294,asian,4
1295,asian,23
1296,asian,18
1297,asian,22
1298,asian,18
1299,asian,2
1300,asian,29
1301,asian,14
1302,asian,1
1303,asian,29
1304,asian,23
1305,asian,7
1306,asian,13
1307,asian,11
1308,asian,23
1309,asian,13
1310,asian,30
1311,asian,28
1312,asian,30
1313,asian,21
1314,asian,4
1315,asian,1
1316,asian,6
1317,asian,19
1318,asian,18
1319,asian,29
1320,asian,3
1321,asian,14
1322,asian,4
1323,asian,22
1324,asian,14
1325,asian,22
1326,asian,6
1327,asian,30
1328,asian,3
1329,asian,7
1330,asian,9
1331,asian,29
1332,asian,9
1333,asian,12
1334,asian,4
1335,asian,21
1336,asian,22
1337,asian,29
1338,asian,4
1339,asian,30
1340,asian,15
1341,asian,9
1342,asian,28
1343,asian,28
1344,asian,11
1345,asian,7
1346,asian,21
1347,asian,11
1348,asian,15
1349,asian,28
1350,asian,12
1351,asian,12
1352,asian,2
1353,asian,23
1354,asian,1
1355,asian,12
1356,asian,21
1357,asian,22
1358,asian,11
1359,asian,1
1360,asian,3
1361,asian,18
1362,asian,19
1363,asian,5
1364,asian,8
1365,asian,22
1366,asian,8
1367,asian,2
1368,asian,14
1369,asian,12
1370,asian,19
1371,asian,15
1372,asian,1
1373,asian,21
1374,asian,13
1375,asian,3
1376,asian,29
1377,asian,6
1378,asian,19
1379,asian,15
1380,asian,7
1381,asian,6
1382,asian,30
1383,asian,28
1384,asian,8
1385,asian,5
1386,asian,6
1387,asian,13
1388,asian,30
1389,asian,23
1390,asian,19
1391,asian,4
1392,asian,7
1393,asian,9
1394,asian,30
1395,asian,22
1396,asian,9
1397,asian,1
1398,asian,8
1399,asian,28
1400,asian,2
1401,asian,14
1402,asian,21
1403,asian,19
1404,asian,18
1405,asian,15
1406,asian,22
1407,asian,5
1408,asian,3
1409,asian,18
1410,asian,5
1411,asian,19
1412,asian,4
1413,asian,28
1414,asian,6
1415,asian,8
1416,asian,8
1417,asian,13
1418,asian,2
1419,asian,6
1420,asian,23
1421,asian,7
1422,asian,19
1423,asian,9
1424,asian,3
1425,asian,23
1426,asian,29
1427,asian,7
1428,asian,19
1429,asian,23
1430,asian,14
1431,asian,4
1432,asian,3
1433,asian,9
1434,asian,2
1435,asian,29
1436,asian,21
1437,asian,29
1438,asian,1
1439,asian,18
1440,asian,7
1441,asian,21
1442,asian,29
1443,asian,13
1444,asian,11
1445,asian,5
1446,asian,15
1447,asian,21
1448,asian,2
1449,asian,15
1450,asian,8
1451,asian,30
1452,asian,6
1453,asian,11
1454,asian,8
1455,asian,2
1456,asian,7
1457,asian,30
1458,asian,5
1459,asian,2
1460,asian,18
1461,asian,11
1462,asian,18
1463,asian,2
1464,asian,23
1465,asian,8
1466,asian,29
1467,asian,3
1468,asian,12
1469,asian,28
1470,asian,23
1471,asian,29
1472,asian,22
1473,asian,18
1474,asian,14
1475,asian,2
1476,asian,28
1477,asian,11
1478,asian,30
1479,asian,11
1480,asian,28
1481,asian,28
1482,asian,9
1483,asian,9
1484,asian,30
1485,asian,6
1486,asian,30
1487,asian,14
1488,asian,14
1489,asian,2
1490,asian,29
1491,asian,22
1492,asian,8
1493,asian,21
1494,asian,18
1495,asian,28
1496,asian,12
1497,asian,7
1498,asian,18
1499,asian,4
1500,asian,21
1501,asian,14
1502,asian,1
1503,asian,22
1504,asian,28
1505,asian,10
1506,asian,20
1507,asian,24
1508,asian,27
1509,asian,24
1510,asian,20
1511,asian,22
1512,asian,27
1513,asian,10
1514,asian,26
1515,asian,26
1516,asian,22
1517,asian,10
1518,asian,26
1519,asian,30
1520,asian,30
1521,asian,10
1522,asian,24
1523,asian,26
1524,asian,26
1525,asian,10
1526,asian,22
1527,asian,26
1528,asian,20
1529,asian,24
1530,asian,24
1531,asian,22
1532,asian,27
1533,asian,10
1534,asian,20
1535,asian,20
1536,asian,28
1537,asian,30
1538,asian,10
1539,asian,28
1540,asian,24
1541,asian,30
1542,asian,20
1543,asian,22
1544,asian,28
1545,asian,27
1546,asian,22
1547,asian,20
1548,asian,24
1549,asian,24
1550,asian,20
1551,asian,20
1552,asian,27
1553,asian,28
1554,asian,30
1555,asian,10
1556,asian,30
1557,asian,30
1558,asian,24
1559,asian,27
1560,asian,27
1561,asian,22
1562,asian,27
1563,asian,28
1564,asian,30
1565,asian,26
1566,asian,28
1567,asian,27
1568,asian,26
1569,asian,22
1570,asian,26
1571,asian,28
1572,asian,27
1573,asian,10
1574,asian,28
1575,asian,10
1576,asian,28
1577,asian,20
1578,asian,30
1579,asian,20
1580,asian,24
1581,asian,28
1582,asian,26
1583,asian,28
1584,asian,10
1585,asian,22
1586,asian,30
1587,asian,28
1588,asian,27
1589,asian,28
1590,asian,30
1591,asian,20
1592,asian,20
1593,asian,5
1594,asian,2
1595,asian,9
1596,asian,17
1597,asian,17
1598,asian,8
1599,asian,23
1600,asian,5
1601,asian,19
1602,asian,12
1603,asian,7
1604,asian,11
1605,asian,11
1606,asian,23
1607,asian,8
1608,asian,23
1609,asian,8
1610,asian,19
1611,asian,6
1612,asian,17
1613,asian,16
1614,asian,12
1615,asian,16
1616,asian,16
1617,asian,9
1618,asian,25
1619,asian,3
1620,asian,14
1621,asian,25
1622,asian,1
1623,asian,5
1624,asian,8
1625,asian,1
1626,asian,7
1627,asian,29
1628,asian,9
1629,asian,25
1630,asian,6
1631,asian,5
1632,asian,8
1633,asian,16
1634,asian,25
1635,asian,14
1636,asian,2
1637,asian,3
1638,asian,11
1639,asian,29
1640,asian,6
1641,asian,9
1642,asian,19
1643,asian,9
1644,asian,14
1645,asian,29
1646,asian,19
1647,asian,6
1648,asian,18
1649,asian,11
1650,asian,6
1651,asian,11
1652,asian,18
1653,asian,12
1654,asian,2
1655,asian,25
1656,asian,29
1657,asian,16
1658,asian,25
1659,asian,29
1660,asian,12
1661,asian,18
1662,asian,19
1663,asian,18
1664,asian,29
1665,asian,6
1666,asian,7
1667,asian,12
1668,asian,1
1669,asian,12
1670,asian,18
1671,asian,7
1672,asian,14
1673,asian,14
1674,asian,17
1675,asian,6
1676,asian,12
1677,asian,8
1678,asian,1
1679,asian,9
1680,asian,1
1681,asian,19
1682,asian,19
1683,asian,3
1684,asian,11
1685,asian,18
1686,asian,5
1687,asian,29
1688,asian,23
1689,asian,6
1690,asian,19
1691,asian,16
1692,asian,12
1693,asian,5
1694,asian,7
1695,asian,25
1696,asian,14
1697,asian,6
1698,asian,1
1699,asian,9
1700,asian,14
1701,asian,7
1702,asian,19
1703,asian,23
1704,asian,16
1705,asian,2
1706,asian,3
1707,asian,23
1708,asian,18
1709,asian,17
1710,asian,23
1711,asian,3
1712,asian,1
1713,asian,3
1714,asian,19
1715,asian,14
1716,asian,14
1717,asian,11
1718,asian,7
1719,asian,7
1720,asian,2
1721,asian,19
1722,asian,16
1723,asian,14
1724,asian,12
1725,asian,7
1726,asian,3
1727,asian,3
1728,asian,9
1729,asian,3
1730,asian,18
1731,asian,2
1732,asian,14
1733,asian,8
1734,asian,18
1735,asian,29
1736,asian,1
1737,asian,17
1738,asian,18
1739,asian,11
1740,asian,6
1741,asian,5
1742,asian,14
1743,asian,29
1744,asian,2
1745,asian,29
1746,asian,18
1747,asian,2
1748,asian,8
1749,asian,23
1750,asian,5
1751,asian,8
1752,asian,8
1753,asian,18
1754,asian,1
1755,asian,3
1756,asian,2
1757,asian,3
1758,asian,17
1759,asian,2
1760,asian,3
1761,asian,9
1762,asian,17
1763,asian,19
1764,asian,16
1765,asian,23
1766,asian,12
1767,asian,5
1768,asian,2
1769,asian,12
1770,asian,8
1771,asian,11
1772,asian,7
1773,asian,17
1774,asian,25
1775,asian,17
1776,asian,5
1777,asian,23
1778,asian,7
1779,asian,3
1780,asian,9
1781,asian,1
1782,asian,8
1783,asian,7
1784,asian,25
1785,asian,7
1786,asian,7
1787,asian,20
1788,asian,15
1789,asian,4
1790,asian,1
1791,asian,21
1792,asian,19
1793,asian,5
1794,asian,27
1795,asian,22
1796,asian,25
1797,asian,17
1798,asian,25
1799,asian,12
1800,asian,10
1801,asian,17
1802,asian,25
1803,asian,16
1804,asian,13
1805,asian,5
1806,asian,4
1807,asian,12
1808,asian,17
1809,asian,18
1810,asian,13
1811,asian,21
1812,asian,5
1813,asian,28
1814,asian,20
1815,asian,4
1816,asian,7
1817,asian,19
1818,asian,18
1819,asian,4
1820,asian,12
1821,asian,27
1822,asian,15
1823,asian,25
1824,asian,21
1825,asian,20
1826,asian,10
1827,asian,20
1828,asian,10
1829,asian,5
1830,asian,17
1831,asian,19
1832,asian,16
1833,asian,30
1834,asian,30
1835,asian,15
1836,asian,19
1837,asian,16
1838,asian,19
1839,asian,5
1840,asian,20
1841,asian,28
1842,asian,24
1843,asian,21
1844,asian,10
1845,asian,16
1846,asian,24
1847,asian,27
1848,asian,1
1849,asian,24
1850,asian,10
1851,asian,30
1852,asian,22
1853,asian,17
1854,asian,4
1855,asian,10
1856,asian,13
1857,asian,22
1858,asian,4
1859,asian,12
1860,asian,18
1861,asian,22
1862,asian,1
1863,asian,22
1864,asian,28
1865,asian,25
1866,asian,13
1867,asian,24
1868,asian,27
1869,asian,4
1870,asian,12
1871,asian,27
1872,asian,27
1873,asian,25
1874,asian,24
1875,asian,30
1876,asian,17
1877,asian,18
1878,asian,5
1879,asian,15
1880,asian,13
1881,asian,12
1882,asian,1
1883,asian,20
1884,asian,28
1885,asian,15
1886,asian,21
1887,asian,22
1888,asian,28
1889,asian,22
1890,asian,28
1891,asian,24
1892,asian,27
1893,asian,30
1894,asian,21
1895,asian,1
1896,asian,18
1897,asian,27
1898,asian,30
1899,asian,15
1900,asian,27
1901,asian,17
1902,asian,28
1903,asian,16
1904,asian,1
1905,asian,16
1906,asian,20
1907,asian,30
1908,asian,13
1909,asian,15
1910,asian,28
1911,asian,10
1912,asian,20
1913,asian,16
1914,asian,25
1915,asian,7
1916,asian,18
1917,asian,18
1918,asian,13
1919,asian,22
1920,asian,15
1921,asian,25
1922,asian,30
1923,asian,10
1924,asian,19
1925,asian,13
1926,asian,30
1927,asian,7
1928,asian,18
1929,asian,24
1930,asian,15
1931,asian,17
1932,asian,21
1933,asian,4
1934,asian,21
1935,asian,22
1936,asian,20
1937,asian,5
1938,asian,16
1939,asian,27
1940,asian,4
1941,asian,12
1942,asian,28
1943,asian,12
1944,asian,5
1945,asian,20
1946,asian,1
1947,asian,18
1948,asian,28
1949,asian,27
1950,asian,21
1951,asian,1
1952,asian,21
1953,asian,24
1954,asian,19
1955,asian,10
1956,asian,7
1957,asian,28
1958,asian,20
1959,asian,19
1960,asian,1
1961,asian,18
1962,asian,5
1963,asian,19
1964,asian,15
1965,asian,18
1966,asian,15
1967,asian,24
1968,asian,30
1969,asian,1
1970,asian,30
1971,asian,13
1972,asian,20
1973,asian,21
1974,asian,15
1975,asian,17
1976,asian,25
1977,asian,12
1978,asian,28
1979,asian,21
1980,asian,17
1981,asian,4
1982,asian,17
1983,asian,22
1984,asian,4
1985,asian,10
1986,asian,20
1987,asian,30
1988,asian,13
1989,asian,17
1990,asian,30
1991,asian,13
1992,asian,18
1993,asian,12
1994,asian,25
1995,asian,28
1996,asian,13
1997,asian,17
1998,asian,19
1999,asian,24
2000,asian,13
2001,asian,16
2002,asian,22
2003,asian,16
2004,asian,1
2005,asian,7
2006,asian,7
2007,asian,15
2008,asian,16
2009,asian,22
2010,asian,7
2011,asian,18
2012,asian,29
2013,asian,29
2014,asian,14
2015,asian,11
2016,asian,8
2017,asian,2
2018,asian,2
2019,asian,29
2020,asian,14
2021,asian,29
2022,asian,14
2023,asian,11
2024,asian,2
2025,asian,11
2026,asian,2
2027,asian,26
2028,asian,14
2029,asian,2
2030,asian,29
2031,asian,14
2032,asian,11
2033,asian,14
2034,asian,8
2035,asian,29
2036,asian,2
2037,asian,26
2038,asian,8
2039,asian,8
2040,asian,11
2041,asian,26
2042,asian,26
2043,asian,14
2044,asian,11
2045,asian,26
2046,asian,8
2047,asian,11
2048,asian,2
2049,asian,29
2050,asian,29
2051,asian,8
2052,asian,8
2053,asian,11
2054,asian,26
2055,asian,14
2056,asian,26
2057,asian,11
2058,asian,26
2059,asian,29
2060,asian,8
2061,asian,8
2062,asian,26
2063,asian,11
2064,asian,2
2065,asian,14
2066,asian,26
2067,asian,8
2068,asian,26
2069,asian,8
2070,asian,14
2071,asian,29
2072,asian,8
2073,asian,2
2074,asian,2
2075,asian,11
2076,asian,14
2077,asian,2
2078,asian,26
2079,asian,11
2080,asian,14
2081,asian,14
2082,asian,26
2083,asian,10
2084,asian,9
2085,asian,4
2086,asian,6
2087,asian,6
2088,asian,8
2089,asian,2
2090,asian,26
2091,asian,5
2092,asian,11
2093,asian,3
2094,asian,22
2095,asian,20
2096,asian,26
2097,asian,20
2098,asian,12
2099,asian,24
2100,asian,9
2101,asian,8
2102,asian,7
2103,asian,27
2104,asian,25
2105,asian,13
2106,asian,20
2107,asian,16
2108,asian,16
2109,asian,30
2110,asian,21
2111,asian,25
2112,asian,15
2113,asian,26
2114,asian,7
2115,asian,29
2116,asian,23
2117,asian,30
2118,asian,27
2119,asian,2
2120,asian,21
2121,asian,9
2122,asian,15
2123,asian,14
2124,asian,6
2125,asian,5
2126,asian,10
2127,asian,1
2128,asian,11
2129,asian,13
2130,asian,29
2131,asian,29
2132,asian,30
2133,asian,25
2134,asian,15
2135,asian,3
2136,asian,7
2137,asian,28
2138,asian,24
2139,asian,22
2140,asian,12
2141,asian,14
2142,asian,19
2143,asian,19
2144,asian,13
2145,asian,24
2146,asian,16
2147,asian,4
2148,asian,5
2149,asian,18
2150,asian,23
2151,asian,21
2152,asian,29
2153,asian,11
2154,asian,6
2155,asian,29
2156,asian,4
2157,asian,22
2158,asian,5
2159,asian,23
2160,asian,23
2161,asian,10
2162,asian,11
2163,asian,18
2164,asian,16
2165,asian,3
2166,asian,28
2167,asian,28
2168,asian,7
2169,asian,5
2170,asian,11
2171,asian,28
2172,asian,4
2173,asian,30
2174,asian,26
2175,asian,27
2176,asian,25
2177,asian,12
2178,asian,19
2179,asian,21
2180,asian,18
2181,asian,12
2182,asian,20
2183,asian,27
2184,asian,19
2185,asian,14
2186,asian,6
2187,asian,4
2188,asian,15
2189,asian,14
2190,asian,15
2191,asian,12
2192,asian,12
2193,asian,7
2194,asian,9
2195,asian,26
2196,asian,5
2197,asian,9
2198,asian,17
2199,asian,23
2200,asian,14
2201,asian,11
2202,asian,28
2203,asian,1
2204,asian,23
2205,asian,26
2206,asian,2
2207,asian,13
2208,asian,2
2209,asian,24
2210,asian,10
2211,asian,1
2212,asian,24
2213,asian,20
2214,asian,25
2215,asian,1
2216,asian,21
2217,asian,1
2218,asian,15
2219,asian,26
2220,asian,16
2221,asian,8
2222,asian,22
2223,asian,13
2224,asian,25
2225,asian,3
2226,asian,19
2227,asian,29
2228,asian,23
2229,asian,18
2230,asian,6
2231,asian,10
2232,asian,21
2233,asian,9
2234,asian,3
2235,asian,30
2236,asian,22
2237,asian,22
2238,asian,10
2239,asian,17
2240,asian,30
2241,asian,4
2242,asian,1
2243,asian,10
2244,asian,15
2245,asian,2
2246,asian,18
2247,asian,20
2248,asian,16
2249,asian,24
2250,asian,8
2251,asian,8
2252,asian,15
2253,asian,2
2254,asian,6
2255,asian,6
2256,asian,15
2257,asian,20
2258,asian,17
2259,asian,27
2260,asian,28
2261,asian,3
2262,asian,17
2263,asian,17
2264,asian,1
2265,asian,17
2266,asian,11
2267,asian,7
2268,asian,28
2269,asian,4
2270,asian,29
2271,asian,16
2272,asian,17
2273,asian,30
2274,asian,19
2275,asian,8
2276,asian,24
2277,asian,24
2278,asian,11
2279,asian,17
2280,asian,13
2281,asian,3
2282,asian,22
2283,asian,8
2284,asian,20
2285,asian,6
2286,asian,30
2287,asian,12
2288,asian,13
2289,asian,7
2290,asian,28
2291,asian,17
2292,asian,10
2293,asian,11
2294,asian,9
2295,asian,19
2296,asian,14
2297,asian,4
2298,asian,17
2299,asian,5
2300,asian,3
2301,asian,3
2302,asian,29
2303,asian,12
2304,asian,19
2305,asian,17
2306,asian,22
2307,asian,24
2308,asian,22
2309,asian,2
2310,asian,21
2311,asian,22
2312,asian,21
2313,asian,18
2314,asian,2
2315,asian,27
2316,asian,17
2317,asian,7
2318,asian,14
2319,asian,5
2320,asian,16
2321,asian,25
2322,asian,14
2323,asian,16
2324,asian,14
2325,asian,26
2326,asian,16
2327,asian,15
2328,asian,11
2329,asian,15
2330,asian,12
2331,asian,8
2332,asian,2
2333,asian,18
2334,asian,18
2335,asian,29
2336,asian,25
2337,asian,13
2338,asian,11
2339,asian,15
2340,asian,21
2341,asian,5
2342,asian,17
2343,asian,28
2344,asian,20
2345,asian,1
2346,asian,16
2347,asian,14
2348,asian,18
2349,asian,23
2350,asian,25
2351,asian,11
2352,asian,29
2353,asian,30
2354,asian,30
2355,asian,13
2356,asian,26
2357,asian,5
2358,asian,29
2359,asian,9
2360,asian,12
2361,asian,21
2362,asian,24
2363,asian,9
2364,asian,19
2365,asian,15
2366,asian,8
2367,asian,12
2368,asian,25
2369,asian,27
2370,asian,20
2371,asian,1
2372,asian,12
2373,asian,4
2374,asian,14
2375,asian,18
2376,asian,14
2377,asian,7
2378,asian,19
2379,asian,18
2380,asian,10
2381,asian,10
2382,asian,11
2383,asian,23
2384,asian,7
2385,asian,12
2386,asian,1
2387,asian,19
2388,asian,17
2389,asian,18
2390,asian,6
2391,asian,8
2392,asian,1
2393,asian,27
2394,asian,25
2395,asian,3
2396,asian,5
2397,asian,18
2398,asian,28
2399,asian,11
2400,asian,16
2401,asian,1
2402,asian,7
2403,asian,6
2404,asian,30
2405,asian,3
2406,asian,8
2407,asian,4
2408,asian,18
2409,asian,13
2410,asian,24
2411,asian,7
2412,asian,29
2413,asian,5
2414,asian,13
2415,asian,21
2416,asian,25
2417,asian,8
2418,asian,24
2419,asian,18
2420,asian,14
2421,asian,21
2422,asian,3
2423,asian,18
2424,asian,29
2425,asian,6
2426,asian,13
2427,asian,14
2428,asian,3
2429,asian,9
2430,asian,22
2431,asian,6
2432,asian,23
2433,asian,5
2434,asian,23
2435,asian,4
2436,asian,29
2437,asian,28
2438,asian,16
2439,asian,28
2440,asian,12
2441,asian,30
2442,asian,11
2443,asian,23
2444,asian,11
2445,asian,26
2446,asian,25
2447,asian,4
2448,asian,26
2449,asian,12
2450,asian,24
2451,asian,14
2452,asian,16
2453,asian,30
2454,asian,29
2455,asian,7
2456,asian,25
2457,asian,23
2458,asian,7
2459,asian,30
2460,asian,1
2461,asian,11
2462,asian,14
2463,asian,29
2464,asian,14
2465,asian,24
2466,asian,9
2467,asian,30
2468,asian,9
2469,asian,7
2470,asian,21
2471,asian,12
2472,asian,8
2473,asian,5
2474,asian,9
2475,asian,27
2476,asian,22
2477,asian,4
2478,asian,27
2479,asian,29
2480,asian,23
2481,asian,12
2482,asian,23
2483,asian,9
2484,asian,11
2485,asian,1
2486,asian,23
2487,asian,30
2488,asian,16
2489,asian,1
2490,asian,25
2491,asian,9
2492,asian,14
2493,asian,8
2494,asian,5
2495,asian,12
2496,asian,16
2497,asian,22
2498,asian,29
2499,asian,9
2500,asian,22
2501,asian,3
2502,asian,6
2503,asian,21
2504,asian,21
2505,asian,27
2506,asian,6
2507,asian,25
2508,asian,4
2509,asian,7
2510,asian,5
2511,asian,26
2512,asian,8
2513,asian,27
2514,asian,22
2515,asian,28
2516,asian,12
2517,asian,16
2518,asian,27
2519,asian,28
2520,asian,12
2521,asian,4
2522,asian,26
2523,asian,1
2524,asian,25
2525,asian,30
2526,asian,13
2527,asian,5
2528,asian,6
2529,asian,24
2530,asian,18
2531,asian,11
2532,asian,29
2533,asian,27
2534,asian,1
2535,asian,6
2536,asian,21
2537,asian,4
2538,asian,26
2539,asian,28
2540,asian,16
2541,asian,8
2542,asian,30
2543,asian,13
2544,asian,1
2545,asian,1
2546,asian,12
2547,asian,26
2548,asian,13
2549,asian,24
2550,asian,4
2551,asian,30
2552,asian,1
2553,asian,13
2554,asian,23
2555,asian,26
2556,asian,6
2557,asian,24
2558,asian,5
2559,asian,13
2560,asian,26
2561,asian,13
2562,asian,24
2563,asian,18
2564,asian,22
2565,asian,27
2566,asian,7
2567,asian,21
2568,asian,11
2569,asian,16
2570,asian,23
2571,asian,27
2572,asian,22
2573,asian,1
2574,asian,7
2575,asian,29
2576,asian,3
2577,asian,30
2578,asian,29
2579,asian,26
2580,asian,12
2581,asian,14
2582,asian,27
2583,asian,27
2584,asian,24
2585,asian,21
2586,asian,8
2587,asian,23
2588,asian,14
2589,asian,9
2590,asian,8
2591,asian,30
2592,asian,14
2593,asian,22
2594,asian,9
2595,asian,16
2596,asian,25
2597,asian,3
2598,asian,24
2599,asian,6
2600,asian,22
2601,asian,18
2602,asian,28
2603,asian,25
2604,asian,6
2605,asian,8
2606,asian,4
2607,asian,30
2608,asian,28
2609,asian,6
2610,asian,27
2611,asian,3
2612,asian,4
2613,asian,3
2614,asian,11
2615,asian,27
2616,asian,22
2617,asian,16
2618,asian,21
2619,asian,25
2620,asian,12
2621,asian,25
2622,asian,4
2623,asian,23
2624,asian,5
2625,asian,5
2626,asian,28
2627,asian,6
2628,asian,26
2629,asian,22
2630,asian,7
2631,asian,5
2632,asian,22
2633,asian,27
2634,asian,4
2635,asian,1
2636,asian,26
2637,asian,25
2638,asian,30
2639,asian,18
2640,asian,28
2641,asian,5
2642,asian,23
2643,asian,26
2644,asian,27
2645,asian,7
2646,asian,26
2647,asian,6
2648,asian,27
2649,asian,8
2650,asian,6
2651,asian,4
2652,asian,5
2653,asian,30
2654,asian,22
2655,asian,8
2656,asian,9
2657,asian,20
2658,asian,6
2659,asian,20
2660,asian,6
2661,asian,17
2662,asian,30
2663,asian,17
2664,asian,6
2665,asian,6
2666,asian,6
2667,asian,19
2668,asian,19
2669,asian,19
2670,asian,19
2671,asian,30
2672,asian,20
2673,asian,30
2674,asian,19
2675,asian,17
2676,asian,19
2677,asian,17
2678,asian,20
2679,asian,30
2680,asian,10
2681,asian,10
2682,asian,20
2683,asian,19
2684,asian,6
2685,asian,30
2686,asian,10
2687,asian,17
2688,asian,19
2689,asian,17
2690,asian,19
2691,asian,17
2692,asian,10
2693,asian,10
2694,asian,30
2695,asian,20
2696,asian,17
2697,asian,17
2698,asian,10
2699,asian,10
2700,asian,10
2701,asian,6
2702,asian,10
2703,asian,10
2704,asian,20
2705,asian,10
2706,asian,30
2707,asian,20
2708,asian,30
2709,asian,17
2710,asian,30
2711,asian,20
2712,asian,30
2713,asian,19
2714,asian,6
2715,asian,6
2716,asian,20
2717,asian,17
2718,asian,6
2719,asian,20
2720,asian,19
2721,asian,19
2722,asian,6
2723,asian,30
2724,asian,30
2725,asian,20
2726,asian,17
2727,asian,10
2728,asian,6
2729,asian,30
2730,asian,20
2731,asian,20
2732,asian,10
2733,asian,6
2734,asian,13
2735,asian,8
2736,asian,24
2737,asian,4
2738,asian,9
2739,asian,19
2740,asian,10
2741,asian,27
2742,asian,15
2743,asian,2
2744,asian,26
2745,asian,4
2746,asian,27
2747,asian,14
2748,asian,29
2749,asian,22
2750,asian,16
2751,asian,21
2752,asian,12
2753,asian,25
2754,asian,21
2755,asian,13
2756,asian,24
2757,asian,9
2758,asian,11
2759,asian,11
2760,asian,13
2761,asian,4
2762,asian,25
2763,asian,3
2764,asian,13
2765,asian,1
2766,asian,7
2767,asian,27
2768,asian,12
2769,asian,26
2770,asian,28
2771,asian,17
2772,asian,29
2773,asian,1
2774,asian,8
2775,asian,10
2776,asian,3
2777,asian,19
2778,asian,21
2779,asian,26
2780,asian,7
2781,asian,16
2782,asian,15
2783,asian,14
2784,asian,9
2785,asian,22
2786,asian,28
2787,asian,21
2788,asian,10
2789,asian,13
2790,asian,23
2791,asian,15
2792,asian,22
2793,asian,2
2794,asian,16
2795,asian,21
2796,asian,11
2797,asian,25
2798,asian,21
2799,asian,23
2800,asian,8
2801,asian,15
2802,asian,16
2803,asian,17
2804,asian,19
2805,asian,23
2806,asian,10
2807,asian,4
2808,asian,24
2809,asian,16
2810,asian,11
2811,asian,8
2812,asian,26
2813,asian,29
2814,asian,19
2815,asian,26
2816,asian,10
2817,asian,18
2818,asian,2
2819,asian,11
2820,asian,28
2821,asian,2
2822,asian,10
2823,asian,24
2824,asian,25
2825,asian,7
2826,asian,1
2827,asian,29
2828,asian,19
2829,asian,22
2830,asian,27
2831,asian,29
2832,asian,18
2833,asian,23
2834,asian,19
2835,asian,2
2836,asian,16
2837,asian,11
2838,asian,16
2839,asian,15
2840,asian,1
2841,asian,28
2842,asian,27
2843,asian,25
2844,asian,27
2845,asian,13
2846,asian,15
2847,asian,29
2848,asian,27
2849,asian,17
2850,asian,4
2851,asian,18
2852,asian,18
2853,asian,23
2854,asian,9
2855,asian,29
2856,asian,23
2857,asian,7
2858,asian,10
2859,asian,3
2860,asian,18
2861,asian,8
2862,asian,7
2863,asian,2
2864,asian,29
2865,asian,15
2866,asian,12
2867,asian,17
2868,asian,26
2869,asian,18
2870,asian,11
2871,asian,21
2872,asian,12
2873,asian,8
2874,asian,1
2875,asian,19
2876,asian,1
2877,asian,22
2878,asian,15
2879,asian,28
2880,asian,27
2881,asian,8
2882,asian,9
2883,asian,7
2884,asian,17
2885,asian,14
2886,asian,7
2887,asian,4
2888,asian,28
2889,asian,28
2890,asian,2
2891,asian,18
2892,asian,17
2893,asian,24
2894,asian,13
2895,asian,9
2896,asian,14
2897,asian,7
2898,asian,23
2899,asian,21
2900,asian,24
2901,asian,7
2902,asian,18
2903,asian,7
2904,asian,17
2905,asian,16
2906,asian,3
2907,asian,15
2908,asian,28
2909,asian,3
2910,asian,17
2911,asian,3
2912,asian,8
2913,asian,3
2914,asian,24
2915,asian,10
2916,asian,4
2917,asian,21
2918,asian,12
2919,asian,15
2920,asian,23
2921,asian,18
2922,asian,19
2923,asian,23
2924,asian,7
2925,asian,23
2926,asian,7
2927,asian,28
2928,asian,26
2929,asian,25
2930,asian,21
2931,asian,8
2932,asian,1
2933,asian,18
2934,asian,17
2935,asian,29
2936,asian,19
2937,asian,11
2938,asian,12
2939,asian,1
2940,asian,14
2941,asian,25
2942,asian,26
2943,asian,21
2944,asian,3
2945,asian,16
2946,asian,14
2947,asian,19
2948,asian,19
2949,asian,29
2950,asian,10
2951,asian,14
2952,asian,23
2953,asian,24
2954,asian,22
2955,asian,29
2956,asian,23
2957,asian,18
2958,asian,18
2959,asian,9
2960,asian,3
2961,asian,19
2962,asian,17
2963,asian,12
2964,asian,15
2965,asian,14
2966,asian,3
2967,asian,18
2968,asian,28
2969,asian,3
2970,asian,16
2971,asian,4
2972,asian,7
2973,asian,22
2974,asian,17
2975,asian,8
2976,asian,15
2977,asian,4
2978,asian,10
2979,asian,12
2980,asian,29
2981,asian,13
2982,asian,9
2983,asian,27
2984,asian,13
2985,asian,28
2986,asian,25
2987,asian,22
2988,asian,7
2989,asian,11
2990,asian,24
2991,asian,4
2992,asian,4
2993,asian,3
2994,asian,17
2995,asian,26
2996,asian,2
2997,asian,14
2998,asian,4
2999,asian,9
3000,asian,12
3001,asian,23
3002,asian,4
3003,asian,24
3004,asian,9
3005,asian,12
3006,asian,19
3007,asian,9
3008,asian,28
3009,asian,12
3010,asian,9
3011,asian,21
3012,asian,27
3013,asian,10
3014,asian,1
3015,asian,27
3016,asian,3
3017,asian,25
3018,asian,29
3019,asian,14
3020,asian,18
3021,asian,22
3022,asian,16
3023,asian,17
3024,asian,24
3025,asian,4
3026,asian,2
3027,asian,21
3028,asian,27
3029,asian,14
3030,asian,2
3031,asian,22
3032,asian,20
3033,asian,7
3034,asian,5
3035,asian,6
3036,asian,7
3037,asian,6
3038,asian,5
3039,asian,30
3040,asian,6
3041,asian,2
3042,asian,20
3043,asian,30
3044,asian,11
3045,asian,11
3046,asian,2
3047,asian,5
3048,asian,11
3049,asian,11
3050,asian,22
3051,asian,20
3052,asian,11
3053,asian,7
3054,asian,5
3055,asian,2
3056,asian,30
3057,asian,20
3058,asian,30
3059,asian,6
3060,asian,22
3061,asian,11
3062,asian,7
3063,asian,11
3064,asian,22
3065,asian,6
3066,asian,11
3067,asian,30
3068,asian,30
3069,asian,5
3070,asian,6
3071,asian,7
3072,asian,11
3073,asian,30
3074,asian,5
3075,asian,2
3076,asian,2
3077,asian,22
3078,asian,20
3079,asian,6
3080,asian,20
3081,asian,30
3082,asian,2
3083,asian,22
3084,asian,6
3085,asian,22
3086,asian,20
3087,asian,22
3088,asian,2
3089,asian,20
3090,asian,7
3091,asian,5
3092,asian,22
3093,asian,7
3094,asian,5
3095,asian,7
3096,asian,6
3097,asian,20
3098,asian,30
3099,asian,22
3100,asian,5
3101,asian,7
3102,asian,2
3103,asian,20
3104,asian,2
3105,asian,5
3106,asian,6
3107,asian,22
3108,asian,30
3109,asian,11
3110,asian,7
3111,asian,11
3112,asian,26
3113,asian,16
3114,asian,3
3115,asian,1
3116,asian,3
3117,asian,18
3118,asian,9
3119,asian,5
3120,asian,4
3121,asian,5
3122,asian,24
3123,asian,8
3124,asian,25
3125,asian,5
3126,asian,14
3127,asian,25
3128,asian,9
3129,asian,18
3130,asian,9
3131,asian,10
3132,asian,19
3133,asian,15
3134,asian,3
3135,asian,25
3136,asian,16
3137,asian,27
3138,asian,12
3139,asian,9
3140,asian,24
3141,asian,23
3142,asian,26
3143,asian,27
3144,asian,16
3145,asian,19
3146,asian,10
3147,asian,15
3148,asian,21
3149,asian,4
3150,asian,18
3151,asian,19
3152,asian,24
3153,asian,18
3154,asian,8
3155,asian,21
3156,asian,21
3157,asian,26
3158,asian,23
3159,asian,10
3160,asian,24
3161,asian,23
3162,asian,12
3163,asian,19
3164,asian,15
3165,asian,1
3166,asian,19
3167,asian,10
3168,asian,13
3169,asian,28
3170,asian,15
3171,asian,17
3172,asian,15
3173,asian,25
3174,asian,13
3175,asian,14
3176,asian,1
3177,asian,4
3178,asian,16
3179,asian,24
3180,asian,21
3181,asian,27
3182,asian,5
3183,asian,17
3184,asian,19
3185,asian,3
3186,asian,26
3187,asian,13
3188,asian,19
3189,asian,13
3190,asian,18
3191,asian,5
3192,asian,28
3193,asian,19
3194,asian,1
3195,asian,14
3196,asian,19
3197,asian,23
3198,asian,12
3199,asian,12
3200,asian,5
3201,asian,18
3202,asian,1
3203,asian,17
3204,asian,14
3205,asian,26
3206,asian,12
3207,asian,13
3208,asian,21
3209,asian,27
3210,asian,10
3211,asian,21
3212,asian,12
3213,asian,26
3214,asian,8
3215,asian,23
3216,asian,17
3217,asian,10
3218,asian,15
3219,asian,13
3220,asian,16
3221,asian,13
3222,asian,17
3223,asian,8
3224,asian,8
3225,asian,27
3226,asian,8
3227,asian,15
3228,asian,12
3229,asian,10
3230,asian,25
3231,asian,17
3232,asian,25
3233,asian,1
3234,asian,21
3235,asian,15
3236,asian,1
3237,asian,24
3238,asian,4
3239,asian,3
3240,asian,17
3241,asian,14
3242,asian,4
3243,asian,27
3244,asian,18
3245,asian,27
3246,asian,9
3247,asian,28
3248,asian,16
3249,asian,28
3250,asian,5
3251,asian,21
3252,asian,19
3253,asian,8
3254,asian,24
3255,asian,28
3256,asian,21
3257,asian,24
3258,asian,26
3259,asian,28
3260,asian,14
3261,asian,18
3262,asian,5
3263,asian,28
3264,asian,3
3265,asian,23
3266,asian,3
3267,asian,8
3268,asian,17
3269,asian,4
3270,asian,19
3271,asian,19
3272,asian,25
3273,asian,17
3274,asian,23
3275,asian,15
3276,asian,15
3277,asian,16
3278,asian,4
3279,asian,23
3280,asian,9
3281,asian,14
3282,asian,12
3283,asian,28
3284,asian,14
3285,asian,5
3286,asian,28
3287,asian,25
3288,asian,4
3289,asian,23
3290,asian,28
3291,asian,5
3292,asian,18
3293,asian,21
3294,asian,4
3295,asian,16
3296,asian,15
3297,asian,25
3298,asian,26
3299,asian,17
3300,asian,1
3301,asian,24
3302,asian,9
3303,asian,10
3304,asian,13
3305,asian,17
3306,asian,18
3307,asian,14
3308,asian,14
3309,asian,10
3310,asian,3
3311,asian,16
3312,asian,8
3313,asian,4
3314,asian,9
3315,asian,5
3316,asian,24
3317,asian,10
3318,asian,28
3319,asian,23
3320,asian,5
3321,asian,14
3322,asian,25
3323,asian,21
3324,asian,3
3325,asian,3
3326,asian,15
3327,asian,27
3328,asian,28
3329,asian,28
3330,asian,14
3331,asian,12
3332,asian,15
3333,asian,1
3334,asian,18
3335,asian,23
3336,asian,27
3337,asian,28
3338,asian,22
3339,asian,25
3340,asian,6
3341,asian,15
3342,asian,22
3343,asian,18
3344,asian,30
3345,asian,2
3346,asian,18
3347,asian,25
3348,asian,30
3349,asian,7
3350,asian,7
3351,asian,30
3352,asian,7
3353,asian,7
3354,asian,18
3355,asian,2
3356,asian,27
3357,asian,2
3358,asian,6
3359,asian,29
3360,asian,6
3361,asian,15
3362,asian,6
3363,asian,22
3364,asian,29
3365,asian,27
3366,asian,18
3367,asian,2
3368,asian,29
3369,asian,22
3370,asian,29
3371,asian,18
3372,asian,7
3373,asian,6
3374,asian,18
3375,asian,22
3376,asian,15
3377,asian,25
3378,asian,6
3379,asian,2
3380,asian,29
3381,asian,29
3382,asian,6
3383,asian,15
3384,asian,15
3385,asian,25
3386,asian,22
3387,asian,2
3388,asian,7
3389,asian,25
3390,asian,27
3391,asian,25
3392,asian,30
3393,asian,15
3394,asian,29
3395,asian,27
3396,asian,18
3397,asian,25
3398,asian,25
3399,asian,15
3400,asian,2
3401,asian,27
3402,asian,15
3403,asian,27
3404,asian,29
3405,asian,6
3406,asian,30
3407,asian,2
3408,asian,29
3409,asian,22
3410,asian,27
3411,asian,2
3412,asian,27
3413,asian,27
3414,asian,6
3415,asian,25
3416,asian,18
3417,asian,30
3418,asian,2
3419,asian,22
3420,asian,18
3421,asian,27
3422,asian,7
3423,asian,7
3424,asian,25
3425,asian,30
3426,asian,7
3427,asian,15
3428,asian,22
3429,asian,22
3430,asian,30
3431,asian,27
3432,asian,27
3433,asian,25
3434,asian,27
3435,asian,30
3436,asian,30
3437,asian,30
3438,asian,15
3439,asian,30
3440,asian,15
3441,asian,7
3442,asian,2
3443,asian,30
3444,asian,22
3445,asian,25
3446,asian,7
3447,asian,6
3448,asian,8
3449,asian,24
3450,asian,26
3451,asian,20
3452,asian,11
3453,asian,12
3454,asian,17
3455,asian,14
3456,asian,3
3457,asian,11
3458,asian,1
3459,asian,4
3460,asian,10
3461,asian,5
3462,asian,21
3463,asian,19
3464,asian,8
3465,asian,1
3466,asian,1
3467,asian,4
3468,asian,20
3469,asian,14
3470,asian,19
3471,asian,1
3472,asian,4
3473,asian,20
3474,asian,3
3475,asian,12
3476,asian,26
3477,asian,24
3478,asian,17
3479,asian,24
3480,asian,13
3481,asian,13
3482,asian,13
3483,asian,17
3484,asian,3
3485,asian,11
3486,asian,19
3487,asian,13
3488,asian,12
3489,asian,24
3490,asian,8
3491,asian,21
3492,asian,26
3493,asian,4
3494,asian,5
3495,asian,13
3496,asian,21
3497,asian,17
3498,asian,21
3499,asian,17
3500,asian,10
3501,asian,4
3502,asian,8
3503,asian,5
3504,asian,21
3505,asian,17
3506,asian,14
3507,asian,5
3508,asian,26
3509,asian,10
3510,asian,24
3511,asian,13
3512,asian,1
3513,asian,12
3514,asian,26
3515,asian,26
3516,asian,8
3517,asian,11
3518,asian,19
3519,asian,19
3520,asian,20
3521,asian,17
3522,asian,4
3523,asian,20
3524,asian,3
3525,asian,5
3526,asian,26
3527,asian,13
3528,asian,21
3529,asian,20
3530,asian,12
3531,asian,26
3532,asian,5
3533,asian,10
3534,asian,11
3535,asian,1
3536,asian,20
3537,asian,19
3538,asian,14
3539,asian,12
3540,asian,20
3541,asian,21
3542,asian,13
3543,asian,5
3544,asian,10
3545,asian,3
3546,asian,24
3547,asian,11
3548,asian,12
3549,asian,8
3550,asian,11
3551,asian,24
3552,asian,21
3553,asian,19
3554,asian,5
3555,asian,10
3556,asian,3
3557,asian,4
3558,asian,12
3559,asian,8
3560,asian,10
3561,asian,17
3562,asian,11
3563,asian,17
3564,asian,5
3565,asian,13
3566,asian,1
3567,asian,12
3568,asian,24
3569,asian,12
3570,asian,3
3571,asian,11
3572,asian,26
3573,asian,26
3574,asian,20
3575,asian,1
3576,asian,20
3577,asian,1
3578,asian,5
3579,asian,14
3580,asian,17
3581,asian,8
3582,asian,4
3583,asian,10
3584,asian,14
3585,asian,12
3586,asian,5
3587,asian,8
3588,asian,8
3589,asian,12
3590,asian,12
3591,asian,19
3592,asian,19
3593,asian,3
3594,asian,3
3595,asian,3
3596,asian,14
3597,asian,10
3598,asian,14
3599,asian,5
3600,asian,8
3601,asian,26
3602,asian,24
3603,asian,12
3604,asian,24
3605,asian,21
3606,asian,5
3607,asian,24
3608,asian,10
3609,asian,11
3610,asian,10
3611,asian,14
3612,asian,5
3613,asian,3
3614,asian,14
3615,asian,14
3616,asian,5
3617,asian,4
3618,asian,14
3619,asian,8
3620,asian,15
3621,asian,2
3622,asian,30
3623,asian,6
3624,asian,29
3625,asian,28
3626,asian,24
3627,asian,3
3628,asian,8
3629,asian,7
3630,asian,25
3631,asian,2
3632,asian,4
3633,asian,10
3634,asian,17
3635,asian,29
3636,asian,28
3637,asian,10
3638,asian,9
3639,asian,22
3640,asian,23
3641,asian,17
3642,asian,2
3643,asian,4
3644,asian,14
3645,asian,24
3646,asian,27
3647,asian,3
3648,asian,3
3649,asian,2
3650,asian,1
3651,asian,3
3652,asian,28
3653,asian,23
3654,asian,22
3655,asian,6
3656,asian,30
3657,asian,7
3658,asian,6
3659,asian,28
3660,asian,27
3661,asian,15
3662,asian,19
3663,asian,30
3664,asian,7
3665,asian,19
3666,asian,17
3667,asian,23
3668,asian,9
3669,asian,7
3670,asian,24
3671,asian,14
3672,asian,18
3673,asian,6
3674,asian,22
3675,asian,1
3676,asian,25
3677,asian,1
3678,asian,4
3679,asian,3
3680,asian,30
3681,asian,24
3682,asian,27
3683,asian,1
3684,asian,24
3685,asian,8
3686,asian,15
3687,asian,9
3688,asian,22
3689,asian,19
3690,asian,23
3691,asian,19
3692,asian,7
3693,asian,15
3694,asian,23
3695,asian,9
3696,asian,8
3697,asian,10
3698,asian,22
3699,asian,19
3700,asian,28
3701,asian,15
3702,asian,25
3703,asian,29
3704,asian,23
3705,asian,1
3706,asian,17
3707,asian,2
3708,asian,4
3709,asian,22
3710,asian,27
3711,asian,18
3712,asian,24
3713,asian,2
3714,asian,15
3715,asian,6
3716,asian,23
3717,asian,22
3718,asian,25
3719,asian,15
3720,asian,10
3721,asian,10
3722,asian,10
3723,asian,15
3724,asian,6
3725,asian,29
3726,asian,30
3727,asian,15
3728,asian,10
3729,asian,1
3730,asian,9
3731,asian,4
3732,asian,27
3733,asian,18
3734,asian,18
3735,asian,29
3736,asian,2
3737,asian,29
3738,asian,29
3739,asian,14
3740,asian,17
3741,asian,18
3742,asian,14
3743,asian,25
3744,asian,10
3745,asian,15
3746,asian,25
3747,asian,17
3748,asian,30
3749,asian,1
3750,asian,19
3751,asian,4
3752,asian,14
3753,asian,25
3754,asian,7
3755,asian,18
3756,asian,1
3757,asian,24
3758,asian,9
3759,asian,8
3760,asian,24
3761,asian,9
3762,asian,28
3763,asian,25
3764,asian,30
3765,asian,3
3766,asian,24
3767,asian,7
3768,asian,4
3769,asian,27
3770,asian,4
3771,asian,4
3772,asian,14
3773,asian,23
3774,asian,27
3775,asian,25
3776,asian,3
3777,asian,14
3778,asian,24
3779,asian,18
3780,asian,23
3781,asian,24
3782,asian,18
3783,asian,17
3784,asian,3
3785,asian,27
3786,asian,8
3787,asian,27
3788,asian,22
3789,asian,3
3790,asian,2
3791,asian,28
3792,asian,17
3793,asian,4
3794,asian,14
3795,asian,1
3796,asian,6
3797,asian,29
3798,asian,2
3799,asian,8
3800,asian,24
3801,asian,27
3802,asian,28
3803,asian,22
3804,asian,30
3805,asian,14
3806,asian,27
3807,asian,23
3808,asian,1
3809,asian,9
3810,asian,18
3811,asian,25
3812,asian,25
3813,asian,9
3814,asian,2
3815,asian,7
3816,asian,6
3817,asian,19
3818,asian,30
3819,asian,29
3820,asian,2
3821,asian,9
3822,asian,29
3823,asian,24
3824,asian,29
3825,asian,14
3826,asian,6
3827,asian,8
3828,asian,17
3829,asian,7
3830,asian,19
3831,asian,17
3832,asian,10
3833,asian,25
3834,asian,17
3835,asian,19
3836,asian,27
3837,asian,29
3838,asian,7
3839,asian,18
3840,asian,3
3841,asian,25
3842,asian,7
3843,asian,28
3844,asian,20
3845,asian,26
3846,asian,20
3847,asian,26
3848,asian,20
3849,asian,26
3850,asian,26
3851,asian,26
3852,asian,20
3853,asian,26
3854,asian,20
3855,asian,26
3856,asian,20
3857,asian,20
3858,asian,20
3859,asian,26
3860,asian,20
3861,asian,26
3862,asian,20
3863,asian,26
3864,asian,17
3865,asian,30
3866,asian,3
3867,asian,9
3868,asian,6
3869,asian,15
3870,asian,2
3871,asian,4
3872,asian,8
3873,asian,22
3874,asian,6
3875,asian,21
3876,asian,22
3877,asian,25
3878,asian,6
3879,asian,14
3880,asian,23
3881,asian,16
3882,asian,6
3883,asian,17
3884,asian,11
3885,asian,7
3886,asian,7
3887,asian,7
3888,asian,2
3889,asian,15
3890,asian,9
3891,asian,23
3892,asian,8
3893,asian,24
3894,asian,29
3895,asian,2
3896,asian,22
3897,asian,25
3898,asian,30
3899,asian,13
3900,asian,3
3901,asian,13
3902,asian,11
3903,asian,25
3904,asian,2
3905,asian,29
3906,asian,29
3907,asian,30
3908,asian,23
3909,asian,21
3910,asian,16
3911,asian,28
3912,asian,22
3913,asian,3
3914,asian,25
3915,asian,15
3916,asian,24
3917,asian,5
3918,asian,9
3919,asian,15
3920,asian,28
3921,asian,30
3922,asian,4
3923,asian,29
3924,asian,21
3925,asian,28
3926,asian,25
3927,asian,7
3928,asian,21
3929,asian,17
3930,asian,30
3931,asian,16
3932,asian,9
3933,asian,23
3934,asian,11
3935,asian,27
3936,asian,6
3937,asian,4
3938,asian,9
3939,asian,24
3940,asian,18
3941,asian,15
3942,asian,5
3943,asian,4
3944,asian,5
3945,asian,14
3946,asian,27
3947,asian,24
3948,asian,9
3949,asian,22
3950,asian,3
3951,asian,13
3952,asian,5
3953,asian,15
3954,asian,27
3955,asian,30
3956,asian,25
3957,asian,27
3958,asian,11
3959,asian,7
3960,asian,11
3961,asian,28
3962,asian,13
3963,asian,25
3964,asian,23
3965,asian,14
3966,asian,16
3967,asian,5
3968,asian,22
3969,asian,13
3970,asian,23
3971,asian,13
3972,asian,18
3973,asian,27
3974,asian,24
3975,asian,5
3976,asian,11
3977,asian,13
3978,asian,11
3979,asian,28
3980,asian,28
3981,asian,3
3982,asian,28
3983,asian,8
3984,asian,23
3985,asian,2
3986,asian,28
3987,asian,30
3988,asian,18
3989,asian,15
3990,asian,2
3991,asian,28
3992,asian,18
3993,asian,21
3994,asian,16
3995,asian,5
3996,asian,14
3997,asian,28
3998,asian,18
3999,asian,6
4000,asian,2
4001,asian,7
4002,asian,6
4003,asian,3
4004,asian,17
4005,asian,18
4006,asian,16
4007,asian,9
4008,asian,6
4009,asian,21
4010,asian,29
4011,asian,21
4012,asian,27
4013,asian,8
4014,asian,24
4015,asian,23
4016,asian,22
4017,asian,24
4018,asian,13
4019,asian,16
4020,asian,5
4021,asian,3
4022,asian,4
4023,asian,5
4024,asian,17
4025,asian,29
4026,asian,18
4027,asian,15
4028,asian,9
4029,asian,27
4030,asian,2
4031,asian,8
4032,asian,17
4033,asian,15
4034,asian,7
4035,asian,9
4036,asian,27
4037,asian,17
4038,asian,24
4039,asian,4
4040,asian,16
4041,asian,11
4042,asian,27
4043,asian,4
4044,asian,17
4045,asian,14
4046,asian,18
4047,asian,14
4048,asian,29
4049,asian,21
4050,asian,7
4051,asian,3
4052,asian,7
4053,asian,18
4054,asian,27
4055,asian,14
4056,asian,3
4057,asian,24
4058,asian,8
4059,asian,25
4060,asian,8
4061,asian,16
4062,asian,21
4063,asian,7
4064,asian,18
4065,asian,8
4066,asian,27
4067,asian,13
4068,asian,28
4069,asian,21
4070,asian,14
4071,asian,14
4072,asian,14
4073,asian,22
4074,asian,21
4075,asian,11
4076,asian,8
4077,asian,3
4078,asian,8
4079,asian,15
4080,asian,13
4081,asian,22
4082,asian,29
4083,asian,4
4084,asian,4
4085,asian,7
4086,asian,24
4087,asian,17
4088,asian,27
4089,asian,13
4090,asian,14
4091,asian,23
4092,asian,14
4093,asian,4
4094,asian,24
4095,asian,4
4096,asian,30
4097,asian,25
4098,asian,7
4099,asian,25
4100,asian,22
4101,asian,7
4102,asian,27
4103,asian,6
4104,asian,6
4105,asian,28
4106,asian,22
4107,asian,4
4108,asian,23
4109,asian,22
4110,asian,29
4111,asian,9
4112,asian,18
4113,asian,21
4114,asian,8
4115,asian,29
4116,asian,24
4117,asian,14
4118,asian,23
4119,asian,2
4120,asian,22
4121,asian,18
4122,asian,4
4123,asian,30
4124,asian,20
4125,asian,1
4126,asian,29
4127,asian,29
4128,asian,30
4129,asian,12
4130,asian,23
4131,asian,5
4132,asian,25
4133,asian,1
4134,asian,12
4135,asian,30
4136,asian,5
4137,asian,10
4138,asian,10
4139,asian,10
4140,asian,12
4141,asian,10
4142,asian,25
4143,asian,25
4144,asian,5
4145,asian,26
4146,asian,1
4147,asian,26
4148,asian,5
4149,asian,20
4150,asian,1
4151,asian,29
4152,asian,25
4153,asian,5
4154,asian,25
4155,asian,20
4156,asian,26
4157,asian,29
4158,asian,23
4159,asian,25
4160,asian,12
4161,asian,30
4162,asian,20
4163,asian,26
4164,asian,1
4165,asian,23
4166,asian,12
4167,asian,23
4168,asian,26
4169,asian,23
4170,asian,5
4171,asian,12
4172,asian,12
4173,asian,23
4174,asian,30
4175,asian,25
4176,asian,26
4177,asian,30
4178,asian,10
4179,asian,29
4180,asian,5
4181,asian,20
4182,asian,23
4183,asian,10
4184,asian,20
4185,asian,30
4186,asian,1
4187,asian,20
4188,asian,29
4189,asian,23
4190,asian,30
4191,asian,30
4192,asian,25
4193,asian,10
4194,asian,10
4195,asian,26
4196,asian,1
4197,asian,20
4198,asian,30
4199,asian,30
4200,asian,26
4201,asian,5
4202,asian,10
4203,asian,1
4204,asian,30
4205,asian,29
4206,asian,1
4207,asian,20
4208,asian,10
4209,asian,20
4210,asian,1
4211,asian,12
4212,asian,26
4213,asian,26
4214,asian,30
4215,asian,5
4216,asian,29
4217,asian,12
4218,asian,30
4219,asian,25
4220,asian,26
4221,asian,30
4222,asian,29
4223,asian,26
4224,asian,30
4225,asian,25
4226,asian,25
4227,asian,20
4228,asian,26
4229,asian,17
4230,asian,18
4231,asian,24
4232,asian,6
4233,asian,13
4234,asian,2
4235,asian,15
4236,asian,20
4237,asian,6
4238,asian,26
4239,asian,12
4240,asian,12
4241,asian,15
4242,asian,13
4243,asian,11
4244,asian,9
4245,asian,15
4246,asian,7
4247,asian,24
4248,asian,12
4249,asian,19
4250,asian,3
4251,asian,2
4252,asian,13
4253,asian,19
4254,asian,13
4255,asian,9
4256,asian,17
4257,asian,6
4258,asian,7
4259,asian,12
4260,asian,2
4261,asian,16
4262,asian,18
4263,asian,6
4264,asian,9
4265,asian,28
4266,asian,20
4267,asian,11
4268,asian,11
4269,asian,7
4270,asian,2
4271,asian,26
4272,asian,7
4273,asian,8
4274,asian,11
4275,asian,27
4276,asian,22
4277,asian,8
4278,asian,20
4279,asian,22
4280,asian,20
4281,asian,3
4282,asian,17
4283,asian,22
4284,asian,8
4285,asian,26
4286,asian,3
4287,asian,28
4288,asian,6
4289,asian,19
4290,asian,15
4291,asian,3
4292,asian,24
4293,asian,16
4294,asian,9
4295,asian,20
4296,asian,28
4297,asian,24
4298,asian,22
4299,asian,8
4300,asian,24
4301,asian,6
4302,asian,8
4303,asian,15
4304,asian,18
4305,asian,16
4306,asian,11
4307,asian,22
4308,asian,19
4309,asian,27
4310,asian,27
4311,asian,28
4312,asian,2
4313,asian,7
4314,asian,16
4315,asian,13
4316,asian,2
4317,asian,6
4318,asian,16
4319,asian,18
4320,asian,24
4321,asian,15
4322,asian,18
4323,asian,19
4324,asian,28
4325,asian,16
4326,asian,12
4327,asian,19
4328,asian,20
4329,asian,18
4330,asian,16
4331,asian,3
4332,asian,16
4333,asian,17
4334,asian,16
4335,asian,18
4336,asian,7
4337,asian,28
4338,asian,7
4339,asian,16
4340,asian,22
4341,asian,11
4342,asian,27
4343,asian,20
4344,asian,27
4345,asian,8
4346,asian,24
4347,asian,18
4348,asian,17
4349,asian,20
4350,asian,13
4351,asian,6
4352,asian,17
4353,asian,24
4354,asian,19
4355,asian,9
4356,asian,27
4357,asian,9
4358,asian,22
4359,asian,15
4360,asian,27
4361,asian,20
4362,asian,27
4363,asian,22
4364,asian,12
4365,asian,3
4366,asian,11
4367,asian,26
4368,asian,6
4369,asian,9
4370,asian,7
4371,asian,27
4372,asian,26
4373,asian,17
4374,asian,13
4375,asian,27
4376,asian,17
4377,asian,6
4378,asian,3
4379,asian,26
4380,asian,11
4381,asian,17
4382,asian,12
4383,asian,19
4384,asian,15
4385,asian,27
4386,asian,3
4387,asian,2
4388,asian,3
4389,asian,28
4390,asian,27
4391,asian,11
4392,asian,8
4393,asian,8
4394,asian,28
4395,asian,12
4396,asian,19
4397,asian,15
4398,asian,7
4399,asian,22
4400,asian,26
4401,asian,11
4402,asian,12
4403,asian,18
4404,asian,3
4405,asian,8
4406,asian,26
4407,asian,7
4408,asian,9
4409,asian,6
4410,asian,16
4411,asian,24
4412,asian,18
4413,asian,8
4414,asian,26
4415,asian,16
4416,asian,12
4417,asian,6
4418,asian,20
4419,asian,28
4420,asian,16
4421,asian,8
4422,asian,28
4423,asian,16
4424,asian,3
4425,asian,8
4426,asian,13
4427,asian,7
4428,asian,12
4429,asian,3
4430,asian,6
4431,asian,8
4432,asian,15
4433,asian,28
4434,asian,2
4435,asian,13
4436,asian,27
4437,asian,3
4438,asian,28
4439,asian,12
4440,asian,28
4441,asian,6
4442,asian,7
4443,asian,19
4444,asian,18
4445,asian,27
4446,asian,24
4447,asian,8
4448,asian,17
4449,asian,15
4450,asian,9
4451,asian,4
4452,asian,27
4453,asian,9
4454,asian,8
4455,asian,11
4456,asian,15
4457,asian,9
4458,asian,24
4459,asian,15
4460,asian,5
4461,asian,6
4462,asian,24
4463,asian,8
4464,asian,6
4465,asian,8
4466,asian,5
4467,asian,10
4468,asian,22
4469,asian,3
4470,asian,11
4471,asian,5
4472,asian,25
4473,asian,24
4474,asian,22
4475,asian,15
4476,asian,10
4477,asian,21
4478,asian,15
4479,asian,14
4480,asian,3
4481,asian,6
4482,asian,13
4483,asian,13
4484,asian,5
4485,asian,5
4486,asian,14
4487,asian,25
4488,asian,21
4489,asian,25
4490,asian,25
4491,asian,27
4492,asian,21
4493,asian,11
4494,asian,10
4495,asian,15
4496,asian,14
4497,asian,4
4498,asian,9
4499,asian,4
4500,asian,21
4501,asian,25
4502,asian,8
4503,asian,22
4504,asian,14
4505,asian,21
4506,asian,25
4507,asian,27
4508,asian,13
4509,asian,15
4510,asian,13
4511,asian,11
4512,asian,10
4513,asian,14
4514,asian,3
4515,asian,10
4516,asian,5
4517,asian,24
4518,asian,8
4519,asian,22
4520,asian,3
4521,asian,9
4522,asian,27
4523,asian,22
4524,asian,22
4525,asian,27
4526,asian,15
4527,asian,24
4528,asian,6
4529,asian,15
4530,asian,6
4531,asian,4
4532,asian,3
4533,asian,14
4534,asian,9
4535,asian,9
4536,asian,27
4537,asian,13
4538,asian,6
4539,asian,9
4540,asian,21
4541,asian,3
4542,asian,4
4543,asian,24
4544,asian,14
4545,asian,21
4546,asian,25
4547,asian,24
4548,asian,4
4549,asian,9
4550,asian,9
4551,asian,3
4552,asian,10
4553,asian,11
4554,asian,24
4555,asian,3
4556,asian,21
4557,asian,25
4558,asian,13
4559,asian,4
4560,asian,8
4561,asian,6
4562,asian,22
4563,asian,8
4564,asian,8
4565,asian,11
4566,asian,4
4567,asian,5
4568,asian,4
4569,asian,25
4570,asian,27
4571,asian,11
4572,asian,10
4573,asian,3
4574,asian,6
4575,asian,6
4576,asian,15
4577,asian,8
4578,asian,13
4579,asian,14
4580,asian,13
4581,asian,4
4582,asian,21
4583,asian,13
4584,asian,21
4585,asian,22
4586,asian,5
4587,asian,3
4588,asian,3
4589,asian,11
4590,asian,10
4591,asian,15
4592,asian,10
4593,asian,22
4594,asian,22
4595,asian,11
4596,asian,11
4597,asian,22
4598,asian,5
4599,asian,13
4600,asian,24
4601,asian,15
4602,asian,3
4603,asian,13
4604,asian,3
4605,asian,10
4606,asian,15
4607,asian,4
4608,asian,24
4609,asian,14
4610,asian,25
4611,asian,4
4612,asian,5
4613,asian,27
4614,asian,8
4615,asian,27
4616,asian,14
4617,asian,13
4618,asian,9
4619,asian,11
4620,asian,6
4621,asian,10
4622,asian,20
4623,asian,20
4624,asian,7
4625,asian,30
4626,asian,12
4627,asian,2
4628,asian,30
4629,asian,1
4630,asian,29
4631,asian,28
4632,asian,23
4633,asian,1
4634,asian,16
4635,asian,20
4636,asian,28
4637,asian,7
4638,asian,7
4639,asian,18
4640,asian,18
4641,asian,2
4642,asian,29
4643,asian,12
4644,asian,28
4645,asian,16
4646,asian,29
4647,asian,30
4648,asian,2
4649,asian,28
4650,asian,12
4651,asian,1
4652,asian,1
4653,asian,23
4654,asian,18
4655,asian,18
4656,asian,23
4657,asian,29
4658,asian,23
4659,asian,18
4660,asian,12
4661,asian,26
4662,asian,29
4663,asian,2
4664,asian,29
4665,asian,7
4666,asian,23
4667,asian,26
4668,asian,1
4669,asian,7
4670,asian,12
4671,asian,2
4672,asian,1
4673,asian,20
4674,asian,23
4675,asian,16
4676,asian,16
4677,asian,7
4678,asian,28
4679,asian,16
4680,asian,12
4681,asian,29
4682,asian,18
4683,asian,26
4684,asian,20
4685,asian,26
4686,asian,12
4687,asian,26
4688,asian,20
4689,asian,1
4690,asian,30
4691,asian,26
4692,asian,29
4693,asian,2
4694,asian,16
4695,asian,30
4696,asian,29
4697,asian,29
4698,asian,28
4699,asian,26
4700,asian,26
4701,asian,12
4702,asian,2
4703,asian,23
4704,asian,28
4705,asian,28
4706,asian,28
4707,asian,16
4708,asian,23
4709,asian,30
4710,asian,29
4711,asian,7
4712,asian,16
4713,asian,20
4714,asian,30
4715,asian,12
4716,asian,2
4717,asian,20
4718,asian,30
4719,asian,29
4720,asian,18
4721,asian,7
4722,asian,30
4723,asian,26
4724,asian,23
4725,asian,28
4726,asian,18
4727,asian,23
4728,asian,20
4729,asian,18
4730,asian,30
4731,asian,16
4732,asian,29
4733,asian,1
4734,asian,16
4735,asian,2
4736,asian,18
4737,asian,16
4738,asian,30
4739,asian,2
4740,asian,28
4741,asian,12
4742,asian,26
4743,asian,26
4744,asian,6
4745,asian,24
4746,asian,19
4747,asian,9
4748,asian,11
4749,asian,28
4750,asian,24
4751,asian,7
4752,asian,24
4753,asian,3
4754,asian,19
4755,asian,6
4756,asian,11
4757,asian,27
4758,asian,29
4759,asian,10
4760,asian,9
4761,asian,29
4762,asian,29
4763,asian,4
4764,asian,3
4765,asian,9
4766,asian,6
4767,asian,14
4768,asian,3
4769,asian,4
4770,asian,28
4771,asian,21
4772,asian,10
4773,asian,14
4774,asian,27
4775,asian,4
4776,asian,6
4777,asian,24
4778,asian,19
4779,asian,28
4780,asian,29
4781,asian,19
4782,asian,22
4783,asian,9
4784,asian,10
4785,asian,22
4786,asian,11
4787,asian,27
4788,asian,24
4789,asian,14
4790,asian,4
4791,asian,21
4792,asian,18
4793,asian,29
4794,asian,11
4795,asian,21
4796,asian,3
4797,asian,7
4798,asian,4
4799,asian,28
4800,asian,7
4801,asian,18
4802,asian,7
4803,asian,14
4804,asian,21
4805,asian,11
4806,asian,18
4807,asian,24
4808,asian,14
4809,asian,4
4810,asian,18
4811,asian,22
4812,asian,22
4813,asian,9
4814,asian,29
4815,asian,10
4816,asian,6
4817,asian,28
4818,asian,9
4819,asian,29
4820,asian,21
4821,asian,19
4822,asian,27
4823,asian,29
4824,asian,3
4825,asian,6
4826,asian,14
4827,asian,22
4828,asian,18
4829,asian,18
4830,asian,7
4831,asian,9
4832,asian,11
4833,asian,24
4834,asian,29
4835,asian,7
4836,asian,3
4837,asian,22
4838,asian,14
4839,asian,27
4840,asian,21
4841,asian,28
4842,asian,7
4843,asian,3
4844,asian,11
4845,asian,21
4846,asian,18
4847,asian,10
4848,asian,18
4849,asian,3
4850,asian,10
4851,asian,28
4852,asian,14
4853,asian,4
4854,asian,27
4855,asian,22
4856,asian,27
4857,asian,28
4858,asian,18
4859,asian,21
4860,asian,4
4861,asian,29
4862,asian,10
4863,asian,19
4864,asian,6
4865,asian,7
4866,asian,27
4867,asian,11
4868,asian,4
4869,asian,22
4870,asian,24
4871,asian,11
4872,asian,21
4873,asian,19
4874,asian,10
4875,asian,22
4876,asian,28
4877,asian,3
4878,asian,11
4879,asian,3
4880,asian,19
4881,asian,10
4882,asian,9
4883,asian,3
4884,asian,10
4885,asian,22
4886,asian,11
4887,asian,3
4888,asian,9
4889,asian,27
4890,asian,21
4891,asian,9
4892,asian,14
4893,asian,28
4894,asian,21
4895,asian,11
4896,asian,4
4897,asian,27
4898,asian,22
4899,asian,28
4900,asian,7
4901,asian,9
4902,asian,10
4903,asian,27
4904,asian,19
4905,asian,6
4906,asian,6
4907,asian,10
4908,asian,19
4909,asian,22
4910,asian,14
4911,asian,10
4912,asian,3
4913,asian,6
4914,asian,24
4915,asian,9
4916,asian,14
4917,asian,19
4918,asian,6
4919,asian,28
4920,asian,19
4921,asian,9
4922,asian,22
4923,asian,24
4924,asian,9
4925,asian,11
4926,asian,10
4927,asian,6
4928,asian,27
4929,asian,14
4930,asian,21
4931,asian,23
4932,asian,14
4933,asian,17
4934,asian,8
4935,asian,8
4936,asian,14
4937,asian,20
4938,asian,30
4939,asian,12
4940,asian,5
4941,asian,5
4942,asian,23
4943,asian,30
4944,asian,12
4945,asian,20
4946,asian,5
4947,asian,23
4948,asian,17
4949,asian,12
4950,asian,20
4951,asian,5
4952,asian,20
4953,asian,17
4954,asian,30
4955,asian,17
4956,asian,8
4957,asian,20
4958,asian,12
4959,asian,8
4960,asian,20
4961,asian,14
4962,asian,23
4963,asian,20
4964,asian,30
4965,asian,30
4966,asian,14
4967,asian,12
4968,asian,8
4969,asian,23
4970,asian,8
4971,asian,23
4972,asian,20
4973,asian,12
4974,asian,14
4975,asian,5
4976,asian,30
4977,asian,17
4978,asian,14
4979,asian,12
4980,asian,12
4981,asian,30
4982,asian,17
4983,asian,8
4984,asian,30
4985,asian,23
4986,asian,23
4987,asian,5
4988,asian,14
4989,asian,12
4990,asian,14
4991,asian,17
4992,asian,17
4993,asian,8
4994,asian,20
4995,asian,17
4996,asian,23
4997,asian,8
4998,asian,5
4999,asian,17
5000,asian,23
5001,asian,12
5002,asian,14
5003,asian,20
5004,asian,12
5005,asian,8
5006,asian,30
5007,asian,5
5008,asian,30
5009,asian,9
5010,asian,26
5011,asian,4
5012,asian,2
5013,asian,29
5014,asian,6
5015,asian,6
5016,asian,22
5017,asian,2
5018,asian,11
5019,asian,19
5020,asian,19
5021,asian,9
5022,asian,6
5023,asian,11
5024,asian,21
5025,asian,11
5026,asian,21
5027,asian,15
5028,asian,25
5029,asian,16
5030,asian,16
5031,asian,22
5032,asian,10
5033,asian,15
5034,asian,11
5035,asian,10
5036,asian,16
5037,asian,10
5038,asian,29
5039,asian,21
5040,asian,16
5041,asian,11
5042,asian,1
5043,asian,9
5044,asian,1
5045,asian,9
5046,asian,11
5047,asian,26
5048,asian,26
5049,asian,2
5050,asian,10
5051,asian,19
5052,asian,6
5053,asian,26
5054,asian,25
5055,asian,9
5056,asian,11
5057,asian,4
5058,asian,21
5059,asian,16
5060,asian,15
5061,asian,16
5062,asian,21
5063,asian,27
5064,asian,26
5065,asian,1
5066,asian,15
5067,asian,26
5068,asian,16
5069,asian,25
5070,asian,2
5071,asian,10
5072,asian,9
5073,asian,27
5074,asian,19
5075,asian,29
5076,asian,15
5077,asian,25
5078,asian,1
5079,asian,22
5080,asian,25
5081,asian,15
5082,asian,29
5083,asian,19
5084,asian,4
5085,asian,2
5086,asian,29
5087,asian,2
5088,asian,25
5089,asian,27
5090,asian,27
5091,asian,6
5092,asian,10
5093,asian,29
5094,asian,6
5095,asian,29
5096,asian,19
5097,asian,10
5098,asian,10
5099,asian,4
5100,asian,10
5101,asian,27
5102,asian,25
5103,asian,27
5104,asian,27
5105,asian,22
5106,asian,25
5107,asian,2
5108,asian,2
5109,asian,29
5110,asian,15
5111,asian,19
5112,asian,15
5113,asian,21
5114,asian,21
5115,asian,19
5116,asian,25
5117,asian,6
5118,asian,1
5119,asian,19
5120,asian,11
5121,asian,25
5122,asian,22
5123,asian,21
5124,asian,1
5125,asian,4
5126,asian,2
5127,asian,4
5128,asian,22
5129,asian,1
5130,asian,29
5131,asian,19
5132,asian,9
5133,asian,4
5134,asian,4
5135,asian,16
5136,asian,9
5137,asian,21
5138,asian,27
5139,asian,9
5140,asian,10
5141,asian,26
5142,asian,29
5143,asian,6
5144,asian,26
5145,asian,4
5146,asian,19
5147,asian,27
5148,asian,26
5149,asian,15
5150,asian,22
5151,asian,27
5152,asian,4
5153,asian,19
5154,asian,15
5155,asian,26
5156,asian,9
5157,asian,10
5158,asian,1
5159,asian,6
5160,asian,9
5161,asian,19
5162,asian,9
5163,asian,22
5164,asian,6
5165,asian,19
5166,asian,16
5167,asian,22
5168,asian,9
5169,asian,26
5170,asian,29
5171,asian,1
5172,asian,1
5173,asian,27
5174,asian,21
5175,asian,27
5176,asian,10
5177,asian,22
5178,asian,11
5179,asian,2
5180,asian,6
5181,asian,29
5182,asian,16
5183,asian,27
5184,asian,10
5185,asian,23
5186,asian,3
5187,asian,6
5188,asian,8
5189,asian,12
5190,asian,6
5191,asian,21
5192,asian,12
5193,asian,10
5194,asian,23
5195,asian,28
5196,asian,20
5197,asian,3
5198,asian,28
5199,asian,21
5200,asian,6
5201,asian,8
5202,asian,20
5203,asian,3
5204,asian,19
5205,asian,20
5206,asian,23
5207,asian,19
5208,asian,28
5209,asian,16
5210,asian,30
5211,asian,14
5212,asian,27
5213,asian,6
5214,asian,27
5215,asian,27
5216,asian,23
5217,asian,20
5218,asian,14
5219,asian,6
5220,asian,3
5221,asian,12
5222,asian,27
5223,asian,21
5224,asian,12
5225,asian,21
5226,asian,16
5227,asian,19
5228,asian,16
5229,asian,30
5230,asian,14
5231,asian,20
5232,asian,16
5233,asian,23
5234,asian,6
5235,asian,28
5236,asian,6
5237,asian,10
5238,asian,19
5239,asian,12
5240,asian,28
5241,asian,14
5242,asian,8
5243,asian,23
5244,asian,3
5245,asian,12
5246,asian,8
5247,asian,8
5248,asian,28
5249,asian,30
5250,asian,30
5251,asian,16
5252,asian,27
5253,asian,8
5254,asian,3
5255,asian,10
5256,asian,16
5257,asian,8
5258,asian,28
5259,asian,8
5260,asian,30
5261,asian,6
5262,asian,8
5263,asian,30
5264,asian,10
5265,asian,28
5266,asian,10
5267,asian,21
5268,asian,21
5269,asian,21
5270,asian,28
5271,asian,14
5272,asian,12
5273,asian,14
5274,asian,14
5275,asian,21
5276,asian,16
5277,asian,10
5278,asian,23
5279,asian,27
5280,asian,14
5281,asian,19
5282,asian,19
5283,asian,30
5284,asian,30
5285,asian,28
5286,asian,30
5287,asian,27
5288,asian,16
5289,asian,23
5290,asian,21
5291,asian,20
5292,asian,19
5293,asian,16
5294,asian,30
5295,asian,14
5296,asian,12
5297,asian,20
5298,asian,19
5299,asian,14
5300,asian,10
5301,asian,23
5302,asian,16
5303,asian,6
5304,asian,28
5305,asian,8
5306,asian,8
5307,asian,23
5308,asian,19
5309,asian,27
5310,asian,6
5311,asian,3
5312,asian,10
5313,asian,23
5314,asian,14
5315,asian,8
5316,asian,20
5317,asian,16
5318,asian,3
5319,asian,28
5320,asian,21
5321,asian,3
5322,asian,23
5323,asian,27
5324,asian,23
5325,asian,30
5326,asian,14
5327,asian,16
5328,asian,28
5329,asian,27
5330,asian,8
5331,asian,12
5332,asian,3
5333,asian,20
5334,asian,14
5335,asian,10
5336,asian,26
5337,asian,2
5338,asian,5
5339,asian,5
5340,asian,25
5341,asian,17
5342,asian,4
5343,asian,1
5344,asian,15
5345,asian,17
5346,asian,13
5347,asian,17
5348,asian,4
5349,asian,4
5350,asian,13
5351,asian,7
5352,asian,9
5353,asian,15
5354,asian,1
5355,asian,1
5356,asian,5
5357,asian,13
5358,asian,2
5359,asian,7
5360,asian,9
5361,asian,5
5362,asian,5
5363,asian,26
5364,asian,2
5365,asian,25
5366,asian,22
5367,asian,13
5368,asian,26
5369,asian,13
5370,asian,15
5371,asian,25
5372,asian,9
5373,asian,26
5374,asian,7
5375,asian,5
5376,asian,13
5377,asian,15
5378,asian,9
5379,asian,7
5380,asian,15
5381,asian,15
5382,asian,22
5383,asian,22
5384,asian,4
5385,asian,1
5386,asian,22
5387,asian,25
5388,asian,26
5389,asian,15
5390,asian,7
5391,asian,4
5392,asian,1
5393,asian,7
5394,asian,2
5395,asian,9
5396,asian,7
5397,asian,2
5398,asian,17
5399,asian,22
5400,asian,4
5401,asian,17
5402,asian,25
5403,asian,2
5404,asian,9
5405,asian,13
5406,asian,25
5407,asian,4
5408,asian,26
5409,asian,4
5410,asian,4
5411,asian,4
5412,asian,17
5413,asian,25
5414,asian,9
5415,asian,25
5416,asian,22
5417,asian,26
5418,asian,15
5419,asian,15
5420,asian,22
5421,asian,17
5422,asian,22
5423,asian,4
5424,asian,22
5425,asian,22
5426,asian,26
5427,asian,22
5428,asian,7
5429,asian,9
5430,asian,5
5431,asian,1
5432,asian,13
5433,asian,26
5434,asian,17
5435,asian,9
5436,asian,1
5437,asian,7
5438,asian,4
5439,asian,5
5440,asian,25
5441,asian,15
5442,asian,1
5443,asian,25
5444,asian,2
5445,asian,1
5446,asian,7
5447,asian,5
5448,asian,5
5449,asian,22
5450,asian,2
5451,asian,26
5452,asian,2
5453,asian,2
5454,asian,7
5455,asian,7
5456,asian,9
5457,asian,22
5458,asian,13
5459,asian,13
5460,asian,5
5461,asian,16
5462,asian,29
5463,asian,8
5464,asian,14
5465,asian,25
5466,asian,16
5467,asian,21
5468,asian,16
5469,asian,18
5470,asian,26
5471,asian,2
5472,asian,5
5473,asian,26
5474,asian,19
5475,asian,3
5476,asian,25
5477,asian,9
5478,asian,1
5479,asian,3
5480,asian,11
5481,asian,3
5482,asian,12
5483,asian,9
5484,asian,18
5485,asian,22
5486,asian,22
5487,asian,21
5488,asian,22
5489,asian,21
5490,asian,11
5491,asian,9
5492,asian,19
5493,asian,11
5494,asian,5
5495,asian,25
5496,asian,11
5497,asian,22
5498,asian,22
5499,asian,16
5500,asian,21
5501,asian,22
5502,asian,12
5503,asian,19
5504,asian,2
5505,asian,26
5506,asian,26
5507,asian,25
5508,asian,1
5509,asian,18
5510,asian,2
5511,asian,16
5512,asian,12
5513,asian,29
5514,asian,28
5515,asian,29
5516,asian,19
5517,asian,28
5518,asian,11
5519,asian,19
5520,asian,9
5521,asian,2
5522,asian,5
5523,asian,3
5524,asian,11
5525,asian,8
5526,asian,19
5527,asian,16
5528,asian,29
5529,asian,25
5530,asian,3
5531,asian,26
5532,asian,14
5533,asian,16
5534,asian,8
5535,asian,29
5536,asian,21
5537,asian,5
5538,asian,2
5539,asian,28
5540,asian,22
5541,asian,18
5542,asian,11
5543,asian,1
5544,asian,29
5545,asian,28
5546,asian,2
5547,asian,1
5548,asian,19
5549,asian,8
5550,asian,21
5551,asian,18
5552,asian,28
5553,asian,14
5554,asian,5
5555,asian,9
5556,asian,9
5557,asian,12
5558,asian,12
5559,asian,26
5560,asian,28
5561,asian,21
5562,asian,19
5563,asian,8
5564,asian,8
5565,asian,19
5566,asian,26
5567,asian,28
5568,asian,9
5569,asian,25
5570,asian,14
5571,asian,5
5572,asian,2
5573,asian,18
5574,asian,8
5575,asian,5
5576,asian,18
5577,asian,2
5578,asian,3
5579,asian,22
5580,asian,2
5581,asian,11
5582,asian,1
5583,asian,29
5584,asian,12
5585,asian,25
5586,asian,25
5587,asian,1
5588,asian,12
5589,asian,18
5590,asian,21
5591,asian,2
5592,asian,9
5593,asian,1
5594,asian,22
5595,asian,19
5596,asian,25
5597,asian,12
5598,asian,28
5599,asian,2
5600,asian,22
5601,asian,25
5602,asian,14
5603,asian,8
5604,asian,28
5605,asian,29
5606,asian,1
5607,asian,16
5608,asian,3
5609,asian,1
5610,asian,29
5611,asian,28
5612,asian,16
5613,asian,14
5614,asian,19
5615,asian,21
5616,asian,19
5617,asian,12
5618,asian,5
5619,asian,8
5620,asian,11
5621,asian,22
5622,asian,1
5623,asian,9
5624,asian,5
5625,asian,26
5626,asian,26
5627,asian,3
5628,asian,3
5629,asian,1
5630,asian,22
5631,asian,3
5632,asian,18
5633,asian,28
5634,asian,28
5635,asian,16
5636,asian,19
5637,asian,18
5638,asian,14
5639,asian,11
5640,asian,18
5641,asian,5
5642,asian,25
5643,asian,25
5644,asian,18
5645,asian,12
5646,asian,3
5647,asian,14
5648,asian,16
5649,asian,18
5650,asian,29
5651,asian,3
5652,asian,1
5653,asian,14
5654,asian,8
5655,asian,14
5656,asian,13
5657,asian,20
5658,asian,23
5659,asian,24
5660,asian,17
5661,asian,27
5662,asian,17
5663,asian,17
5664,asian,10
5665,asian,6
5666,asian,30
5667,asian,17
5668,asian,30
5669,asian,15
5670,asian,6
5671,asian,23
5672,asian,15
5673,asian,20
5674,asian,17
5675,asian,10
5676,asian,23
5677,asian,30
5678,asian,10
5679,asian,20
5680,asian,13
5681,asian,27
5682,asian,24
5683,asian,15
5684,asian,20
5685,asian,23
5686,asian,27
5687,asian,24
5688,asian,10
5689,asian,6
5690,asian,20
5691,asian,15
5692,asian,23
5693,asian,20
5694,asian,10
5695,asian,15
5696,asian,24
5697,asian,27
5698,asian,15
5699,asian,20
5700,asian,23
5701,asian,13
5702,asian,15
5703,asian,30
5704,asian,27
5705,asian,27
5706,asian,30
5707,asian,23
5708,asian,15
5709,asian,6
5710,asian,17
5711,asian,15
5712,asian,23
5713,asian,24
5714,asian,30
5715,asian,13
5716,asian,13
5717,asian,10
5718,asian,13
5719,asian,6
5720,asian,30
5721,asian,13
5722,asian,20
5723,asian,13
5724,asian,20
5725,asian,24
5726,asian,27
5727,asian,23
5728,asian,6
5729,asian,6
5730,asian,6
5731,asian,13
5732,asian,24
5733,asian,6
5734,asian,24
5735,asian,24
5736,asian,6
5737,asian,6
5738,asian,10
5739,asian,30
5740,asian,23
5741,asian,10
5742,asian,6
5743,asian,10
5744,asian,10
5745,asian,10
5746,asian,20
5747,asian,17
5748,asian,15
5749,asian,20
5750,asian,30
5751,asian,24
5752,asian,23
5753,asian,24
5754,asian,15
5755,asian,15
5756,asian,15
5757,asian,23
5758,asian,13
5759,asian,27
5760,asian,6
5761,asian,17
5762,asian,17
5763,asian,15
5764,asian,4
5765,asian,26
5766,asian,20
5767,asian,19
5768,asian,27
5769,asian,11
5770,asian,8
5771,asian,17
5772,asian,6
5773,asian,19
5774,asian,24
5775,asian,29
5776,asian,4
5777,asian,9
5778,asian,29
5779,asian,17
5780,asian,21
5781,asian,20
5782,asian,25
5783,asian,3
5784,asian,30
5785,asian,6
5786,asian,19
5787,asian,7
5788,asian,26
5789,asian,28
5790,asian,16
5791,asian,4
5792,asian,11
5793,asian,15
5794,asian,2
5795,asian,7
5796,asian,24
5797,asian,14
5798,asian,16
5799,asian,8
5800,asian,29
5801,asian,3
5802,asian,17
5803,asian,25
5804,asian,20
5805,asian,2
5806,asian,6
5807,asian,27
5808,asian,11
5809,asian,20
5810,asian,21
5811,asian,24
5812,asian,9
5813,asian,8
5814,asian,11
5815,asian,25
5816,asian,7
5817,asian,3
5818,asian,22
5819,asian,21
5820,asian,3
5821,asian,3
5822,asian,30
5823,asian,14
5824,asian,30
5825,asian,12
5826,asian,12
5827,asian,9
5828,asian,13
5829,asian,22
5830,asian,9
5831,asian,3
5832,asian,6
5833,asian,30
5834,asian,23
5835,asian,30
5836,asian,23
5837,asian,25
5838,asian,4
5839,asian,7
5840,asian,28
5841,asian,2
5842,asian,8
5843,asian,7
5844,asian,6
5845,asian,14
5846,asian,27
5847,asian,29
5848,asian,5
5849,asian,12
5850,asian,16
5851,asian,18
5852,asian,24
5853,asian,18
5854,asian,7
5855,asian,26
5856,asian,16
5857,asian,30
5858,asian,21
5859,asian,19
5860,asian,13
5861,asian,25
5862,asian,14
5863,asian,21
5864,asian,23
5865,asian,28
5866,asian,18
5867,asian,5
5868,asian,18
5869,asian,14
5870,asian,13
5871,asian,24
5872,asian,15
5873,asian,7
5874,asian,4
5875,asian,26
5876,asian,2
5877,asian,23
5878,asian,20
5879,asian,8
5880,asian,7
5881,asian,15
5882,asian,28
5883,asian,8
5884,asian,14
5885,asian,15
5886,asian,18
5887,asian,27
5888,asian,23
5889,asian,5
5890,asian,29
5891,asian,18
5892,asian,2
5893,asian,16
5894,asian,9
5895,asian,29
5896,asian,8
5897,asian,19
5898,asian,28
5899,asian,5
5900,asian,2
5901,asian,20
5902,asian,24
5903,asian,12
5904,asian,5
5905,asian,19
5906,asian,22
5907,asian,2
5908,asian,9
5909,asian,6
5910,asian,24
5911,asian,17
5912,asian,26
5913,asian,11
5914,asian,22
5915,asian,17
5916,asian,28
5917,asian,6
5918,asian,12
5919,asian,27
5920,asian,9
5921,asian,11
5922,asian,13
5923,asian,2
5924,asian,8
5925,asian,13
5926,asian,16
5927,asian,23
5928,asian,11
5929,asian,30
5930,asian,22
5931,asian,4
5932,asian,12
5933,asian,28
5934,asian,28
5935,asian,25
5936,asian,20
5937,asian,15
5938,asian,15
5939,asian,19
5940,asian,6
5941,asian,13
5942,asian,15
5943,asian,23
5944,asian,17
5945,asian,17
5946,asian,24
5947,asian,22
5948,asian,18
5949,asian,12
5950,asian,14
5951,asian,6
5952,asian,14
5953,asian,27
5954,asian,5
5955,asian,5
5956,asian,29
5957,asian,26
5958,asian,27
5959,asian,23
5960,asian,5
5961,asian,21
5962,asian,7
5963,asian,14
5964,asian,15
5965,asian,5
5966,asian,22
5967,asian,30
5968,asian,15
5969,asian,28
5970,asian,29
5971,asian,22
5972,asian,11
5973,asian,6
5974,asian,18
5975,asian,26
5976,asian,20
5977,asian,13
5978,asian,13
5979,asian,12
5980,asian,23
5981,asian,13
5982,asian,15
5983,asian,18
5984,asian,30
5985,asian,29
5986,asian,8
5987,asian,16
5988,asian,12
5989,asian,23
5990,asian,21
5991,asian,18
5992,asian,21
5993,asian,5
5994,asian,23
5995,asian,4
5996,asian,6
5997,asian,17
5998,asian,25
5999,asian,3
6000,asian,28
6001,asian,14
6002,asian,21
6003,asian,27
6004,asian,12
6005,asian,5
6006,asian,13
6007,asian,3
6008,asian,11
6009,asian,24
6010,asian,8
6011,asian,3
6012,asian,20
6013,asian,26
6014,asian,22
6015,asian,18
6016,asian,29
6017,asian,2
6018,asian,19
6019,asian,22
6020,asian,4
6021,asian,29
6022,asian,9
6023,asian,19
6024,asian,27
6025,asian,23
6026,asian,20
6027,asian,8
6028,asian,8
6029,asian,22
6030,asian,22
6031,asian,20
6032,asian,2
6033,asian,23
6034,asian,30
6035,asian,20
6036,asian,14
6037,asian,22
6038,asian,15
6039,asian,14
6040,asian,16
6041,asian,30
6042,asian,16
6043,asian,14
6044,asian,20
6045,asian,6
6046,asian,2
6047,asian,11
6048,asian,17
6049,asian,9
6050,asian,6
6051,asian,19
6052,asian,22
6053,asian,3
6054,asian,17
6055,asian,4
6056,asian,25
6057,asian,25
6058,asian,29
6059,asian,30
6060,asian,28
6061,asian,2
6062,asian,17
6063,asian,18
6064,asian,16
6065,asian,23
6066,asian,21
6067,asian,28
6068,asian,4
6069,asian,6
6070,asian,1
6071,asian,23
6072,asian,2
6073,asian,6
6074,asian,5
6075,asian,19
6076,asian,12
6077,asian,13
6078,asian,11
6079,asian,11
6080,asian,28
6081,asian,2
6082,asian,29
6083,asian,19
6084,asian,13
6085,asian,9
6086,asian,18
6087,asian,9
6088,asian,25
6089,asian,25
6090,asian,25
6091,asian,7
6092,asian,29
6093,asian,9
6094,asian,7
6095,asian,17
6096,asian,29
6097,asian,17
6098,asian,5
6099,asian,1
6100,asian,6
6101,asian,6
6102,asian,5
6103,asian,14
6104,asian,13
6105,asian,23
6106,asian,28
6107,asian,7
6108,asian,9
6109,asian,8
6110,asian,7
6111,asian,18
6112,asian,8
6113,asian,8
6114,asian,12
6115,asian,9
6116,asian,17
6117,asian,12
6118,asian,5
6119,asian,25
6120,asian,7
6121,asian,13
6122,asian,18
6123,asian,12
6124,asian,22
6125,asian,3
6126,asian,14
6127,asian,3
6128,asian,1
6129,asian,28
6130,asian,2
6131,asian,23
6132,asian,17
6133,asian,29
6134,asian,2
6135,asian,29
6136,asian,28
6137,asian,19
6138,asian,6
6139,asian,22
6140,asian,2
6141,asian,22
6142,asian,18
6143,asian,1
6144,asian,1
6145,asian,25
6146,asian,14
6147,asian,3
6148,asian,22
6149,asian,8
6150,asian,5
6151,asian,23
6152,asian,3
6153,asian,25
6154,asian,6
6155,asian,1
6156,asian,22
6157,asian,22
6158,asian,7
6159,asian,8
6160,asian,14
6161,asian,19
6162,asian,22
6163,asian,2
6164,asian,2
6165,asian,3
6166,asian,13
6167,asian,1
6168,asian,19
6169,asian,5
6170,asian,3
6171,asian,2
6172,asian,17
6173,asian,8
6174,asian,29
6175,asian,22
6176,asian,28
6177,asian,9
6178,asian,18
6179,asian,14
6180,asian,3
6181,asian,8
6182,asian,29
6183,asian,25
6184,asian,1
6185,asian,3
6186,asian,3
6187,asian,23
6188,asian,14
6189,asian,7
6190,asian,14
6191,asian,28
6192,asian,5
6193,asian,23
6194,asian,9
6195,asian,7
6196,asian,18
6197,asian,11
6198,asian,9
6199,asian,11
6200,asian,28
6201,asian,11
6202,asian,23
6203,asian,29
6204,asian,11
6205,asian,2
6206,asian,5
6207,asian,2
6208,asian,12
6209,asian,1
6210,asian,9
6211,asian,13
6212,asian,13
6213,asian,14
6214,asian,11
6215,asian,8
6216,asian,28
6217,asian,9
6218,asian,2
6219,asian,13
6220,asian,1
6221,asian,19
6222,asian,29
6223,asian,29
6224,asian,23
6225,asian,12
6226,asian,8
6227,asian,9
6228,asian,8
6229,asian,19
6230,asian,19
6231,asian,11
6232,asian,1
6233,asian,19
6234,asian,18
6235,asian,17
6236,asian,6
6237,asian,6
6238,asian,13
6239,asian,7
6240,asian,1
6241,asian,17
6242,asian,29
6243,asian,5
6244,asian,19
6245,asian,5
6246,asian,18
6247,asian,13
6248,asian,17
6249,asian,17
6250,asian,2
6251,asian,3
6252,asian,28
6253,asian,14
6254,asian,17
6255,asian,23
6256,asian,7
6257,asian,7
6258,asian,11
6259,asian,7
6260,asian,12
6261,asian,6
6262,asian,19
6263,asian,25
6264,asian,19
6265,asian,11
6266,asian,25
6267,asian,8
6268,asian,23
6269,asian,12
6270,asian,23
6271,asian,18
6272,asian,11
6273,asian,2
6274,asian,8
6275,asian,15
6276,asian,20
6277,asian,26
6278,asian,10
6279,asian,15
6280,asian,21
6281,asian,10
6282,asian,21
6283,asian,8
6284,asian,8
6285,asian,11
6286,asian,12
6287,asian,4
6288,asian,8
6289,asian,21
6290,asian,20
6291,asian,24
6292,asian,12
6293,asian,11
6294,asian,8
6295,asian,10
6296,asian,24
6297,asian,15
6298,asian,21
6299,asian,20
6300,asian,26
6301,asian,12
6302,asian,24
6303,asian,10
6304,asian,11
6305,asian,11
6306,asian,11
6307,asian,20
6308,asian,12
6309,asian,15
6310,asian,20
6311,asian,15
6312,asian,4
6313,asian,20
6314,asian,24
6315,asian,26
6316,asian,24
6317,asian,11
6318,asian,21
6319,asian,4
6320,asian,24
6321,asian,21
6322,asian,26
6323,asian,12
6324,asian,12
6325,asian,4
6326,asian,15
6327,asian,4
6328,asian,12
6329,asian,12
6330,asian,8
6331,asian,26
6332,asian,4
6333,asian,4
6334,asian,8
6335,asian,21
6336,asian,26
6337,asian,24
6338,asian,8
6339,asian,10
6340,asian,24
6341,asian,10
6342,asian,11
6343,asian,10
6344,asian,11
6345,asian,24
6346,asian,8
6347,asian,24
6348,asian,20
6349,asian,4
6350,asian,24
6351,asian,26
6352,asian,21
6353,asian,26
6354,asian,15
6355,asian,10
6356,asian,21
6357,asian,8
6358,asian,12
6359,asian,26
6360,asian,15
6361,asian,8
6362,asian,4
6363,asian,4
6364,asian,8
6365,asian,20
6366,asian,10
6367,asian,20
6368,asian,20
6369,asian,20
6370,asian,10
6371,asian,20
6372,asian,24
6373,asian,20
6374,asian,12
6375,asian,11
6376,asian,24
6377,asian,4
6378,asian,26
6379,asian,15
6380,asian,8
6381,asian,11
6382,asian,4
6383,asian,19
6384,asian,25
6385,asian,16
6386,asian,13
6387,asian,18
6388,asian,30
6389,asian,27
6390,asian,19
6391,asian,5
6392,asian,1
6393,asian,20
6394,asian,30
6395,asian,22
6396,asian,29
6397,asian,9
6398,asian,7
6399,asian,26
6400,asian,20
6401,asian,18
6402,asian,1
6403,asian,25
6404,asian,16
6405,asian,30
6406,asian,27
6407,asian,14
6408,asian,9
6409,asian,13
6410,asian,7
6411,asian,23
6412,asian,19
6413,asian,7
6414,asian,23
6415,asian,5
6416,asian,2
6417,asian,9
6418,asian,26
6419,asian,13
6420,asian,30
6421,asian,25
6422,asian,19
6423,asian,27
6424,asian,23
6425,asian,22
6426,asian,29
6427,asian,25
6428,asian,28
6429,asian,2
6430,asian,29
6431,asian,26
6432,asian,26
6433,asian,2
6434,asian,18
6435,asian,29
6436,asian,28
6437,asian,28
6438,asian,9
6439,asian,5
6440,asian,22
6441,asian,2
6442,asian,22
6443,asian,9
6444,asian,26
6445,asian,20
6446,asian,7
6447,asian,16
6448,asian,28
6449,asian,19
6450,asian,22
6451,asian,5
6452,asian,3
6453,asian,27
6454,asian,25
6455,asian,9
6456,asian,2
6457,asian,18
6458,asian,26
6459,asian,28
6460,asian,20
6461,asian,3
6462,asian,1
6463,asian,28
6464,asian,3
6465,asian,25
6466,asian,29
6467,asian,20
6468,asian,22
6469,asian,29
6470,asian,23
6471,asian,27
6472,asian,22
6473,asian,29
6474,asian,9
6475,asian,9
6476,asian,30
6477,asian,23
6478,asian,14
6479,asian,22
6480,asian,16
6481,asian,19
6482,asian,16
6483,asian,27
6484,asian,1
6485,asian,14
6486,asian,3
6487,asian,25
6488,asian,1
6489,asian,3
6490,asian,16
6491,asian,5
6492,asian,13
6493,asian,28
6494,asian,26
6495,asian,29
6496,asian,16
6497,asian,13
6498,asian,9
6499,asian,28
6500,asian,13
6501,asian,7
6502,asian,14
6503,asian,13
6504,asian,23
6505,asian,16
6506,asian,1
6507,asian,5
6508,asian,5
6509,asian,5
6510,asian,3
6511,asian,30
6512,asian,19
6513,asian,2
6514,asian,27
6515,asian,3
6516,asian,7
6517,asian,18
6518,asian,1
6519,asian,30
6520,asian,3
6521,asian,2
6522,asian,5
6523,asian,20
6524,asian,23
6525,asian,28
6526,asian,29
6527,asian,18
6528,asian,14
6529,asian,13
6530,asian,18
6531,asian,1
6532,asian,14
6533,asian,9
6534,asian,14
6535,asian,16
6536,asian,30
6537,asian,16
6538,asian,18
6539,asian,20
6540,asian,14
6541,asian,7
6542,asian,26
6543,asian,2
6544,asian,7
6545,asian,23
6546,asian,29
6547,asian,14
6548,asian,27
6549,asian,13
6550,asian,29
6551,asian,2
6552,asian,28
6553,asian,1
6554,asian,3
6555,asian,18
6556,asian,26
6557,asian,23
6558,asian,14
6559,asian,19
6560,asian,20
6561,asian,13
6562,asian,7
6563,asian,28
6564,asian,14
6565,asian,26
6566,asian,28
6567,asian,3
6568,asian,14
6569,asian,20
6570,asian,30
6571,asian,9
6572,asian,9
6573,asian,19
6574,asian,23
6575,asian,1
6576,asian,3
6577,asian,25
6578,asian,28
6579,asian,2
6580,asian,25
6581,asian,9
6582,asian,3
6583,asian,29
6584,asian,2
6585,asian,3
6586,asian,25
6587,asian,5
6588,asian,27
6589,asian,27
6590,asian,13
6591,asian,13
6592,asian,2
6593,asian,2
6594,asian,11
6595,asian,2
6596,asian,1
6597,asian,23
6598,asian,29
6599,asian,11
6600,asian,17
6601,asian,13
6602,asian,23
6603,asian,29
6604,asian,29
6605,asian,2
6606,asian,6
6607,asian,2
6608,asian,23
6609,asian,6
6610,asian,29
6611,asian,23
6612,asian,6
6613,asian,29
6614,asian,11
6615,asian,11
6616,asian,29
6617,asian,23
6618,asian,17
6619,asian,13
6620,asian,11
6621,asian,1
6622,asian,1
6623,asian,6
6624,asian,1
6625,asian,1
6626,asian,6
6627,asian,17
6628,asian,6
6629,asian,29
6630,asian,23
6631,asian,11
6632,asian,2
6633,asian,29
6634,asian,13
6635,asian,11
6636,asian,13
6637,asian,2
6638,asian,1
6639,asian,2
6640,asian,6
6641,asian,2
6642,asian,13
6643,asian,6
6644,asian,23
6645,asian,17
6646,asian,29
6647,asian,17
6648,asian,23
6649,asian,23
6650,asian,11
6651,asian,23
6652,asian,17
6653,asian,1
6654,asian,17
6655,asian,23
6656,asian,2
6657,asian,1
6658,asian,1
6659,asian,1
6660,asian,13
6661,asian,17
6662,asian,2
6663,asian,17
6664,asian,2
6665,asian,23
6666,asian,11
6667,asian,13
6668,asian,23
6669,asian,17
6670,asian,13
6671,asian,13
6672,asian,1
6673,asian,17
6674,asian,6
6675,asian,13
6676,asian,2
6677,asian,6
6678,asian,21
6679,asian,28
6680,asian,12
6681,asian,9
6682,asian,20
6683,asian,20
6684,asian,5
6685,asian,19
6686,asian,8
6687,asian,3
6688,asian,25
6689,asian,4
6690,asian,4
6691,asian,27
6692,asian,9
6693,asian,24
6694,asian,30
6695,asian,8
6696,asian,27
6697,asian,27
6698,asian,26
6699,asian,25
6700,asian,26
6701,asian,12
6702,asian,15
6703,asian,3
6704,asian,18
6705,asian,20
6706,asian,14
6707,asian,10
6708,asian,21
6709,asian,28
6710,asian,19
6711,asian,24
6712,asian,9
6713,asian,16
6714,asian,10
6715,asian,14
6716,asian,15
6717,asian,19
6718,asian,21
6719,asian,14
6720,asian,15
6721,asian,25
6722,asian,12
6723,asian,19
6724,asian,28
6725,asian,8
6726,asian,5
6727,asian,14
6728,asian,7
6729,asian,14
6730,asian,26
6731,asian,19
6732,asian,8
6733,asian,22
6734,asian,30
6735,asian,14
6736,asian,20
6737,asian,16
6738,asian,18
6739,asian,9
6740,asian,22
6741,asian,28
6742,asian,5
6743,asian,16
6744,asian,21
6745,asian,20
6746,asian,22
6747,asian,28
6748,asian,27
6749,asian,27
6750,asian,10
6751,asian,24
6752,asian,10
6753,asian,8
6754,asian,4
6755,asian,27
6756,asian,15
6757,asian,12
6758,asian,30
6759,asian,22
6760,asian,18
6761,asian,16
6762,asian,16
6763,asian,22
6764,asian,27
6765,asian,18
6766,asian,5
6767,asian,15
6768,asian,5
6769,asian,19
6770,asian,16
6771,asian,16
6772,asian,3
6773,asian,4
6774,asian,15
6775,asian,26
6776,asian,20
6777,asian,16
6778,asian,30
6779,asian,15
6780,asian,30
6781,asian,18
6782,asian,26
6783,asian,19
6784,asian,30
6785,asian,24
6786,asian,16
6787,asian,21
6788,asian,26
6789,asian,30
6790,asian,4
6791,asian,24
6792,asian,8
6793,asian,8
6794,asian,5
6795,asian,3
6796,asian,18
6797,asian,22
6798,asian,4
6799,asian,7
6800,asian,12
6801,asian,10
6802,asian,18
6803,asian,21
6804,asian,20
6805,asian,10
6806,asian,7
6807,asian,30
6808,asian,7
6809,asian,25
6810,asian,20
6811,asian,8
6812,asian,9
6813,asian,10
6814,asian,10
6815,asian,3
6816,asian,26
6817,asian,15
6818,asian,3
6819,asian,19
6820,asian,9
6821,asian,15
6822,asian,22
6823,asian,14
6824,asian,21
6825,asian,26
6826,asian,7
6827,asian,24
6828,asian,22
6829,asian,30
6830,asian,22
6831,asian,10
6832,asian,25
6833,asian,7
6834,asian,7
6835,asian,5
6836,asian,9
6837,asian,20
6838,asian,25
6839,asian,12
6840,asian,25
6841,asian,24
6842,asian,14
6843,asian,15
6844,asian,28
6845,asian,8
6846,asian,9
6847,asian,12
6848,asian,21
6849,asian,9
6850,asian,30
6851,asian,3
6852,asian,19
6853,asian,3
6854,asian,19
6855,asian,3
6856,asian,7
6857,asian,4
6858,asian,7
6859,asian,7
6860,asian,12
6861,asian,20
6862,asian,28
6863,asian,22
6864,asian,3
6865,asian,4
6866,asian,15
6867,asian,19
6868,asian,8
6869,asian,18
6870,asian,22
6871,asian,7
6872,asian,10
6873,asian,27
6874,asian,12
6875,asian,21
6876,asian,28
6877,asian,25
6878,asian,5
6879,asian,16
6880,asian,7
6881,asian,14
6882,asian,8
6883,asian,27
6884,asian,20
6885,asian,10
6886,asian,25
6887,asian,25
6888,asian,26
6889,asian,26
6890,asian,20
6891,asian,8
6892,asian,27
6893,asian,4
6894,asian,4
6895,asian,14
6896,asian,19
6897,asian,26
6898,asian,28
6899,asian,27
6900,asian,4
6901,asian,5
6902,asian,12
6903,asian,18
6904,asian,8
6905,asian,18
6906,asian,15
6907,asian,10
6908,asian,7
6909,asian,14
6910,asian,25
6911,asian,27
6912,asian,3
6913,asian,28
6914,asian,24
6915,asian,14
6916,asian,9
6917,asian,10
6918,asian,24
6919,asian,5
6920,asian,11
6921,asian,13
6922,asian,4
6923,asian,1
6924,asian,8
6925,asian,1
6926,asian,23
6927,asian,10
6928,asian,23
6929,asian,8
6930,asian,22
6931,asian,1
6932,asian,10
6933,asian,11
6934,asian,9
6935,asian,9
6936,asian,23
6937,asian,4
6938,asian,10
6939,asian,8
6940,asian,2
6941,asian,13
6942,asian,14
6943,asian,8
6944,asian,22
6945,asian,9
6946,asian,22
6947,asian,14
6948,asian,22
6949,asian,14
6950,asian,23
6951,asian,9
6952,asian,8
6953,asian,8
6954,asian,13
6955,asian,1
6956,asian,10
6957,asian,4
6958,asian,8
6959,asian,2
6960,asian,23
6961,asian,2
6962,asian,23
6963,asian,2
6964,asian,10
6965,asian,9
6966,asian,10
6967,asian,2
6968,asian,4
6969,asian,22
6970,asian,23
6971,asian,14
6972,asian,2
6973,asian,23
6974,asian,4
6975,asian,17
6976,asian,11
6977,asian,17
6978,asian,14
6979,asian,22
6980,asian,11
6981,asian,17
6982,asian,4
6983,asian,10
6984,asian,9
6985,asian,23
6986,asian,23
6987,asian,22
6988,asian,13
6989,asian,14
6990,asian,1
6991,asian,4
6992,asian,10
6993,asian,14
6994,asian,1
6995,asian,17
6996,asian,4
6997,asian,13
6998,asian,17
6999,asian,11
7000,asian,13
7001,asian,13
7002,asian,9
7003,asian,11
7004,asian,17
7005,asian,17
7006,asian,23
7007,asian,11
7008,asian,22
7009,asian,17
7010,asian,1
7011,asian,13
7012,asian,22
7013,asian,14
7014,asian,22
7015,asian,22
7016,asian,1
7017,asian,11
7018,asian,4
7019,asian,9
7020,asian,13
7021,asian,11
7022,asian,10
7023,asian,23
7024,asian,8
7025,asian,1
7026,asian,8
7027,asian,2
7028,asian,2
7029,asian,11
7030,asian,2
7031,asian,11
7032,asian,22
7033,asian,11
7034,asian,17
7035,asian,1
7036,asian,22
7037,asian,2
7038,asian,13
7039,asian,8
7040,asian,14
7041,asian,2
7042,asian,13
7043,asian,2
7044,asian,17
7045,asian,17
7046,asian,17
7047,asian,11
7048,asian,9
7049,asian,30
7050,asian,30
7051,asian,7
7052,asian,12
7053,asian,12
7054,asian,5
7055,asian,12
7056,asian,16
7057,asian,27
7058,asian,7
7059,asian,24
7060,asian,24
7061,asian,12
7062,asian,16
7063,asian,15
7064,asian,15
7065,asian,6
7066,asian,25
7067,asian,3
7068,asian,16
7069,asian,25
7070,asian,29
7071,asian,29
7072,asian,28
7073,asian,27
7074,asian,28
7075,asian,29
7076,asian,28
7077,asian,5
7078,asian,5
7079,asian,3
7080,asian,7
7081,asian,16
7082,asian,6
7083,asian,15
7084,asian,25
7085,asian,26
7086,asian,12
7087,asian,5
7088,asian,6
7089,asian,16
7090,asian,21
7091,asian,29
7092,asian,29
7093,asian,7
7094,asian,24
7095,asian,15
7096,asian,24
7097,asian,3
7098,asian,6
7099,asian,18
7100,asian,18
7101,asian,24
7102,asian,6
7103,asian,5
7104,asian,18
7105,asian,25
7106,asian,12
7107,asian,18
7108,asian,15
7109,asian,26
7110,asian,15
7111,asian,28
7112,asian,5
7113,asian,6
7114,asian,28
7115,asian,5
7116,asian,30
7117,asian,26
7118,asian,24
7119,asian,21
7120,asian,21
7121,asian,15
7122,asian,5
7123,asian,25
7124,asian,21
7125,asian,29
7126,asian,15
7127,asian,21
7128,asian,30
7129,asian,30
7130,asian,5
7131,asian,6
7132,asian,30
7133,asian,24
7134,asian,30
7135,asian,15
7136,asian,30
7137,asian,7
7138,asian,21
7139,asian,26
7140,asian,27
7141,asian,29
7142,asian,26
7143,asian,26
7144,asian,27
7145,asian,29
7146,asian,26
7147,asian,25
7148,asian,15
7149,asian,3
7150,asian,7
7151,asian,27
7152,asian,30
7153,asian,27
7154,asian,21
7155,asian,16
7156,asian,3
7157,asian,6
7158,asian,3
7159,asian,27
7160,asian,6
7161,asian,18
7162,asian,28
7163,asian,18
7164,asian,5
7165,asian,3
7166,asian,29
7167,asian,25
7168,asian,25
7169,asian,25
7170,asian,26
7171,asian,26
7172,asian,7
7173,asian,16
7174,asian,21
7175,asian,15
7176,asian,18
7177,asian,21
7178,asian,6
7179,asian,18
7180,asian,24
7181,asian,3
7182,asian,3
7183,asian,3
7184,asian,24
7185,asian,16
7186,asian,18
7187,asian,16
7188,asian,26
7189,asian,16
7190,asian,5
7191,asian,27
7192,asian,29
7193,asian,15
7194,asian,28
7195,asian,3
7196,asian,27
7197,asian,27
7198,asian,12
7199,asian,28
7200,asian,15
7201,asian,28
7202,asian,5
7203,asian,12
7204,asian,12
7205,asian,30
7206,asian,7
7207,asian,25
7208,asian,6
7209,asian,18
7210,asian,12
7211,asian,18
7212,asian,28
7213,asian,6
7214,asian,6
7215,asian,26
7216,asian,7
7217,asian,12
7218,asian,12
7219,asian,30
7220,asian,18
7221,asian,3
7222,asian,11
7223,asian,23
7224,asian,11
7225,asian,10
7226,asian,21
7227,asian,30
7228,asian,25
7229,asian,1
7230,asian,6
7231,asian,1
7232,asian,23
7233,asian,9
7234,asian,4
7235,asian,19
7236,asian,10
7237,asian,14
7238,asian,6
7239,asian,30
7240,asian,19
7241,asian,30
7242,asian,6
7243,asian,25
7244,asian,9
7245,asian,11
7246,asian,10
7247,asian,6
7248,asian,19
7249,asian,30
7250,asian,14
7251,asian,30
7252,asian,23
7253,asian,20
7254,asian,19
7255,asian,17
7256,asian,10
7257,asian,21
7258,asian,9
7259,asian,19
7260,asian,21
7261,asian,30
7262,asian,21
7263,asian,19
7264,asian,6
7265,asian,19
7266,asian,17
7267,asian,4
7268,asian,14
7269,asian,9
7270,asian,23
7271,asian,4
7272,asian,6
7273,asian,25
7274,asian,6
7275,asian,9
7276,asian,20
7277,asian,20
7278,asian,11
7279,asian,9
7280,asian,21
7281,asian,19
7282,asian,19
7283,asian,14
7284,asian,20
7285,asian,25
7286,asian,11
7287,asian,1
7288,asian,23
7289,asian,4
7290,asian,25
7291,asian,6
7292,asian,1
7293,asian,23
7294,asian,1
7295,asian,14
7296,asian,11
7297,asian,25
7298,asian,17
7299,asian,10
7300,asian,23
7301,asian,20
7302,asian,9
7303,asian,30
7304,asian,21
7305,asian,23
7306,asian,19
7307,asian,21
7308,asian,14
7309,asian,9
7310,asian,10
7311,asian,17
7312,asian,30
7313,asian,17
7314,asian,4
7315,asian,4
7316,asian,20
7317,asian,23
7318,asian,25
7319,asian,30
7320,asian,25
7321,asian,6
7322,asian,17
7323,asian,11
7324,asian,17
7325,asian,14
7326,asian,1
7327,asian,10
7328,asian,9
7329,asian,20
7330,asian,9
7331,asian,4
7332,asian,21
7333,asian,20
7334,asian,30
7335,asian,1
7336,asian,30
7337,asian,17
7338,asian,21
7339,asian,30
7340,asian,17
7341,asian,14
7342,asian,20
7343,asian,25
7344,asian,9
7345,asian,4
7346,asian,17
7347,asian,17
7348,asian,11
7349,asian,17
7350,asian,1
7351,asian,1
7352,asian,14
7353,asian,10
7354,asian,21
7355,asian,4
7356,asian,17
7357,asian,25
7358,asian,20
7359,asian,25
7360,asian,21
7361,asian,21
7362,asian,4
7363,asian,11
7364,asian,25
7365,asian,21
7366,asian,30
7367,asian,20
7368,asian,4
7369,asian,15
7370,asian,12
7371,asian,3
7372,asian,5
7373,asian,1
7374,asian,5
7375,asian,16
7376,asian,1
7377,asian,24
7378,asian,18
7379,asian,26
7380,asian,24
7381,asian,8
7382,asian,16
7383,asian,1
7384,asian,29
7385,asian,26
7386,asian,13
7387,asian,28
7388,asian,29
7389,asian,16
7390,asian,18
7391,asian,26
7392,asian,3
7393,asian,24
7394,asian,24
7395,asian,15
7396,asian,18
7397,asian,12
7398,asian,28
7399,asian,8
7400,asian,8
7401,asian,26
7402,asian,15
7403,asian,13
7404,asian,29
7405,asian,28
7406,asian,13
7407,asian,29
7408,asian,12
7409,asian,7
7410,asian,7
7411,asian,16
7412,asian,29
7413,asian,28
7414,asian,7
7415,asian,26
7416,asian,24
7417,asian,28
7418,asian,8
7419,asian,13
7420,asian,7
7421,asian,7
7422,asian,12
7423,asian,1
7424,asian,5
7425,asian,28
7426,asian,13
7427,asian,3
7428,asian,8
7429,asian,18
7430,asian,3
7431,asian,26
7432,asian,1
7433,asian,5
7434,asian,29
7435,asian,5
7436,asian,5
7437,asian,1
7438,asian,16
7439,asian,12
7440,asian,8
7441,asian,12
7442,asian,5
7443,asian,16
7444,asian,15
7445,asian,13
7446,asian,5
7447,asian,18
7448,asian,3
7449,asian,16
7450,asian,15
7451,asian,7
7452,asian,24
7453,asian,24
7454,asian,3
7455,asian,3
7456,asian,18
7457,asian,13
7458,asian,18
7459,asian,3
7460,asian,13
7461,asian,28
7462,asian,1
7463,asian,26
7464,asian,29
7465,asian,8
7466,asian,8
7467,asian,12
7468,asian,18
7469,asian,13
7470,asian,12
7471,asian,7
7472,asian,29
7473,asian,16
7474,asian,12
7475,asian,1
7476,asian,15
7477,asian,15
7478,asian,29
7479,asian,28
7480,asian,26
7481,asian,3
7482,asian,15
7483,asian,7
7484,asian,24
7485,asian,18
7486,asian,1
7487,asian,16
7488,asian,5
7489,asian,7
7490,asian,7
7491,asian,24
7492,asian,15
7493,asian,8
7494,asian,26
7495,asian,29
7496,asian,7
7497,asian,26
7498,asian,5
7499,asian,28
7500,asian,12
7501,asian,1
7502,asian,11
7503,asian,10
7504,asian,12
7505,asian,7
7506,asian,2
7507,asian,19
7508,asian,19
7509,asian,10
7510,asian,20
7511,asian,17
7512,asian,25
7513,asian,6
7514,asian,19
7515,asian,24
7516,asian,2
7517,asian,17
7518,asian,30
7519,asian,20
7520,asian,11
7521,asian,15
7522,asian,29
7523,asian,22
7524,asian,20
7525,asian,22
7526,asian,27
7527,asian,30
7528,asian,10
7529,asian,28
7530,asian,7
7531,asian,14
7532,asian,11
7533,asian,27
7534,asian,22
7535,asian,6
7536,asian,4
7537,asian,28
7538,asian,21
7539,asian,9
7540,asian,7
7541,asian,25
7542,asian,16
7543,asian,7
7544,asian,29
7545,asian,29
7546,asian,14
7547,asian,21
7548,asian,15
7549,asian,6
7550,asian,15
7551,asian,13
7552,asian,13
7553,asian,29
7554,asian,16
7555,asian,16
7556,asian,20
7557,asian,2
7558,asian,4
7559,asian,17
7560,asian,9
7561,asian,20
7562,asian,16
7563,asian,17
7564,asian,15
7565,asian,27
7566,asian,24
7567,asian,25
7568,asian,30
7569,asian,2
7570,asian,23
7571,asian,13
7572,asian,30
7573,asian,28
7574,asian,7
7575,asian,14
7576,asian,4
7577,asian,15
7578,asian,13
7579,asian,22
7580,asian,21
7581,asian,21
7582,asian,15
7583,asian,30
7584,asian,11
7585,asian,6
7586,asian,13
7587,asian,28
7588,asian,20
7589,asian,14
7590,asian,24
7591,asian,9
7592,asian,12
7593,asian,2
7594,asian,23
7595,asian,29
7596,asian,23
7597,asian,14
7598,asian,16
7599,asian,9
7600,asian,20
7601,asian,16
7602,asian,15
7603,asian,17
7604,asian,11
7605,asian,28
7606,asian,12
7607,asian,30
7608,asian,27
7609,asian,19
7610,asian,22
7611,asian,27
7612,asian,21
7613,asian,4
7614,asian,29
7615,asian,23
7616,asian,15
7617,asian,22
7618,asian,12
7619,asian,25
7620,asian,12
7621,asian,6
7622,asian,23
7623,asian,4
7624,asian,29
7625,asian,24
7626,asian,9
7627,asian,24
7628,asian,27
7629,asian,7
7630,asian,9
7631,asian,2
7632,asian,22
7633,asian,24
7634,asian,15
7635,asian,14
7636,asian,12
7637,asian,9
7638,asian,24
7639,asian,10
7640,asian,21
7641,asian,25
7642,asian,4
7643,asian,23
7644,asian,20
7645,asian,6
7646,asian,17
7647,asian,9
7648,asian,28
7649,asian,17
7650,asian,29
7651,asian,14
7652,asian,9
7653,asian,24
7654,asian,6
7655,asian,11
7656,asian,13
7657,asian,15
7658,asian,21
7659,asian,13
7660,asian,25
7661,asian,11
7662,asian,12
7663,asian,30
7664,asian,11
7665,asian,24
7666,asian,2
7667,asian,21
7668,asian,10
7669,asian,28
7670,asian,10
7671,asian,23
7672,asian,13
7673,asian,20
7674,asian,20
7675,asian,11
7676,asian,16
7677,asian,29
7678,asian,30
7679,asian,15
7680,asian,24
7681,asian,13
7682,asian,7
7683,asian,22
7684,asian,27
7685,asian,9
7686,asian,13
7687,asian,19
7688,asian,23
7689,asian,12
7690,asian,7
7691,asian,23
7692,asian,15
7693,asian,20
7694,asian,29
7695,asian,21
7696,asian,19
7697,asian,6
7698,asian,4
7699,asian,11
7700,asian,19
7701,asian,12
7702,asian,4
7703,asian,27
7704,asian,16
7705,asian,23
7706,asian,14
7707,asian,10
7708,asian,20
7709,asian,11
7710,asian,17
7711,asian,4
7712,asian,25
7713,asian,11
7714,asian,23
7715,asian,4
7716,asian,19
7717,asian,12
7718,asian,19
7719,asian,11
7720,asian,4
7721,asian,19
7722,asian,16
7723,asian,6
7724,asian,10
7725,asian,13
7726,asian,13
7727,asian,20
7728,asian,16
7729,asian,17
7730,asian,30
7731,asian,25
7732,asian,25
7733,asian,10
7734,asian,28
7735,asian,14
7736,asian,19
7737,asian,7
7738,asian,30
7739,asian,25
7740,asian,27
7741,asian,19
7742,asian,28
7743,asian,16
7744,asian,14
7745,asian,10
7746,asian,2
7747,asian,6
7748,asian,17
7749,asian,9
7750,asian,2
7751,asian,22
7752,asian,7
7753,asian,23
7754,asian,25
7755,asian,25
7756,asian,5
7757,asian,3
7758,asian,5
7759,asian,5
7760,asian,3
7761,asian,3
7762,asian,5
7763,asian,3
7764,asian,5
7765,asian,5
7766,asian,3
7767,asian,5
7768,asian,3
7769,asian,3
7770,asian,5
7771,asian,3
7772,asian,3
7773,asian,26
7774,asian,14
7775,asian,14
7776,asian,14
7777,asian,10
7778,asian,18
7779,asian,10
7780,asian,10
7781,asian,26
7782,asian,18
7783,asian,18
7784,asian,10
7785,asian,26
7786,asian,18
7787,asian,10
7788,asian,26
7789,asian,18
7790,asian,26
7791,asian,18
7792,asian,26
7793,asian,26
7794,asian,26
7795,asian,18
7796,asian,10
7797,asian,14
7798,asian,18
7799,asian,14
7800,asian,14
7801,asian,10
7802,asian,14
7803,asian,14
7804,asian,26
7805,asian,14
7806,asian,26
7807,asian,18
7808,asian,10
7809,asian,10
7810,asian,26
7811,asian,18
7812,asian,18
7813,asian,18
7814,asian,26
7815,asian,10
7816,asian,21
7817,asian,11
7818,asian,3
7819,asian,11
7820,asian,3
7821,asian,27
7822,asian,3
7823,asian,21
7824,asian,3
7825,asian,3
7826,asian,27
7827,asian,11
7828,asian,11
7829,asian,27
7830,asian,21
7831,asian,3
7832,asian,21
7833,asian,27
7834,asian,21
7835,asian,11
7836,asian,27
7837,asian,27
7838,asian,11
7839,asian,27
7840,asian,11
7841,asian,3
7842,asian,21
7843,asian,27
7844,asian,27
7845,asian,27
7846,asian,21
7847,asian,11
7848,asian,3
7849,asian,21
7850,asian,11
7851,asian,27
7852,asian,3
7853,asian,29
7854,asian,25
7855,asian,8
7856,asian,29
7857,asian,8
7858,asian,1
7859,asian,5
7860,asian,5
7861,asian,8
7862,asian,5
7863,asian,29
7864,asian,8
7865,asian,8
7866,asian,13
7867,asian,25
7868,asian,13
7869,asian,8
7870,asian,1
7871,asian,25
7872,asian,29
7873,asian,13
7874,asian,13
7875,asian,1
7876,asian,1
7877,asian,25
7878,asian,5
7879,asian,5
7880,asian,13
7881,asian,13
7882,asian,13
7883,asian,13
7884,asian,25
7885,asian,1
7886,asian,25
7887,asian,5
7888,asian,1
7889,asian,29
7890,asian,1
7891,asian,25
7892,asian,5
7893,asian,29
7894,asian,8
7895,asian,1
7896,asian,1
7897,asian,5
7898,asian,8
7899,asian,1
7900,asian,5
7901,asian,13
7902,asian,5
7903,asian,8
7904,asian,8
7905,asian,13
7906,asian,25
7907,asian,1
7908,asian,29
7909,asian,25
7910,asian,25
7911,asian,29
7912,asian,8
7913,asian,1
7914,asian,29
7915,asian,29
7916,asian,8
7917,asian,13
7918,asian,29
7919,asian,30
7920,asian,4
7921,asian,20
7922,asian,20
7923,asian,2
7924,asian,24
7925,asian,2
7926,asian,19
7927,asian,15
7928,asian,30
7929,asian,20
7930,asian,4
7931,asian,4
7932,asian,7
7933,asian,28
7934,asian,23
7935,asian,2
7936,asian,15
7937,asian,30
7938,asian,24
7939,asian,12
7940,asian,12
7941,asian,6
7942,asian,24
7943,asian,19
7944,asian,23
7945,asian,24
7946,asian,22
7947,asian,20
7948,asian,24
7949,asian,15
7950,asian,19
7951,asian,22
7952,asian,2
7953,asian,17
7954,asian,23
7955,asian,22
7956,asian,16
7957,asian,7
7958,asian,28
7959,asian,15
7960,asian,12
7961,asian,7
7962,asian,19
7963,asian,19
7964,asian,16
7965,asian,12
7966,asian,9
7967,asian,22
7968,asian,9
7969,asian,17
7970,asian,20
7971,asian,6
7972,asian,23
7973,asian,20
7974,asian,9
7975,asian,28
7976,asian,17
7977,asian,9
7978,asian,22
7979,asian,2
7980,asian,9
7981,asian,9
7982,asian,4
7983,asian,4
7984,asian,28
7985,asian,22
7986,asian,7
7987,asian,16
7988,asian,30
7989,asian,15
7990,asian,28
7991,asian,22
7992,asian,12
7993,asian,28
7994,asian,2
7995,asian,9
7996,asian,16
7997,asian,7
7998,asian,20
7999,asian,15
8000,asian,6
8001,asian,19
8002,asian,16
8003,asian,19
8004,asian,15
8005,asian,6
8006,asian,22
8007,asian,2
8008,asian,28
8009,asian,12
8010,asian,24
8011,asian,19
8012,asian,28
8013,asian,30
8014,asian,24
8015,asian,6
8016,asian,16
8017,asian,4
8018,asian,16
8019,asian,12
8020,asian,17
8021,asian,30
8022,asian,7
8023,asian,23
8024,asian,28
8025,asian,6
8026,asian,17
8027,asian,7
8028,asian,16
8029,asian,6
8030,asian,28
8031,asian,17
8032,asian,12
8033,asian,2
8034,asian,4
8035,asian,12
8036,asian,16
8037,asian,2
8038,asian,23
8039,asian,24
8040,asian,23
8041,asian,23
8042,asian,4
8043,asian,17
8044,asian,22
8045,asian,12
8046,asian,7
8047,asian,30
8048,asian,20
8049,asian,15
8050,asian,22
8051,asian,9
8052,asian,30
8053,asian,4
8054,asian,20
8055,asian,6
8056,asian,19
8057,asian,24
8058,asian,6
8059,asian,22
8060,asian,17
8061,asian,16
8062,asian,6
8063,asian,22
8064,asian,6
8065,asian,2
8066,asian,20
8067,asian,2
8068,asian,4
8069,asian,7
8070,asian,15
8071,asian,6
8072,asian,9
8073,asian,2
8074,asian,2
8075,asian,9
8076,asian,28
8077,asian,30
8078,asian,4
8079,asian,19
8080,asian,20
8081,asian,24
8082,asian,12
8083,asian,15
8084,asian,23
8085,asian,6
8086,asian,16
8087,asian,17
8088,asian,7
8089,asian,11
8090,asian,27
8091,asian,10
8092,asian,11
8093,asian,27
8094,asian,27
8095,asian,18
8096,asian,11
8097,asian,18
8098,asian,27
8099,asian,10
8100,asian,11
8101,asian,10
8102,asian,11
8103,asian,10
8104,asian,10
8105,asian,18
8106,asian,18
8107,asian,10
8108,asian,18
8109,asian,18
8110,asian,10
8111,asian,27
8112,asian,18
8113,asian,27
8114,asian,27
8115,asian,18
8116,asian,27
8117,asian,11
8118,asian,11
8119,asian,11
8120,asian,27
8121,asian,10
8122,asian,27
8123,asian,10
8124,asian,18
8125,asian,11
8126,asian,21
8127,asian,28
8128,asian,21
8129,asian,3
8130,asian,19
8131,asian,26
8132,asian,26
8133,asian,14
8134,asian,29
8135,asian,1
8136,asian,14
8137,asian,23
8138,asian,17
8139,asian,29
8140,asian,24
8141,asian,21
8142,asian,26
8143,asian,29
8144,asian,29
8145,asian,23
8146,asian,19
8147,asian,28
8148,asian,30
8149,asian,17
8150,asian,15
8151,asian,26
8152,asian,30
8153,asian,15
8154,asian,30
8155,asian,9
8156,asian,28
8157,asian,29
8158,asian,26
8159,asian,17
8160,asian,19
8161,asian,1
8162,asian,15
8163,asian,9
8164,asian,14
8165,asian,24
8166,asian,9
8167,asian,15
8168,asian,24
8169,asian,24
8170,asian,9
8171,asian,15
8172,asian,3
8173,asian,14
8174,asian,23
8175,asian,19
8176,asian,9
8177,asian,21
8178,asian,30
8179,asian,15
8180,asian,1
8181,asian,21
8182,asian,24
8183,asian,21
8184,asian,3
8185,asian,23
8186,asian,1
8187,asian,24
8188,asian,30
8189,asian,15
8190,asian,30
8191,asian,21
8192,asian,23
8193,asian,26
8194,asian,19
8195,asian,26
8196,asian,29
8197,asian,17
8198,asian,29
8199,asian,24
8200,asian,17
8201,asian,3
8202,asian,26
8203,asian,28
8204,asian,19
8205,asian,15
8206,asian,3
8207,asian,17
8208,asian,17
8209,asian,1
8210,asian,30
8211,asian,28
8212,asian,19
8213,asian,1
8214,asian,29
8215,asian,19
8216,asian,14
8217,asian,21
8218,asian,28
8219,asian,14
8220,asian,24
8221,asian,23
8222,asian,23
8223,asian,9
8224,asian,3
8225,asian,14
8226,asian,29
8227,asian,1
8228,asian,30
8229,asian,19
8230,asian,9
8231,asian,28
8232,asian,9
8233,asian,19
8234,asian,1
8235,asian,3
8236,asian,28
8237,asian,19
8238,asian,30
8239,asian,1
8240,asian,17
8241,asian,3
8242,asian,23
8243,asian,3
8244,asian,24
8245,asian,23
8246,asian,17
8247,asian,23
8248,asian,30
8249,asian,30
8250,asian,3
8251,asian,26
8252,asian,30
8253,asian,28
8254,asian,14
8255,asian,3
8256,asian,26
8257,asian,17
8258,asian,9
8259,asian,15
8260,asian,1
8261,asian,24
8262,asian,21
8263,asian,15
8264,asian,1
8265,asian,30
8266,asian,21
8267,asian,21
8268,asian,21
8269,asian,26
8270,asian,15
8271,asian,28
8272,asian,23
8273,asian,3
8274,asian,15
8275,asian,29
8276,asian,17
8277,asian,23
8278,asian,3
8279,asian,17
8280,asian,8
8281,asian,20
8282,asian,12
8283,asian,16
8284,asian,12
8285,asian,6
8286,asian,20
8287,asian,16
8288,asian,13
8289,asian,20
8290,asian,25
8291,asian,25
8292,asian,13
8293,asian,25
8294,asian,5
8295,asian,2
8296,asian,16
8297,asian,2
8298,asian,12
8299,asian,25
8300,asian,6
8301,asian,5
8302,asian,2
8303,asian,2
8304,asian,7
8305,asian,16
8306,asian,4
8307,asian,22
8308,asian,20
8309,asian,4
8310,asian,4
8311,asian,13
8312,asian,6
8313,asian,2
8314,asian,8
8315,asian,7
8316,asian,20
8317,asian,2
8318,asian,5
8319,asian,16
8320,asian,22
8321,asian,6
8322,asian,5
8323,asian,5
8324,asian,8
8325,asian,25
8326,asian,16
8327,asian,4
8328,asian,12
8329,asian,6
8330,asian,22
8331,asian,7
8332,asian,20
8333,asian,22
8334,asian,25
8335,asian,20
8336,asian,22
8337,asian,8
8338,asian,22
8339,asian,8
8340,asian,13
8341,asian,4
8342,asian,4
8343,asian,5
8344,asian,8
8345,asian,7
8346,asian,13
8347,asian,7
8348,asian,2
8349,asian,12
8350,asian,4
8351,asian,5
8352,asian,25
8353,asian,5
8354,asian,13
8355,asian,20
8356,asian,7
8357,asian,5
8358,asian,8
8359,asian,6
8360,asian,5
8361,asian,7
8362,asian,25
8363,asian,6
8364,asian,2
8365,asian,13
8366,asian,2
8367,asian,4
8368,asian,13
8369,asian,13
8370,asian,8
8371,asian,2
8372,asian,12
8373,asian,4
8374,asian,2
8375,asian,20
8376,asian,12
8377,asian,22
8378,asian,7
8379,asian,22
8380,asian,6
8381,asian,6
8382,asian,22
8383,asian,16
8384,asian,25
8385,asian,13
8386,asian,6
8387,asian,7
8388,asian,16
8389,asian,8
8390,asian,20
8391,asian,22
8392,asian,16
8393,asian,16
8394,asian,12
8395,asian,7
8396,asian,2
8397,asian,12
8398,asian,20
8399,asian,4
8400,asian,4
8401,asian,6
8402,asian,7
8403,asian,18
8404,asian,10
8405,asian,18
8406,asian,10
8407,asian,18
8408,asian,18
8409,asian,10
8410,asian,10
8411,asian,18
8412,asian,10
8413,asian,18
8414,asian,10
8415,asian,10
8416,asian,10
8417,asian,18
8418,asian,10
8419,asian,18
8420,asian,10
8421,asian,18
8422,asian,18
8423,asian,18
8424,asian,10
8425,asian,18
8426,asian,10
8427,asian,18
8428,asian,17
8429,asian,11
8430,asian,5
8431,asian,19
8432,asian,1
8433,asian,14
8434,asian,15
8435,asian,9
8436,asian,8
8437,asian,26
8438,asian,20
8439,asian,17
8440,asian,26
8441,asian,25
8442,asian,29
8443,asian,6
8444,asian,25
8445,asian,29
8446,asian,28
8447,asian,12
8448,asian,19
8449,asian,16
8450,asian,21
8451,asian,12
8452,asian,30
8453,asian,30
8454,asian,29
8455,asian,16
8456,asian,8
8457,asian,24
8458,asian,30
8459,asian,27
8460,asian,23
8461,asian,30
8462,asian,11
8463,asian,11
8464,asian,21
8465,asian,19
8466,asian,11
8467,asian,22
8468,asian,23
8469,asian,1
8470,asian,8
8471,asian,26
8472,asian,18
8473,asian,14
8474,asian,17
8475,asian,16
8476,asian,29
8477,asian,9
8478,asian,3
8479,asian,24
8480,asian,12
8481,asian,1
8482,asian,24
8483,asian,21
8484,asian,6
8485,asian,15
8486,asian,6
8487,asian,24
8488,asian,22
8489,asian,20
8490,asian,16
8491,asian,2
8492,asian,21
8493,asian,16
8494,asian,29
8495,asian,18
8496,asian,20
8497,asian,19
8498,asian,12
8499,asian,21
8500,asian,17
8501,asian,6
8502,asian,18
8503,asian,22
8504,asian,8
8505,asian,28
8506,asian,24
8507,asian,3
8508,asian,3
8509,asian,25
8510,asian,21
8511,asian,27
8512,asian,3
8513,asian,25
8514,asian,25
8515,asian,21
8516,asian,2
8517,asian,11
8518,asian,2
8519,asian,14
8520,asian,24
8521,asian,12
8522,asian,15
8523,asian,3
8524,asian,20
8525,asian,6
8526,asian,17
8527,asian,9
8528,asian,27
8529,asian,19
8530,asian,26
8531,asian,27
8532,asian,12
8533,asian,28
8534,asian,17
8535,asian,9
8536,asian,17
8537,asian,28
8538,asian,24
8539,asian,18
8540,asian,21
8541,asian,14
8542,asian,27
8543,asian,25
8544,asian,23
8545,asian,15
8546,asian,5
8547,asian,22
8548,asian,9
8549,asian,22
8550,asian,9
8551,asian,1
8552,asian,16
8553,asian,30
8554,asian,3
8555,asian,1
8556,asian,15
8557,asian,26
8558,asian,5
8559,asian,5
8560,asian,28
8561,asian,15
8562,asian,12
8563,asian,29
8564,asian,15
8565,asian,18
8566,asian,23
8567,asian,21
8568,asian,2
8569,asian,5
8570,asian,8
8571,asian,5
8572,asian,30
8573,asian,27
8574,asian,2
8575,asian,20
8576,asian,18
8577,asian,20
8578,asian,19
8579,asian,11
8580,asian,6
8581,asian,1
8582,asian,18
8583,asian,23
8584,asian,21
8585,asian,9
8586,asian,8
8587,asian,29
8588,asian,14
8589,asian,5
8590,asian,26
8591,asian,20
8592,asian,15
8593,asian,23
8594,asian,22
8595,asian,3
8596,asian,3
8597,asian,6
8598,asian,14
8599,asian,30
8600,asian,14
8601,asian,2
8602,asian,25
8603,asian,27
8604,asian,23
8605,asian,19
8606,asian,14
8607,asian,26
8608,asian,19
8609,asian,29
8610,asian,16
8611,asian,26
8612,asian,27
8613,asian,20
8614,asian,16
8615,asian,23
8616,asian,26
8617,asian,14
8618,asian,8
8619,asian,20
8620,asian,1
8621,asian,29
8622,asian,21
8623,asian,8
8624,asian,2
8625,asian,20
8626,asian,21
8627,asian,11
8628,asian,3
8629,asian,17
8630,asian,2
8631,asian,11
8632,asian,8
8633,asian,23
8634,asian,23
8635,asian,17
8636,asian,12
8637,asian,16
8638,asian,18
8639,asian,15
8640,asian,28
8641,asian,11
8642,asian,27
8643,asian,5
8644,asian,27
8645,asian,28
8646,asian,2
8647,asian,28
8648,asian,3
8649,asian,22
8650,asian,30
8651,asian,5
8652,asian,1
8653,asian,30
8654,asian,3
8655,asian,29
8656,asian,28
8657,asian,26
8658,asian,26
8659,asian,28
8660,asian,24
8661,asian,24
8662,asian,15
8663,asian,24
8664,asian,17
8665,asian,18
8666,asian,8
8667,asian,22
8668,asian,29
8669,asian,9
8670,asian,19
8671,asian,9
8672,asian,12
8673,asian,15
8674,asian,22
8675,asian,23
8676,asian,6
8677,asian,23
8678,asian,22
8679,asian,9
8680,asian,22
8681,asian,6
8682,asian,27
8683,asian,14
8684,asian,9
8685,asian,1
8686,asian,22
8687,asian,11
8688,asian,29
8689,asian,25
8690,asian,6
8691,asian,17
8692,asian,23
8693,asian,6
8694,asian,25
8695,asian,5
8696,asian,19
8697,asian,18
8698,asian,1
8699,asian,17
8700,asian,22
8701,asian,28
8702,asian,18
8703,asian,3
8704,asian,25
8705,asian,28
8706,asian,5
8707,asian,28
8708,asian,12
8709,asian,10
8710,asian,18
8711,asian,7
8712,asian,12
8713,asian,13
8714,asian,12
8715,asian,13
8716,asian,10
8717,asian,13
8718,asian,4
8719,asian,10
8720,asian,10
8721,asian,18
8722,asian,10
8723,asian,13
8724,asian,10
8725,asian,4
8726,asian,4
8727,asian,18
8728,asian,7
8729,asian,7
8730,asian,4
8731,asian,18
8732,asian,12
8733,asian,4
8734,asian,13
8735,asian,7
8736,asian,4
8737,asian,4
8738,asian,12
8739,asian,12
8740,asian,4
8741,asian,7
8742,asian,13
8743,asian,7
8744,asian,10
8745,asian,10
8746,asian,10
8747,asian,7
8748,asian,18
8749,asian,13
8750,asian,12
8751,asian,12
8752,asian,18
8753,asian,7
8754,asian,10
8755,asian,13
8756,asian,7
8757,asian,7
8758,asian,7
8759,asian,7
8760,asian,18
8761,asian,7
8762,asian,10
8763,asian,10
8764,asian,12
8765,asian,18
8766,asian,18
8767,asian,4
8768,asian,4
8769,asian,13
8770,asian,13
8771,asian,18
8772,asian,7
8773,asian,12
8774,asian,10
8775,asian,6
8776,asian,15
8777,asian,29
8778,asian,19
8779,asian,13
8780,asian,8
8781,asian,17
8782,asian,23
8783,asian,4
8784,asian,25
8785,asian,11
8786,asian,4
8787,asian,24
8788,asian,24
8789,asian,13
8790,asian,13
8791,asian,11
8792,asian,21
8793,asian,10
8794,asian,23
8795,asian,22
8796,asian,6
8797,asian,28
8798,asian,8
8799,asian,3
8800,asian,22
8801,asian,15
8802,asian,28
8803,asian,30
8804,asian,26
8805,asian,14
8806,asian,19
8807,asian,24
8808,asian,7
8809,asian,21
8810,asian,8
8811,asian,11
8812,asian,25
8813,asian,17
8814,asian,2
8815,asian,2
8816,asian,1
8817,asian,6
8818,asian,26
8819,asian,14
8820,asian,22
8821,asian,22
8822,asian,28
8823,asian,20
8824,asian,10
8825,asian,1
8826,asian,8
8827,asian,24
8828,asian,29
8829,asian,17
8830,asian,14
8831,asian,30
8832,asian,2
8833,asian,26
8834,asian,10
8835,asian,19
8836,asian,2
8837,asian,14
8838,asian,30
8839,asian,22
8840,asian,4
8841,asian,24
8842,asian,25
8843,asian,21
8844,asian,10
8845,asian,25
8846,asian,29
8847,asian,14
8848,asian,3
8849,asian,15
8850,asian,19
8851,asian,1
8852,asian,21
8853,asian,22
8854,asian,11
8855,asian,21
8856,asian,26
8857,asian,4
8858,asian,23
8859,asian,20
8860,asian,3
8861,asian,24
8862,asian,19
8863,asian,29
8864,asian,13
8865,asian,7
8866,asian,25
8867,asian,15
8868,asian,4
8869,asian,6
8870,asian,8
8871,asian,20
8872,asian,1
8873,asian,11
8874,asian,11
8875,asian,7
8876,asian,24
8877,asian,2
8878,asian,15
8879,asian,17
8880,asian,2
8881,asian,17
8882,asian,4
8883,asian,30
8884,asian,8
8885,asian,14
8886,asian,20
8887,asian,20
8888,asian,19
8889,asian,4
8890,asian,28
8891,asian,6
8892,asian,26
8893,asian,1
8894,asian,20
8895,asian,11
8896,asian,15
8897,asian,4
8898,asian,6
8899,asian,21
8900,asian,24
8901,asian,19
8902,asian,15
8903,asian,17
8904,asian,17
8905,asian,20
8906,asian,3
8907,asian,28
8908,asian,17
8909,asian,19
8910,asian,10
8911,asian,30
8912,asian,13
8913,asian,6
8914,asian,20
8915,asian,19
8916,asian,25
8917,asian,3
8918,asian,25
8919,asian,29
8920,asian,2
8921,asian,7
8922,asian,23
8923,asian,3
8924,asian,1
8925,asian,4
8926,asian,10
8927,asian,2
8928,asian,26
8929,asian,22
8930,asian,25
8931,asian,7
8932,asian,2
8933,asian,29
8934,asian,28
8935,asian,7
8936,asian,7
8937,asian,7
8938,asian,3
8939,asian,1
8940,asian,11
8941,asian,3
8942,asian,28
8943,asian,22
8944,asian,28
8945,asian,17
8946,asian,10
8947,asian,23
8948,asian,7
8949,asian,24
8950,asian,13
8951,asian,23
8952,asian,8
8953,asian,28
8954,asian,7
8955,asian,26
8956,asian,8
8957,asian,1
8958,asian,29
8959,asian,23
8960,asian,28
8961,asian,1
8962,asian,13
8963,asian,28
8964,asian,30
8965,asian,14
8966,asian,6
8967,asian,10
8968,asian,23
8969,asian,13
8970,asian,15
8971,asian,6
8972,asian,11
8973,asian,8
8974,asian,30
8975,asian,30
8976,asian,17
8977,asian,28
8978,asian,14
8979,asian,11
8980,asian,24
8981,asian,3
8982,asian,30
8983,asian,1
8984,asian,20
8985,asian,14
8986,asian,29
8987,asian,15
8988,asian,13
8989,asian,30
8990,asian,4
8991,asian,4
8992,asian,1
8993,asian,19
8994,asian,11
8995,asian,7
8996,asian,29
8997,asian,22
8998,asian,21
8999,asian,19
9000,asian,30
9001,asian,6
9002,asian,23
9003,asian,22
9004,asian,22
9005,asian,26
9006,asian,23
9007,asian,26
9008,asian,21
9009,asian,22
9010,asian,22
9011,asian,6
9012,asian,26
9013,asian,14
9014,asian,13
9015,asian,25
9016,asian,26
9017,asian,25
9018,asian,19
9019,asian,15
9020,asian,10
9021,asian,19
9022,asian,30
9023,asian,7
9024,asian,2
9025,asian,19
9026,asian,13
9027,asian,4
9028,asian,11
9029,asian,2
9030,asian,1
9031,asian,13
9032,asian,21
9033,asian,30
9034,asian,29
9035,asian,16
9036,asian,5
9037,asian,29
9038,asian,16
9039,asian,16
9040,asian,16
9041,asian,16
9042,asian,27
9043,asian,29
9044,asian,9
9045,asian,25
9046,asian,27
9047,asian,25
9048,asian,5
9049,asian,25
9050,asian,25
9051,asian,29
9052,asian,5
9053,asian,9
9054,asian,29
9055,asian,5
9056,asian,25
9057,asian,25
9058,asian,27
9059,asian,27
9060,asian,29
9061,asian,25
9062,asian,16
9063,asian,27
9064,asian,5
9065,asian,9
9066,asian,25
9067,asian,9
9068,asian,5
9069,asian,29
9070,asian,27
9071,asian,5
9072,asian,9
9073,asian,25
9074,asian,27
9075,asian,16
9076,asian,9
9077,asian,25
9078,asian,29
9079,asian,25
9080,asian,16
9081,asian,9
9082,asian,27
9083,asian,27
9084,asian,5
9085,asian,5
9086,asian,9
9087,asian,29
9088,asian,9
9089,asian,9
9090,asian,9
9091,asian,5
9092,asian,25
9093,asian,16
9094,asian,9
9095,asian,9
9096,asian,15
9097,asian,5
9098,asian,8
9099,asian,5
9100,asian,30
9101,asian,24
9102,asian,17
9103,asian,9
9104,asian,24
9105,asian,18
9106,asian,28
9107,asian,2
9108,asian,19
9109,asian,14
9110,asian,4
9111,asian,21
9112,asian,27
9113,asian,19
9114,asian,20
9115,asian,21
9116,asian,20
9117,asian,20
9118,asian,17
9119,asian,17
9120,asian,7
9121,asian,16
9122,asian,12
9123,asian,27
9124,asian,3
9125,asian,2
9126,asian,8
9127,asian,20
9128,asian,30
9129,asian,22
9130,asian,15
9131,asian,3
9132,asian,12
9133,asian,15
9134,asian,19
9135,asian,2
9136,asian,28
9137,asian,23
9138,asian,6
9139,asian,11
9140,asian,28
9141,asian,7
9142,asian,12
9143,asian,7
9144,asian,26
9145,asian,4
9146,asian,12
9147,asian,9
9148,asian,6
9149,asian,17
9150,asian,26
9151,asian,6
9152,asian,11
9153,asian,16
9154,asian,5
9155,asian,10
9156,asian,18
9157,asian,1
9158,asian,3
9159,asian,1
9160,asian,8
9161,asian,27
9162,asian,1
9163,asian,11
9164,asian,7
9165,asian,17
9166,asian,13
9167,asian,2
9168,asian,30
9169,asian,5
9170,asian,13
9171,asian,15
9172,asian,13
9173,asian,21
9174,asian,4
9175,asian,26
9176,asian,3
9177,asian,7
9178,asian,23
9179,asian,22
9180,asian,3
9181,asian,27
9182,asian,14
9183,asian,14
9184,asian,1
9185,asian,5
9186,asian,23
9187,asian,14
9188,asian,4
9189,asian,6
9190,asian,22
9191,asian,23
9192,asian,19
9193,asian,19
9194,asian,1
9195,asian,2
9196,asian,12
9197,asian,10
9198,asian,24
9199,asian,18
9200,asian,13
9201,asian,17
9202,asian,28
9203,asian,30
9204,asian,10
9205,asian,24
9206,asian,23
9207,asian,11
9208,asian,26
9209,asian,15
9210,asian,6
9211,asian,24
9212,asian,21
9213,asian,4
9214,asian,9
9215,asian,22
9216,asian,4
9217,asian,13
9218,asian,18
9219,asian,2
9220,asian,9
9221,asian,15
9222,asian,23
9223,asian,22
9224,asian,21
9225,asian,23
9226,asian,10
9227,asian,28
9228,asian,22
9229,asian,20
9230,asian,8
9231,asian,18
9232,asian,1
9233,asian,16
9234,asian,19
9235,asian,23
9236,asian,5
9237,asian,26
9238,asian,28
9239,asian,19
9240,asian,1
9241,asian,16
9242,asian,10
9243,asian,11
9244,asian,3
9245,asian,7
9246,asian,21
9247,asian,6
9248,asian,12
9249,asian,6
9250,asian,2
9251,asian,23
9252,asian,9
9253,asian,11
9254,asian,14
9255,asian,8
9256,asian,24
9257,asian,8
9258,asian,27
9259,asian,9
9260,asian,8
9261,asian,9
9262,asian,11
9263,asian,24
9264,asian,28
9265,asian,19
9266,asian,14
9267,asian,9
9268,asian,22
9269,asian,20
9270,asian,16
9271,asian,20
9272,asian,8
9273,asian,23
9274,asian,16
9275,asian,18
9276,asian,10
9277,asian,12
9278,asian,26
9279,asian,9
9280,asian,24
9281,asian,10
9282,asian,13
9283,asian,30
9284,asian,1
9285,asian,6
9286,asian,5
9287,asian,5
9288,asian,15
9289,asian,16
9290,asian,30
9291,asian,22
9292,asian,19
9293,asian,16
9294,asian,16
9295,asian,3
9296,asian,3
9297,asian,3
9298,asian,26
9299,asian,26
9300,asian,4
9301,asian,21
9302,asian,11
9303,asian,13
9304,asian,30
9305,asian,19
9306,asian,18
9307,asian,18
9308,asian,27
9309,asian,27
9310,asian,17
9311,asian,20
9312,asian,27
9313,asian,20
9314,asian,30
9315,asian,11
9316,asian,8
9317,asian,15
9318,asian,21
9319,asian,14
9320,asian,24
9321,asian,24
9322,asian,14
9323,asian,15
9324,asian,3
9325,asian,12
9326,asian,7
9327,asian,1
9328,asian,13
9329,asian,10
9330,asian,5
9331,asian,6
9332,asian,21
9333,asian,10
9334,asian,30
9335,asian,27
9336,asian,10
9337,asian,12
9338,asian,22
9339,asian,19
9340,asian,19
9341,asian,18
9342,asian,5
9343,asian,11
9344,asian,28
9345,asian,26
9346,asian,6
9347,asian,24
9348,asian,4
9349,asian,3
9350,asian,20
9351,asian,7
9352,asian,12
9353,asian,6
9354,asian,13
9355,asian,1
9356,asian,24
9357,asian,17
9358,asian,9
9359,asian,26
9360,asian,10
9361,asian,18
9362,asian,18
9363,asian,13
9364,asian,21
9365,asian,27
9366,asian,19
9367,asian,13
9368,asian,18
9369,asian,11
9370,asian,15
9371,asian,17
9372,asian,16
9373,asian,2
9374,asian,7
9375,asian,15
9376,asian,7
9377,asian,11
9378,asian,22
9379,asian,15
9380,asian,17
9381,asian,5
9382,asian,11
9383,asian,30
9384,asian,12
9385,asian,13
9386,asian,18
9387,asian,27
9388,asian,28
9389,asian,2
9390,asian,26
9391,asian,17
9392,asian,3
9393,asian,5
9394,asian,24
9395,asian,6
9396,asian,19
9397,asian,2
9398,asian,27
9399,asian,27
9400,asian,12
9401,asian,24
9402,asian,4
9403,asian,26
9404,asian,6
9405,asian,2
9406,asian,10
9407,asian,2
9408,asian,15
9409,asian,16
9410,asian,4
9411,asian,16
9412,asian,30
9413,asian,3
9414,asian,1
9415,asian,21
9416,asian,4
9417,asian,17
9418,asian,23
9419,asian,21
9420,asian,24
9421,asian,26
9422,asian,1
9423,asian,1
9424,asian,16
9425,asian,16
9426,asian,23
9427,asian,26
9428,asian,30
9429,asian,16
9430,asian,26
9431,asian,3
9432,asian,3
9433,asian,30
9434,asian,30
9435,asian,21
9436,asian,23
9437,asian,3
9438,asian,24
9439,asian,21
9440,asian,4
9441,asian,4
9442,asian,16
9443,asian,4
9444,asian,16
9445,asian,17
9446,asian,4
9447,asian,17
9448,asian,24
9449,asian,1
9450,asian,21
9451,asian,16
9452,asian,1
9453,asian,30
9454,asian,23
9455,asian,24
9456,asian,17
9457,asian,26
9458,asian,17
9459,asian,23
9460,asian,17
9461,asian,4
9462,asian,26
9463,asian,23
9464,asian,26
9465,asian,16
9466,asian,1
9467,asian,3
9468,asian,30
9469,asian,3
9470,asian,26
9471,asian,16
9472,asian,1
9473,asian,24
9474,asian,21
9475,asian,26
9476,asian,21
9477,asian,30
9478,asian,23
9479,asian,24
9480,asian,24
9481,asian,3
9482,asian,23
9483,asian,24
9484,asian,17
9485,asian,1
9486,asian,4
9487,asian,24
9488,asian,3
9489,asian,21
9490,asian,3
9491,asian,26
9492,asian,17
9493,asian,4
9494,asian,16
9495,asian,23
9496,asian,23
9497,asian,4
9498,asian,21
9499,asian,4
9500,asian,17
9501,asian,16
9502,asian,30
9503,asian,17
9504,asian,9
9505,asian,6
9506,asian,6
9507,asian,28
9508,asian,11
9509,asian,20
9510,asian,5
9511,asian,29
9512,asian,19
9513,asian,25
9514,asian,20
9515,asian,15
9516,asian,29
9517,asian,29
9518,asian,11
9519,asian,11
9520,asian,18
9521,asian,10
9522,asian,2
9523,asian,28
9524,asian,5
9525,asian,6
9526,asian,12
9527,asian,11
9528,asian,20
9529,asian,15
9530,asian,14
9531,asian,20
9532,asian,15
9533,asian,18
9534,asian,10
9535,asian,14
9536,asian,12
9537,asian,13
9538,asian,25
9539,asian,6
9540,asian,8
9541,asian,19
9542,asian,19
9543,asian,10
9544,asian,25
9545,asian,27
9546,asian,8
9547,asian,8
9548,asian,19
9549,asian,12
9550,asian,5
9551,asian,29
9552,asian,5
9553,asian,5
9554,asian,27
9555,asian,13
9556,asian,27
9557,asian,13
9558,asian,19
9559,asian,11
9560,asian,5
9561,asian,5
9562,asian,5
9563,asian,2
9564,asian,28
9565,asian,25
9566,asian,12
9567,asian,9
9568,asian,18
9569,asian,2
9570,asian,15
9571,asian,13
9572,asian,10
9573,asian,20
9574,asian,18
9575,asian,5
9576,asian,6
9577,asian,27
9578,asian,19
9579,asian,2
9580,asian,18
9581,asian,8
9582,asian,29
9583,asian,9
9584,asian,6
9585,asian,28
9586,asian,25
9587,asian,14
9588,asian,12
9589,asian,28
9590,asian,6
9591,asian,9
9592,asian,8
9593,asian,27
9594,asian,27
9595,asian,12
9596,asian,14
9597,asian,9
9598,asian,27
9599,asian,12
9600,asian,8
9601,asian,8
9602,asian,18
9603,asian,28
9604,asian,9
9605,asian,27
9606,asian,13
9607,asian,11
9608,asian,14
9609,asian,2
9610,asian,15
9611,asian,2
9612,asian,10
9613,asian,29
9614,asian,18
9615,asian,10
9616,asian,25
9617,asian,11
9618,asian,2
9619,asian,19
9620,asian,20
9621,asian,15
9622,asian,29
9623,asian,25
9624,asian,28
9625,asian,18
9626,asian,6
9627,asian,14
9628,asian,15
9629,asian,5
9630,asian,29
9631,asian,28
9632,asian,13
9633,asian,28
9634,asian,20
9635,asian,14
9636,asian,12
9637,asian,10
9638,asian,18
9639,asian,10
9640,asian,5
9641,asian,19
9642,asian,28
9643,asian,27
9644,asian,13
9645,asian,25
9646,asian,9
9647,asian,6
9648,asian,8
9649,asian,8
9650,asian,27
9651,asian,2
9652,asian,29
9653,asian,20
9654,asian,9
9655,asian,19
9656,asian,27
9657,asian,9
9658,asian,29
9659,asian,25
9660,asian,2
9661,asian,19
9662,asian,8
9663,asian,15
9664,asian,13
9665,asian,9
9666,asian,11
9667,asian,15
9668,asian,20
9669,asian,25
9670,asian,10
9671,asian,28
9672,asian,13
9673,asian,5
9674,asian,12
9675,asian,9
9676,asian,14
9677,asian,10
9678,asian,15
9679,asian,29
9680,asian,18
9681,asian,14
9682,asian,11
9683,asian,28
9684,asian,15
9685,asian,13
9686,asian,25
9687,asian,15
9688,asian,11
9689,asian,29
9690,asian,13
9691,asian,9
9692,asian,7
9693,asian,22
9694,asian,17
9695,asian,29
9696,asian,16
9697,asian,16
9698,asian,26
9699,asian,28
9700,asian,28
9701,asian,16
9702,asian,16
9703,asian,29
9704,asian,27
9705,asian,7
9706,asian,14
9707,asian,9
9708,asian,14
9709,asian,9
9710,asian,29
9711,asian,27
9712,asian,30
9713,asian,21
9714,asian,1
9715,asian,7
9716,asian,17
9717,asian,24
9718,asian,29
9719,asian,28
9720,asian,3
9721,asian,2
9722,asian,2
9723,asian,30
9724,asian,27
9725,asian,22
9726,asian,21
9727,asian,3
9728,asian,16
9729,asian,2
9730,asian,24
9731,asian,26
9732,asian,21
9733,asian,7
9734,asian,24
9735,asian,1
9736,asian,7
9737,asian,2
9738,asian,14
9739,asian,1
9740,asian,17
9741,asian,24
9742,asian,16
9743,asian,1
9744,asian,22
9745,asian,1
9746,asian,21
9747,asian,9
9748,asian,28
9749,asian,29
9750,asian,27
9751,asian,9
9752,asian,16
9753,asian,2
9754,asian,21
9755,asian,14
9756,asian,9
9757,asian,26
9758,asian,17
9759,asian,22
9760,asian,30
9761,asian,27
9762,asian,17
9763,asian,14
9764,asian,22
9765,asian,21
9766,asian,2
9767,asian,24
9768,asian,29
9769,asian,28
9770,asian,14
9771,asian,3
9772,asian,28
9773,asian,30
9774,asian,26
9775,asian,7
9776,asian,27
9777,asian,7
9778,asian,3
9779,asian,7
9780,asian,26
9781,asian,30
9782,asian,9
9783,asian,28
9784,asian,28
9785,asian,2
9786,asian,3
9787,asian,17
9788,asian,29
9789,asian,29
9790,asian,26
9791,asian,29
9792,asian,9
9793,asian,27
9794,asian,26
9795,asian,9
9796,asian,14
9797,asian,28
9798,asian,27
9799,asian,24
9800,asian,3
9801,asian,21
9802,asian,24
9803,asian,24
9804,asian,1
9805,asian,2
9806,asian,9
9807,asian,17
9808,asian,1
9809,asian,16
9810,asian,30
9811,asian,26
9812,asian,1
9813,asian,24
9814,asian,30
9815,asian,1
9816,asian,9
9817,asian,17
9818,asian,22
9819,asian,16
9820,asian,17
9821,asian,16
9822,asian,24
9823,asian,14
9824,asian,1
9825,asian,9
9826,asian,7
9827,asian,2
9828,asian,3
9829,asian,26
9830,asian,16
9831,asian,21
9832,asian,22
9833,asian,26
9834,asian,3
9835,asian,7
9836,asian,3
9837,asian,27
9838,asian,22
9839,asian,1
9840,asian,26
9841,asian,24
9842,asian,24
9843,asian,28
9844,asian,7
9845,asian,7
9846,asian,22
9847,asian,14
9848,asian,3
9849,asian,24
9850,asian,30
9851,asian,3
9852,asian,26
9853,asian,17
9854,asian,29
9855,asian,14
9856,asian,22
9857,asian,22
9858,asian,1
9859,asian,22
9860,asian,21
9861,asian,30
9862,asian,29
9863,asian,3
9864,asian,15
9865,asian,25
9866,asian,19
9867,asian,8
9868,asian,6
9869,asian,8
9870,asian,3
9871,asian,24
9872,asian,13
9873,asian,20
9874,asian,10
9875,asian,11
9876,asian,23
9877,asian,15
9878,asian,25
9879,asian,23
9880,asian,20
9881,asian,13
9882,asian,24
9883,asian,21
9884,asian,26
9885,asian,24
9886,asian,26
9887,asian,8
9888,asian,4
9889,asian,10
9890,asian,26
9891,asian,25
9892,asian,4
9893,asian,26
9894,asian,23
9895,asian,18
9896,asian,10
9897,asian,26
9898,asian,21
9899,asian,6
9900,asian,15
9901,asian,15
9902,asian,19
9903,asian,12
9904,asian,19
9905,asian,12
9906,asian,3
9907,asian,25
9908,asian,13
9909,asian,25
9910,asian,6
9911,asian,8
9912,asian,26
9913,asian,3
9914,asian,3
9915,asian,23
9916,asian,12
9917,asian,12
9918,asian,11
9919,asian,11
9920,asian,11
9921,asian,16
9922,asian,20
9923,asian,21
9924,asian,19
9925,asian,23
9926,asian,4
9927,asian,21
9928,asian,24
9929,asian,10
9930,asian,13
9931,asian,6
9932,asian,4
9933,asian,18
9934,asian,20
9935,asian,12
9936,asian,3
9937,asian,16
9938,asian,13
9939,asian,16
9940,asian,16
9941,asian,16
9942,asian,3
9943,asian,18
9944,asian,12
9945,asian,3
9946,asian,8
9947,asian,16
9948,asian,21
9949,asian,16
9950,asian,6
9951,asian,18
9952,asian,11
9953,asian,3
9954,asian,12
9955,asian,19
9956,asian,21
9957,asian,20
9958,asian,10
9959,asian,16
9960,asian,23
9961,asian,10
9962,asian,13
9963,asian,16
9964,asian,4
9965,asian,11
9966,asian,11
9967,asian,13
9968,asian,20
9969,asian,8
9970,asian,21
9971,asian,20
9972,asian,20
9973,asian,18
9974,asian,25
9975,asian,4
9976,asian,18
9977,asian,24
9978,asian,8
9979,asian,13
9980,asian,10
9981,asian,19
9982,asian,16
9983,asian,21
9984,asian,24
9985,asian,18
9986,asian,4
9987,asian,11
9988,asian,10
9989,asian,6
9990,asian,13
9991,asian,15
9992,asian,26
9993,asian,16
9994,asian,15
9995,asian,24
9996,asian,16
9997,asian,12
9998,asian,25
9999,asian,4
10000,asian,6
10001,asian,19
10002,asian,23
10003,asian,25
10004,asian,10
10005,asian,8
10006,asian,18
10007,asian,19
10008,asian,20
10009,asian,23
10010,asian,19
10011,asian,16
10012,asian,18
10013,asian,11
10014,asian,18
10015,asian,15
10016,asian,8
10017,asian,6
10018,asian,15
10019,asian,10
10020,asian,15
10021,asian,23
10022,asian,26
10023,asian,4
10024,asian,4
10025,asian,19
10026,asian,19
10027,asian,23
10028,asian,12
10029,asian,10
10030,asian,10
10031,asian,24
10032,asian,6
10033,asian,26
10034,asian,4
10035,asian,12
10036,asian,25
10037,asian,11
10038,asian,21
10039,asian,24
10040,asian,28
10041,asian,1
10042,asian,5
10043,asian,9
10044,asian,17
10045,asian,2
10046,asian,17
10047,asian,30
10048,asian,27
10049,asian,27
10050,asian,17
10051,asian,5
10052,asian,9
10053,asian,2
10054,asian,30
10055,asian,1
10056,asian,13
10057,asian,14
10058,asian,18
10059,asian,1
10060,asian,17
10061,asian,27
10062,asian,9
10063,asian,5
10064,asian,28
10065,asian,5
10066,asian,5
10067,asian,11
10068,asian,28
10069,asian,14
10070,asian,13
10071,asian,1
10072,asian,5
10073,asian,28
10074,asian,28
10075,asian,13
10076,asian,28
10077,asian,11
10078,asian,18
10079,asian,9
10080,asian,18
10081,asian,1
10082,asian,30
10083,asian,18
10084,asian,2
10085,asian,5
10086,asian,11
10087,asian,18
10088,asian,13
10089,asian,30
10090,asian,14
10091,asian,9
10092,asian,14
10093,asian,18
10094,asian,14
10095,asian,13
10096,asian,11
10097,asian,13
10098,asian,27
10099,asian,27
10100,asian,14
10101,asian,17
10102,asian,1
10103,asian,1
10104,asian,11
10105,asian,2
10106,asian,14
10107,asian,18
10108,asian,11
10109,asian,5
10110,asian,5
10111,asian,30
10112,asian,28
10113,asian,9
10114,asian,30
10115,asian,2
10116,asian,2
10117,asian,11
10118,asian,9
10119,asian,2
10120,asian,27
10121,asian,1
10122,asian,28
10123,asian,2
10124,asian,13
10125,asian,18
10126,asian,30
10127,asian,28
10128,asian,17
10129,asian,14
10130,asian,2
10131,asian,30
10132,asian,30
10133,asian,11
10134,asian,17
10135,asian,14
10136,asian,27
10137,asian,11
10138,asian,11
10139,asian,27
10140,asian,9
10141,asian,2
10142,asian,28
10143,asian,28
10144,asian,1
10145,asian,13
10146,asian,11
10147,asian,18
10148,asian,11
10149,asian,1
10150,asian,9
10151,asian,28
10152,asian,13
10153,asian,18
10154,asian,9
10155,asian,17
10156,asian,11
10157,asian,5
10158,asian,1
10159,asian,5
10160,asian,9
10161,asian,9
10162,asian,28
10163,asian,27
10164,asian,2
10165,asian,17
10166,asian,18
10167,asian,17
10168,asian,2
10169,asian,17
10170,asian,20
10171,asian,15
10172,asian,19
10173,asian,20
10174,asian,15
10175,asian,26
10176,asian,6
10177,asian,29
10178,asian,21
10179,asian,25
10180,asian,29
10181,asian,3
10182,asian,22
10183,asian,6
10184,asian,19
10185,asian,22
10186,asian,3
10187,asian,26
10188,asian,20
10189,asian,20
10190,asian,22
10191,asian,16
10192,asian,7
10193,asian,12
10194,asian,25
10195,asian,4
10196,asian,16
10197,asian,22
10198,asian,21
10199,asian,12
10200,asian,7
10201,asian,29
10202,asian,20
10203,asian,19
10204,asian,15
10205,asian,16
10206,asian,7
10207,asian,22
10208,asian,4
10209,asian,21
10210,asian,19
10211,asian,3
10212,asian,26
10213,asian,12
10214,asian,15
10215,asian,15
10216,asian,12
10217,asian,21
10218,asian,16
10219,asian,16
10220,asian,4
10221,asian,15
10222,asian,12
10223,asian,20
10224,asian,3
10225,asian,6
10226,asian,6
10227,asian,12
10228,asian,29
10229,asian,29
10230,asian,21
10231,asian,16
10232,asian,3
10233,asian,25
10234,asian,29
10235,asian,7
10236,asian,26
10237,asian,12
10238,asian,25
10239,asian,4
10240,asian,4
10241,asian,16
10242,asian,6
10243,asian,25
10244,asian,19
10245,asian,22
10246,asian,26
10247,asian,7
10248,asian,12
10249,asian,4
10250,asian,19
10251,asian,25
10252,asian,16
10253,asian,7
10254,asian,16
10255,asian,15
10256,asian,15
10257,asian,19
10258,asian,21
10259,asian,26
10260,asian,3
10261,asian,21
10262,asian,12
10263,asian,3
10264,asian,22
10265,asian,26
10266,asian,6
10267,asian,25
10268,asian,29
10269,asian,29
10270,asian,4
10271,asian,19
10272,asian,6
10273,asian,4
10274,asian,3
10275,asian,7
10276,asian,19
10277,asian,19
10278,asian,19
10279,asian,6
10280,asian,20
10281,asian,3
10282,asian,7
10283,asian,4
10284,asian,21
10285,asian,15
10286,asian,20
10287,asian,26
10288,asian,26
10289,asian,25
10290,asian,21
10291,asian,21
10292,asian,21
10293,asian,21
10294,asian,12
10295,asian,4
10296,asian,16
10297,asian,15
10298,asian,25
10299,asian,4
10300,asian,21
10301,asian,6
10302,asian,25
10303,asian,22
10304,asian,7
10305,asian,15
10306,asian,3
10307,asian,26
10308,asian,25
10309,asian,26
10310,asian,26
10311,asian,15
10312,asian,26
10313,asian,29
10314,asian,3
10315,asian,7
10316,asian,4
10317,asian,22
10318,asian,15
10319,asian,3
10320,asian,3
10321,asian,12
10322,asian,21
10323,asian,6
10324,asian,6
10325,asian,4
10326,asian,3
10327,asian,20
10328,asian,7
10329,asian,7
10330,asian,17
10331,asian,7
10332,asian,23
10333,asian,24
10334,asian,7
10335,asian,28
10336,asian,9
10337,asian,22
10338,asian,24
10339,asian,24
10340,asian,7
10341,asian,17
10342,asian,5
10343,asian,5
10344,asian,9
10345,asian,5
10346,asian,5
10347,asian,23
10348,asian,28
10349,asian,23
10350,asian,18
10351,asian,22
10352,asian,10
10353,asian,23
10354,asian,23
10355,asian,9
10356,asian,10
10357,asian,18
10358,asian,22
10359,asian,10
10360,asian,18
10361,asian,22
10362,asian,1
10363,asian,28
10364,asian,9
10365,asian,10
10366,asian,17
10367,asian,28
10368,asian,10
10369,asian,30
10370,asian,24
10371,asian,9
10372,asian,5
10373,asian,22
10374,asian,5
10375,asian,28
10376,asian,17
10377,asian,5
10378,asian,30
10379,asian,30
10380,asian,28
10381,asian,22
10382,asian,18
10383,asian,17
10384,asian,1
10385,asian,5
10386,asian,18
10387,asian,23
10388,asian,30
10389,asian,18
10390,asian,9
10391,asian,1
10392,asian,10
10393,asian,22
10394,asian,9
10395,asian,17
10396,asian,17
10397,asian,5
10398,asian,10
10399,asian,22
10400,asian,18
10401,asian,22
10402,asian,22
10403,asian,1
10404,asian,24
10405,asian,23
10406,asian,22
10407,asian,30
10408,asian,5
10409,asian,7
10410,asian,24
10411,asian,28
10412,asian,30
10413,asian,1
10414,asian,23
10415,asian,24
10416,asian,22
10417,asian,10
10418,asian,10
10419,asian,17
10420,asian,7
10421,asian,7
10422,asian,9
10423,asian,1
10424,asian,5
10425,asian,30
10426,asian,22
10427,asian,18
10428,asian,1
10429,asian,17
10430,asian,30
10431,asian,23
10432,asian,9
10433,asian,22
10434,asian,22
10435,asian,7
10436,asian,1
10437,asian,5
10438,asian,30
10439,asian,7
10440,asian,30
10441,asian,17
10442,asian,5
10443,asian,30
10444,asian,10
10445,asian,28
10446,asian,30
10447,asian,18
10448,asian,1
10449,asian,7
10450,asian,9
10451,asian,24
10452,asian,28
10453,asian,1
10454,asian,23
10455,asian,24
10456,asian,1
10457,asian,30
10458,asian,1
10459,asian,28
10460,asian,1
10461,asian,1
10462,asian,2
10463,asian,11
10464,asian,20
10465,asian,4
10466,asian,16
10467,asian,29
10468,asian,29
10469,asian,15
10470,asian,13
10471,asian,2
10472,asian,25
10473,asian,5
10474,asian,3
10475,asian,25
10476,asian,20
10477,asian,6
10478,asian,26
10479,asian,20
10480,asian,11
10481,asian,14
10482,asian,8
10483,asian,8
10484,asian,5
10485,asian,13
10486,asian,16
10487,asian,2
10488,asian,11
10489,asian,11
10490,asian,4
10491,asian,5
10492,asian,14
10493,asian,14
10494,asian,4
10495,asian,6
10496,asian,14
10497,asian,20
10498,asian,13
10499,asian,27
10500,asian,4
10501,asian,2
10502,asian,26
10503,asian,29
10504,asian,11
10505,asian,26
10506,asian,2
10507,asian,27
10508,asian,25
10509,asian,25
10510,asian,16
10511,asian,6
10512,asian,29
10513,asian,6
10514,asian,3
10515,asian,5
10516,asian,15
10517,asian,4
10518,asian,27
10519,asian,8
10520,asian,11
10521,asian,11
10522,asian,2
10523,asian,29
10524,asian,4
10525,asian,16
10526,asian,6
10527,asian,3
10528,asian,20
10529,asian,3
10530,asian,6
10531,asian,3
10532,asian,26
10533,asian,16
10534,asian,15
10535,asian,20
10536,asian,26
10537,asian,26
10538,asian,29
10539,asian,6
10540,asian,15
10541,asian,25
10542,asian,14
10543,asian,16
10544,asian,2
10545,asian,27
10546,asian,6
10547,asian,13
10548,asian,3
10549,asian,13
10550,asian,27
10551,asian,27
10552,asian,8
10553,asian,29
10554,asian,25
10555,asian,14
10556,asian,13
10557,asian,8
10558,asian,11
10559,asian,15
10560,asian,5
10561,asian,13
10562,asian,11
10563,asian,16
10564,asian,16
10565,asian,15
10566,asian,6
10567,asian,29
10568,asian,15
10569,asian,15
10570,asian,5
10571,asian,26
10572,asian,8
10573,asian,5
10574,asian,27
10575,asian,3
10576,asian,2
10577,asian,27
10578,asian,15
10579,asian,20
10580,asian,8
10581,asian,16
10582,asian,20
10583,asian,27
10584,asian,13
10585,asian,5
10586,asian,15
10587,asian,27
10588,asian,26
10589,asian,8
10590,asian,2
10591,asian,15
10592,asian,3
10593,asian,26
10594,asian,6
10595,asian,4
10596,asian,6
10597,asian,5
10598,asian,13
10599,asian,14
10600,asian,27
10601,asian,5
10602,asian,16
10603,asian,8
10604,asian,25
10605,asian,6
10606,asian,5
10607,asian,11
10608,asian,11
10609,asian,25
10610,asian,3
10611,asian,6
10612,asian,8
10613,asian,2
10614,asian,2
10615,asian,11
10616,asian,27
10617,asian,14
10618,asian,15
10619,asian,2
10620,asian,25
10621,asian,6
10622,asian,27
10623,asian,14
10624,asian,8
10625,asian,2
10626,asian,4
10627,asian,29
10628,asian,4
10629,asian,25
10630,asian,3
10631,asian,14
10632,asian,13
10633,asian,4
10634,asian,19
10635,asian,22
10636,asian,17
10637,asian,19
10638,asian,1
10639,asian,21
10640,asian,9
10641,asian,2
10642,asian,18
10643,asian,4
10644,asian,9
10645,asian,17
10646,asian,13
10647,asian,13
10648,asian,4
10649,asian,1
10650,asian,10
10651,asian,23
10652,asian,10
10653,asian,23
10654,asian,23
10655,asian,10
10656,asian,22
10657,asian,19
10658,asian,4
10659,asian,2
10660,asian,1
10661,asian,17
10662,asian,10
10663,asian,4
10664,asian,21
10665,asian,21
10666,asian,23
10667,asian,22
10668,asian,18
10669,asian,9
10670,asian,17
10671,asian,21
10672,asian,17
10673,asian,19
10674,asian,9
10675,asian,18
10676,asian,9
10677,asian,13
10678,asian,2
10679,asian,13
10680,asian,21
10681,asian,2
10682,asian,4
10683,asian,22
10684,asian,1
10685,asian,23
10686,asian,1
10687,asian,22
10688,asian,17
10689,asian,13
10690,asian,17
10691,asian,22
10692,asian,9
10693,asian,18
10694,asian,4
10695,asian,10
10696,asian,9
10697,asian,17
10698,asian,10
10699,asian,2
10700,asian,18
10701,asian,4
10702,asian,18
10703,asian,1
10704,asian,22
10705,asian,22
10706,asian,13
10707,asian,10
10708,asian,10
10709,asian,4
10710,asian,13
10711,asian,1
10712,asian,2
10713,asian,18
10714,asian,9
10715,asian,2
10716,asian,9
10717,asian,23
10718,asian,1
10719,asian,22
10720,asian,2
10721,asian,18
10722,asian,19
10723,asian,23
10724,asian,19
10725,asian,13
10726,asian,23
10727,asian,9
10728,asian,19
10729,asian,21
10730,asian,9
10731,asian,1
10732,asian,22
10733,asian,4
10734,asian,19
10735,asian,2
10736,asian,21
10737,asian,4
10738,asian,21
10739,asian,18
10740,asian,13
10741,asian,19
10742,asian,21
10743,asian,10
10744,asian,4
10745,asian,18
10746,asian,22
10747,asian,2
10748,asian,2
10749,asian,21
10750,asian,18
10751,asian,21
10752,asian,21
10753,asian,22
10754,asian,19
10755,asian,17
10756,asian,9
10757,asian,4
10758,asian,9
10759,asian,13
10760,asian,23
10761,asian,22
10762,asian,18
10763,asian,15
10764,asian,30
10765,asian,26
10766,asian,16
10767,asian,25
10768,asian,3
10769,asian,23
10770,asian,28
10771,asian,5
10772,asian,12
10773,asian,11
10774,asian,7
10775,asian,28
10776,asian,14
10777,asian,18
10778,asian,3
10779,asian,25
10780,asian,27
10781,asian,29
10782,asian,11
10783,asian,30
10784,asian,28
10785,asian,28
10786,asian,26
10787,asian,1
10788,asian,3
10789,asian,16
10790,asian,18
10791,asian,27
10792,asian,15
10793,asian,29
10794,asian,5
10795,asian,25
10796,asian,15
10797,asian,23
10798,asian,7
10799,asian,5
10800,asian,14
10801,asian,18
10802,asian,28
10803,asian,18
10804,asian,23
10805,asian,25
10806,asian,18
10807,asian,23
10808,asian,8
10809,asian,26
10810,asian,26
10811,asian,29
10812,asian,25
10813,asian,27
10814,asian,14
10815,asian,27
10816,asian,27
10817,asian,29
10818,asian,7
10819,asian,7
10820,asian,8
10821,asian,8
10822,asian,15
10823,asian,15
10824,asian,11
10825,asian,30
10826,asian,12
10827,asian,26
10828,asian,25
10829,asian,11
10830,asian,28
10831,asian,15
10832,asian,11
10833,asian,12
10834,asian,29
10835,asian,26
10836,asian,16
10837,asian,16
10838,asian,7
10839,asian,30
10840,asian,3
10841,asian,16
10842,asian,7
10843,asian,26
10844,asian,5
10845,asian,30
10846,asian,5
10847,asian,27
10848,asian,26
10849,asian,8
10850,asian,30
10851,asian,12
10852,asian,25
10853,asian,5
10854,asian,3
10855,asian,1
10856,asian,28
10857,asian,11
10858,asian,1
10859,asian,15
10860,asian,23
10861,asian,8
10862,asian,8
10863,asian,23
10864,asian,29
10865,asian,5
10866,asian,3
10867,asian,11
10868,asian,26
10869,asian,5
10870,asian,14
10871,asian,1
10872,asian,14
10873,asian,7
10874,asian,5
10875,asian,14
10876,asian,16
10877,asian,3
10878,asian,28
10879,asian,27
10880,asian,8
10881,asian,16
10882,asian,12
10883,asian,25
10884,asian,8
10885,asian,30
10886,asian,14
10887,asian,29
10888,asian,12
10889,asian,3
10890,asian,1
10891,asian,12
10892,asian,29
10893,asian,14
10894,asian,3
10895,asian,15
10896,asian,15
10897,asian,16
10898,asian,7
10899,asian,1
10900,asian,12
10901,asian,8
10902,asian,11
10903,asian,5
10904,asian,11
10905,asian,7
10906,asian,29
10907,asian,29
10908,asian,16
10909,asian,1
10910,asian,14
10911,asian,27
10912,asian,7
10913,asian,1
10914,asian,23
10915,asian,27
10916,asian,12
10917,asian,15
10918,asian,18
10919,asian,26
10920,asian,11
10921,asian,14
10922,asian,7
10923,asian,12
10924,asian,26
10925,asian,1
10926,asian,18
10927,asian,3
10928,asian,27
10929,asian,7
10930,asian,5
10931,asian,12
10932,asian,27
10933,asian,23
10934,asian,25
10935,asian,30
10936,asian,30
10937,asian,29
10938,asian,28
10939,asian,29
10940,asian,29
10941,asian,11
10942,asian,1
10943,asian,26
10944,asian,23
10945,asian,7
10946,asian,26
10947,asian,8
10948,asian,18
10949,asian,1
10950,asian,23
10951,asian,27
10952,asian,25
10953,asian,23
10954,asian,30
10955,asian,6
10956,asian,8
10957,asian,6
10958,asian,17
10959,asian,3
10960,asian,13
10961,asian,24
10962,asian,3
10963,asian,2
10964,asian,13
10965,asian,30
10966,asian,11
10967,asian,19
10968,asian,9
10969,asian,28
10970,asian,10
10971,asian,22
10972,asian,9
10973,asian,17
10974,asian,24
10975,asian,11
10976,asian,3
10977,asian,21
10978,asian,2
10979,asian,3
10980,asian,4
10981,asian,16
10982,asian,17
10983,asian,16
10984,asian,19
10985,asian,13
10986,asian,28
10987,asian,20
10988,asian,21
10989,asian,21
10990,asian,2
10991,asian,11
10992,asian,10
10993,asian,13
10994,asian,10
10995,asian,8
10996,asian,13
10997,asian,28
10998,asian,30
10999,asian,24
11000,asian,4
11001,asian,30
11002,asian,19
11003,asian,11
11004,asian,2
11005,asian,24
11006,asian,28
11007,asian,11
11008,asian,22
11009,asian,9
11010,asian,21
11011,asian,20
11012,asian,11
11013,asian,24
11014,asian,16
11015,asian,20
11016,asian,20
11017,asian,22
11018,asian,10
11019,asian,11
11020,asian,19
11021,asian,13
11022,asian,24
11023,asian,9
11024,asian,10
11025,asian,3
11026,asian,6
11027,asian,21
11028,asian,17
11029,asian,16
11030,asian,20
11031,asian,17
11032,asian,22
11033,asian,10
11034,asian,6
11035,asian,22
11036,asian,30
11037,asian,28
11038,asian,2
11039,asian,4
11040,asian,24
11041,asian,22
11042,asian,16
11043,asian,9
11044,asian,2
11045,asian,28
11046,asian,3
11047,asian,17
11048,asian,16
11049,asian,21
11050,asian,9
11051,asian,13
11052,asian,3
11053,asian,30
11054,asian,28
11055,asian,28
11056,asian,8
11057,asian,19
11058,asian,16
11059,asian,19
11060,asian,24
11061,asian,16
11062,asian,21
11063,asian,6
11064,asian,6
11065,asian,6
11066,asian,3
11067,asian,11
11068,asian,17
11069,asian,4
11070,asian,28
11071,asian,21
11072,asian,11
11073,asian,24
11074,asian,2
11075,asian,13
11076,asian,8
11077,asian,20
11078,asian,2
11079,asian,8
11080,asian,9
11081,asian,2
11082,asian,20
11083,asian,24
11084,asian,22
11085,asian,2
11086,asian,10
11087,asian,4
11088,asian,22
11089,asian,9
11090,asian,11
11091,asian,2
11092,asian,28
11093,asian,8
11094,asian,17
11095,asian,13
11096,asian,21
11097,asian,19
11098,asian,9
11099,asian,4
11100,asian,11
11101,asian,20
11102,asian,22
11103,asian,9
11104,asian,8
11105,asian,19
11106,asian,3
11107,asian,30
11108,asian,20
11109,asian,10
11110,asian,20
11111,asian,19
11112,asian,11
11113,asian,6
11114,asian,4
11115,asian,13
11116,asian,20
11117,asian,30
11118,asian,8
11119,asian,19
11120,asian,30
11121,asian,4
11122,asian,4
11123,asian,3
11124,asian,6
11125,asian,24
11126,asian,6
11127,asian,16
11128,asian,6
11129,asian,6
11130,asian,9
11131,asian,11
11132,asian,16
11133,asian,20
11134,asian,16
11135,asian,30
11136,asian,22
11137,asian,4
11138,asian,2
11139,asian,3
11140,asian,13
11141,asian,11
11142,asian,17
11143,asian,1
11144,asian,21
11145,asian,27
11146,asian,21
11147,asian,23
11148,asian,12
11149,asian,27
11150,asian,27
11151,asian,18
11152,asian,29
11153,asian,15
11154,asian,15
11155,asian,25
11156,asian,12
11157,asian,14
11158,asian,23
11159,asian,7
11160,asian,29
11161,asian,29
11162,asian,15
11163,asian,20
11164,asian,7
11165,asian,21
11166,asian,14
11167,asian,29
11168,asian,12
11169,asian,15
11170,asian,7
11171,asian,18
11172,asian,12
11173,asian,27
11174,asian,23
11175,asian,20
11176,asian,18
11177,asian,7
11178,asian,27
11179,asian,23
11180,asian,15
11181,asian,14
11182,asian,20
11183,asian,21
11184,asian,1
11185,asian,25
11186,asian,14
11187,asian,1
11188,asian,14
11189,asian,25
11190,asian,14
11191,asian,1
11192,asian,25
11193,asian,15
11194,asian,7
11195,asian,20
11196,asian,21
11197,asian,21
11198,asian,12
11199,asian,14
11200,asian,21
11201,asian,23
11202,asian,12
11203,asian,1
11204,asian,7
11205,asian,25
11206,asian,27
11207,asian,18
11208,asian,1
11209,asian,29
11210,asian,12
11211,asian,20
11212,asian,18
11213,asian,23
11214,asian,18
11215,asian,25
11216,asian,7
11217,asian,23
11218,asian,20
11219,asian,12
11220,asian,21
11221,asian,15
11222,asian,21
11223,asian,1
11224,asian,20
11225,asian,25
11226,asian,25
11227,asian,23
11228,asian,29
11229,asian,23
11230,asian,1
11231,asian,29
11232,asian,1
11233,asian,20
11234,asian,14
11235,asian,21
11236,asian,15
11237,asian,12
11238,asian,25
11239,asian,21
11240,asian,18
11241,asian,15
11242,asian,27
11243,asian,7
11244,asian,25
11245,asian,20
11246,asian,21
11247,asian,7
11248,asian,12
11249,asian,18
11250,asian,29
11251,asian,7
11252,asian,27
11253,asian,29
11254,asian,27
11255,asian,25
11256,asian,15
11257,asian,12
11258,asian,12
11259,asian,12
11260,asian,7
11261,asian,27
11262,asian,7
11263,asian,29
11264,asian,18
11265,asian,14
11266,asian,20
11267,asian,14
11268,asian,25
11269,asian,29
11270,asian,26
11271,asian,30
11272,asian,8
11273,asian,22
11274,asian,19
11275,asian,4
11276,asian,10
11277,asian,13
11278,asian,17
11279,asian,24
11280,asian,5
11281,asian,25
11282,asian,2
11283,asian,9
11284,asian,8
11285,asian,4
11286,asian,30
11287,asian,26
11288,asian,19
11289,asian,24
11290,asian,14
11291,asian,30
11292,asian,3
11293,asian,6
11294,asian,6
11295,asian,5
11296,asian,3
11297,asian,19
11298,asian,13
11299,asian,25
11300,asian,17
11301,asian,13
11302,asian,3
11303,asian,28
11304,asian,8
11305,asian,17
11306,asian,5
11307,asian,13
11308,asian,19
11309,asian,13
11310,asian,22
11311,asian,26
11312,asian,25
11313,asian,22
11314,asian,14
11315,asian,3
11316,asian,25
11317,asian,10
11318,asian,5
11319,asian,2
11320,asian,2
11321,asian,5
11322,asian,24
11323,asian,25
11324,asian,14
11325,asian,6
11326,asian,2
11327,asian,8
11328,asian,10
11329,asian,28
11330,asian,28
11331,asian,4
11332,asian,22
11333,asian,26
11334,asian,9
11335,asian,25
11336,asian,3
11337,asian,17
11338,asian,22
11339,asian,28
11340,asian,8
11341,asian,9
11342,asian,30
11343,asian,9
11344,asian,2
11345,asian,22
11346,asian,28
11347,asian,17
11348,asian,3
11349,asian,2
11350,asian,5
11351,asian,2
11352,asian,6
11353,asian,8
11354,asian,6
11355,asian,26
11356,asian,24
11357,asian,6
11358,asian,5
11359,asian,5
11360,asian,24
11361,asian,13
11362,asian,26
11363,asian,6
11364,asian,30
11365,asian,14
11366,asian,4
11367,asian,19
11368,asian,4
11369,asian,2
11370,asian,19
11371,asian,10
11372,asian,14
11373,asian,6
11374,asian,17
11375,asian,10
11376,asian,28
11377,asian,19
11378,asian,6
11379,asian,30
11380,asian,4
11381,asian,14
11382,asian,9
11383,asian,4
11384,asian,26
11385,asian,25
11386,asian,9
11387,asian,3
11388,asian,10
11389,asian,25
11390,asian,30
11391,asian,9
11392,asian,9
11393,asian,4
11394,asian,10
11395,asian,24
11396,asian,10
11397,asian,3
11398,asian,28
11399,asian,9
11400,asian,17
11401,asian,4
11402,asian,14
11403,asian,28
11404,asian,13
11405,asian,17
11406,asian,5
11407,asian,4
11408,asian,4
11409,asian,2
11410,asian,28
11411,asian,13
11412,asian,24
11413,asian,10
11414,asian,28
11415,asian,10
11416,asian,5
11417,asian,26
11418,asian,5
11419,asian,10
11420,asian,17
11421,asian,26
11422,asian,2
11423,asian,5
11424,asian,26
11425,asian,19
11426,asian,8
11427,asian,9
11428,asian,6
11429,asian,30
11430,asian,22
11431,asian,28
11432,asian,30
11433,asian,17
11434,asian,24
11435,asian,22
11436,asian,2
11437,asian,13
11438,asian,28
11439,asian,5
11440,asian,19
11441,asian,5
11442,asian,25
11443,asian,13
11444,asian,22
11445,asian,26
11446,asian,19
11447,asian,24
11448,asian,24
11449,asian,22
11450,asian,30
11451,asian,19
11452,asian,24
11453,asian,2
11454,asian,8
11455,asian,3
11456,asian,3
11457,asian,14
11458,asian,12
11459,asian,15
11460,asian,24
11461,asian,20
11462,asian,17
11463,asian,11
11464,asian,11
11465,asian,16
11466,asian,15
11467,asian,29
11468,asian,16
11469,asian,15
11470,asian,23
11471,asian,21
11472,asian,16
11473,asian,27
11474,asian,15
11475,asian,13
11476,asian,13
11477,asian,26
11478,asian,20
11479,asian,17
11480,asian,12
11481,asian,1
11482,asian,23
11483,asian,23
11484,asian,11
11485,asian,24
11486,asian,20
11487,asian,24
11488,asian,26
11489,asian,15
11490,asian,21
11491,asian,1
11492,asian,21
11493,asian,29
11494,asian,1
11495,asian,1
11496,asian,27
11497,asian,23
11498,asian,16
11499,asian,21
11500,asian,27
11501,asian,1
11502,asian,20
11503,asian,29
11504,asian,21
11505,asian,13
11506,asian,13
11507,asian,16
11508,asian,29
11509,asian,11
11510,asian,27
11511,asian,26
11512,asian,20
11513,asian,21
11514,asian,26
11515,asian,26
11516,asian,20
11517,asian,29
11518,asian,21
11519,asian,11
11520,asian,26
11521,asian,13
11522,asian,1
11523,asian,24
11524,asian,16
11525,asian,23
11526,asian,29
11527,asian,27
11528,asian,15
11529,asian,27
11530,asian,23
11531,asian,29
11532,asian,23
11533,asian,24
11534,asian,20
11535,asian,12
11536,asian,16
11537,asian,17
11538,asian,17
11539,asian,20
11540,asian,13
11541,asian,27
11542,asian,12
11543,asian,15
11544,asian,24
11545,asian,24
11546,asian,27
11547,asian,17
11548,asian,21
11549,asian,26
11550,asian,17
11551,asian,21
11552,asian,12
11553,asian,23
11554,asian,11
11555,asian,15
11556,asian,16
11557,asian,20
11558,asian,27
11559,asian,12
11560,asian,17
11561,asian,23
11562,asian,23
11563,asian,11
11564,asian,24
11565,asian,13
11566,asian,26
11567,asian,16
11568,asian,24
11569,asian,12
11570,asian,29
11571,asian,24
11572,asian,15
11573,asian,12
11574,asian,17
11575,asian,11
11576,asian,13
11577,asian,29
11578,asian,13
11579,asian,1
11580,asian,1
11581,asian,13
11582,asian,15
11583,asian,17
11584,asian,12
11585,asian,23
11586,asian,1
11587,asian,21
11588,asian,27
11589,asian,26
11590,asian,21
11591,asian,21
11592,asian,1
11593,asian,1
11594,asian,11
11595,asian,15
11596,asian,11
11597,asian,12
11598,asian,13
11599,asian,16
11600,asian,27
11601,asian,12
11602,asian,15
11603,asian,1
11604,asian,26
11605,asian,17
11606,asian,27
11607,asian,18
11608,asian,5
11609,asian,30
11610,asian,4
11611,asian,7
11612,asian,5
11613,asian,8
11614,asian,15
11615,asian,9
11616,asian,10
11617,asian,5
11618,asian,10
11619,asian,22
11620,asian,16
11621,asian,30
11622,asian,29
11623,asian,18
11624,asian,6
11625,asian,6
11626,asian,6
11627,asian,4
11628,asian,3
11629,asian,7
11630,asian,15
11631,asian,29
11632,asian,2
11633,asian,7
11634,asian,30
11635,asian,3
11636,asian,30
11637,asian,19
11638,asian,22
11639,asian,29
11640,asian,29
11641,asian,22
11642,asian,18
11643,asian,29
11644,asian,2
11645,asian,8
11646,asian,9
11647,asian,19
11648,asian,22
11649,asian,8
11650,asian,7
11651,asian,18
11652,asian,22
11653,asian,2
11654,asian,18
11655,asian,6
11656,asian,15
11657,asian,5
11658,asian,22
11659,asian,2
11660,asian,10
11661,asian,9
11662,asian,15
11663,asian,2
11664,asian,6
11665,asian,7
11666,asian,16
11667,asian,30
11668,asian,3
11669,asian,2
11670,asian,15
11671,asian,3
11672,asian,6
11673,asian,10
11674,asian,9
11675,asian,2
11676,asian,16
11677,asian,19
11678,asian,19
11679,asian,8
11680,asian,6
11681,asian,7
11682,asian,19
11683,asian,29
11684,asian,18
11685,asian,9
11686,asian,19
11687,asian,15
11688,asian,19
11689,asian,3
11690,asian,4
11691,asian,7
11692,asian,9
11693,asian,2
11694,asian,10
11695,asian,4
11696,asian,3
11697,asian,16
11698,asian,16
11699,asian,6
11700,asian,5
11701,asian,16
11702,asian,30
11703,asian,2
11704,asian,19
11705,asian,15
11706,asian,4
11707,asian,6
11708,asian,22
11709,asian,22
11710,asian,4
11711,asian,3
11712,asian,16
11713,asian,4
11714,asian,16
11715,asian,9
11716,asian,22
11717,asian,7
11718,asian,10
11719,asian,18
11720,asian,10
11721,asian,6
11722,asian,3
11723,asian,8
11724,asian,29
11725,asian,8
11726,asian,29
11727,asian,29
11728,asian,16
11729,asian,10
11730,asian,9
11731,asian,19
11732,asian,8
11733,asian,15
11734,asian,5
11735,asian,18
11736,asian,8
11737,asian,9
11738,asian,15
11739,asian,4
11740,asian,5
11741,asian,30
11742,asian,29
11743,asian,10
11744,asian,3
11745,asian,7
11746,asian,30
11747,asian,16
11748,asian,30
11749,asian,2
11750,asian,9
11751,asian,9
11752,asian,16
11753,asian,30
11754,asian,2
11755,asian,22
11756,asian,30
11757,asian,16
11758,asian,15
11759,asian,4
11760,asian,30
11761,asian,5
11762,asian,9
11763,asian,22
11764,asian,3
11765,asian,29
11766,asian,10
11767,asian,6
11768,asian,6
11769,asian,3
11770,asian,18
11771,asian,2
11772,asian,18
11773,asian,29
11774,asian,5
11775,asian,10
11776,asian,3
11777,asian,5
11778,asian,5
11779,asian,10
11780,asian,10
11781,asian,5
11782,asian,30
11783,asian,19
11784,asian,19
11785,asian,16
11786,asian,22
11787,asian,19
11788,asian,3
11789,asian,2
11790,asian,9
11791,asian,5
11792,asian,21
11793,asian,28
11794,asian,5
11795,asian,5
11796,asian,7
11797,asian,19
11798,asian,7
11799,asian,27
11800,asian,19
11801,asian,7
11802,asian,11
11803,asian,20
11804,asian,20
11805,asian,28
11806,asian,11
11807,asian,11
11808,asian,14
11809,asian,28
11810,asian,26
11811,asian,13
11812,asian,5
11813,asian,11
11814,asian,24
11815,asian,17
11816,asian,19
11817,asian,20
11818,asian,8
11819,asian,19
11820,asian,26
11821,asian,24
11822,asian,26
11823,asian,14
11824,asian,7
11825,asian,14
11826,asian,8
11827,asian,27
11828,asian,24
11829,asian,7
11830,asian,26
11831,asian,11
11832,asian,24
11833,asian,8
11834,asian,28
11835,asian,13
11836,asian,14
11837,asian,21
11838,asian,13
11839,asian,8
11840,asian,21
11841,asian,27
11842,asian,17
11843,asian,5
11844,asian,8
11845,asian,21
11846,asian,24
11847,asian,20
11848,asian,24
11849,asian,21
11850,asian,8
11851,asian,28
11852,asian,13
11853,asian,27
11854,asian,14
11855,asian,14
11856,asian,19
11857,asian,17
11858,asian,27
11859,asian,5
11860,asian,24
11861,asian,20
11862,asian,24
11863,asian,17
11864,asian,14
11865,asian,19
11866,asian,8
11867,asian,11
11868,asian,13
11869,asian,8
11870,asian,13
11871,asian,17
11872,asian,27
11873,asian,26
11874,asian,17
11875,asian,7
11876,asian,7
11877,asian,26
11878,asian,11
11879,asian,21
11880,asian,27
11881,asian,26
11882,asian,11
11883,asian,21
11884,asian,27
11885,asian,13
11886,asian,26
11887,asian,5
11888,asian,17
11889,asian,11
11890,asian,24
11891,asian,8
11892,asian,20
11893,asian,24
11894,asian,13
11895,asian,7
11896,asian,20
11897,asian,14
11898,asian,28
11899,asian,26
11900,asian,27
11901,asian,19
11902,asian,20
11903,asian,19
11904,asian,19
11905,asian,5
11906,asian,7
11907,asian,14
11908,asian,19
11909,asian,8
11910,asian,17
11911,asian,28
11912,asian,28
11913,asian,13
11914,asian,27
11915,asian,11
11916,asian,17
11917,asian,21
11918,asian,21
11919,asian,28
11920,asian,27
11921,asian,13
11922,asian,7
11923,asian,14
11924,asian,17
11925,asian,17
11926,asian,14
11927,asian,21
11928,asian,14
11929,asian,5
11930,asian,5
11931,asian,20
11932,asian,2
11933,asian,14
11934,asian,3
11935,asian,29
11936,asian,4
11937,asian,15
11938,asian,15
11939,asian,21
11940,asian,10
11941,asian,2
11942,asian,1
11943,asian,3
11944,asian,25
11945,asian,14
11946,asian,21
11947,asian,29
11948,asian,18
11949,asian,15
11950,asian,18
11951,asian,15
11952,asian,1
11953,asian,25
11954,asian,1
11955,asian,4
11956,asian,18
11957,asian,6
11958,asian,4
11959,asian,15
11960,asian,3
11961,asian,1
11962,asian,6
11963,asian,29
11964,asian,21
11965,asian,2
11966,asian,16
11967,asian,10
11968,asian,16
11969,asian,9
11970,asian,16
11971,asian,9
11972,asian,10
11973,asian,1
11974,asian,10
11975,asian,6
11976,asian,16
11977,asian,15
11978,asian,4
11979,asian,3
11980,asian,21
11981,asian,2
11982,asian,9
11983,asian,29
11984,asian,9
11985,asian,4
11986,asian,14
11987,asian,21
11988,asian,10
11989,asian,14
11990,asian,21
11991,asian,9
11992,asian,4
11993,asian,25
11994,asian,2
11995,asian,15
11996,asian,16
11997,asian,16
11998,asian,18
11999,asian,18
12000,asian,1
12001,asian,6
12002,asian,4
12003,asian,1
12004,asian,14
12005,asian,4
12006,asian,25
12007,asian,16
12008,asian,15
12009,asian,6
12010,asian,16
12011,asian,14
12012,asian,6
12013,asian,9
12014,asian,3
12015,asian,25
12016,asian,29
12017,asian,2
12018,asian,21
12019,asian,15
12020,asian,6
12021,asian,3
12022,asian,25
12023,asian,2
12024,asian,6
12025,asian,29
12026,asian,3
12027,asian,9
12028,asian,25
12029,asian,9
12030,asian,10
12031,asian,4
12032,asian,3
12033,asian,29
12034,asian,10
12035,asian,29
12036,asian,16
12037,asian,3
12038,asian,18
12039,asian,10
12040,asian,2
12041,asian,9
12042,asian,18
12043,asian,18
12044,asian,9
12045,asian,21
12046,asian,25
12047,asian,6
12048,asian,10
12049,asian,6
12050,asian,18
12051,asian,6
12052,asian,6
12053,asian,3
12054,asian,25
12055,asian,21
12056,asian,2
12057,asian,15
12058,asian,18
12059,asian,14
12060,asian,29
12061,asian,14
12062,asian,6
12063,asian,10
12064,asian,14
12065,asian,1
12066,asian,18
12067,asian,15
12068,asian,21
12069,asian,10
12070,asian,25
12071,asian,2
12072,asian,15
12073,asian,29
12074,asian,15
12075,asian,25
12076,asian,21
12077,asian,25
12078,asian,3
12079,asian,18
12080,asian,21
12081,asian,21
12082,asian,6
12083,asian,18
12084,asian,16
12085,asian,20
12086,asian,28
12087,asian,19
12088,asian,5
12089,asian,17
12090,asian,28
12091,asian,19
12092,asian,5
12093,asian,19
12094,asian,24
12095,asian,20
12096,asian,17
12097,asian,28
12098,asian,13
12099,asian,8
12100,asian,24
12101,asian,8
12102,asian,28
12103,asian,8
12104,asian,5
12105,asian,13
12106,asian,19
12107,asian,8
12108,asian,28
12109,asian,8
12110,asian,17
12111,asian,20
12112,asian,24
12113,asian,5
12114,asian,13
12115,asian,13
12116,asian,5
12117,asian,17
12118,asian,8
12119,asian,17
12120,asian,20
12121,asian,17
12122,asian,24
12123,asian,17
12124,asian,13
12125,asian,17
12126,asian,20
12127,asian,19
12128,asian,13
12129,asian,24
12130,asian,20
12131,asian,20
12132,asian,5
12133,asian,24
12134,asian,8
12135,asian,28
12136,asian,5
12137,asian,19
12138,asian,19
12139,asian,28
12140,asian,5
12141,asian,8
12142,asian,24
12143,asian,24
12144,asian,19
12145,asian,20
12146,asian,5
12147,asian,5
12148,asian,13
12149,asian,13
12150,asian,19
12151,asian,20
12152,asian,28
12153,asian,17
12154,asian,19
12155,asian,28
12156,asian,24
12157,asian,19
12158,asian,13
12159,asian,19
12160,asian,13
12161,asian,17
12162,asian,24
12163,asian,20
12164,asian,24
12165,asian,17
12166,asian,13
12167,asian,8
12168,asian,13
12169,asian,8
12170,asian,13
12171,asian,10
12172,asian,10
12173,asian,25
12174,asian,12
12175,asian,6
12176,asian,29
12177,asian,24
12178,asian,1
12179,asian,15
12180,asian,6
12181,asian,26
12182,asian,1
12183,asian,4
12184,asian,24
12185,asian,4
12186,asian,2
12187,asian,15
12188,asian,16
12189,asian,12
12190,asian,14
12191,asian,26
12192,asian,20
12193,asian,14
12194,asian,6
12195,asian,20
12196,asian,4
12197,asian,15
12198,asian,2
12199,asian,9
12200,asian,20
12201,asian,16
12202,asian,24
12203,asian,7
12204,asian,20
12205,asian,16
12206,asian,3
12207,asian,29
12208,asian,10
12209,asian,3
12210,asian,15
12211,asian,1
12212,asian,16
12213,asian,26
12214,asian,12
12215,asian,15
12216,asian,2
12217,asian,24
12218,asian,25
12219,asian,2
12220,asian,18
12221,asian,7
12222,asian,9
12223,asian,12
12224,asian,10
12225,asian,7
12226,asian,7
12227,asian,25
12228,asian,7
12229,asian,14
12230,asian,12
12231,asian,25
12232,asian,9
12233,asian,12
12234,asian,29
12235,asian,3
12236,asian,29
12237,asian,6
12238,asian,6
12239,asian,4
12240,asian,1
12241,asian,9
12242,asian,18
12243,asian,26
12244,asian,29
12245,asian,7
12246,asian,14
12247,asian,15
12248,asian,6
12249,asian,15
12250,asian,2
12251,asian,3
12252,asian,3
12253,asian,29
12254,asian,10
12255,asian,20
12256,asian,18
12257,asian,26
12258,asian,26
12259,asian,20
12260,asian,10
12261,asian,2
12262,asian,20
12263,asian,25
12264,asian,18
12265,asian,18
12266,asian,1
12267,asian,4
12268,asian,29
12269,asian,1
12270,asian,7
12271,asian,6
12272,asian,24
12273,asian,1
12274,asian,16
12275,asian,1
12276,asian,29
12277,asian,18
12278,asian,25
12279,asian,10
12280,asian,26
12281,asian,4
12282,asian,24
12283,asian,3
12284,asian,25
12285,asian,7
12286,asian,20
12287,asian,14
12288,asian,25
12289,asian,15
12290,asian,3
12291,asian,3
12292,asian,15
12293,asian,14
12294,asian,7
12295,asian,3
12296,asian,15
12297,asian,26
12298,asian,16
12299,asian,6
12300,asian,9
12301,asian,2
12302,asian,24
12303,asian,14
12304,asian,12
12305,asian,18
12306,asian,6
12307,asian,9
12308,asian,24
12309,asian,10
12310,asian,7
12311,asian,25
12312,asian,9
12313,asian,18
12314,asian,16
12315,asian,2
12316,asian,3
12317,asian,25
12318,asian,20
12319,asian,18
12320,asian,29
12321,asian,10
12322,asian,9
12323,asian,12
12324,asian,16
12325,asian,4
12326,asian,18
12327,asian,12
12328,asian,10
12329,asian,9
12330,asian,24
12331,asian,18
12332,asian,9
12333,asian,10
12334,asian,4
12335,asian,1
12336,asian,10
12337,asian,9
12338,asian,15
12339,asian,14
12340,asian,1
12341,asian,14
12342,asian,7
12343,asian,26
12344,asian,9
12345,asian,2
12346,asian,4
12347,asian,14
12348,asian,4
12349,asian,16
12350,asian,10
12351,asian,3
12352,asian,2
12353,asian,3
12354,asian,24
12355,asian,9
12356,asian,18
12357,asian,18
12358,asian,16
12359,asian,3
12360,asian,20
12361,asian,28
12362,asian,15
12363,asian,30
12364,asian,22
12365,asian,13
12366,asian,23
12367,asian,13
12368,asian,13
12369,asian,3
12370,asian,8
12371,asian,8
12372,asian,5
12373,asian,27
12374,asian,21
12375,asian,28
12376,asian,22
12377,asian,23
12378,asian,23
12379,asian,21
12380,asian,23
12381,asian,3
12382,asian,23
12383,asian,15
12384,asian,8
12385,asian,17
12386,asian,27
12387,asian,8
12388,asian,15
12389,asian,5
12390,asian,15
12391,asian,17
12392,asian,17
12393,asian,27
12394,asian,30
12395,asian,28
12396,asian,5
12397,asian,27
12398,asian,21
12399,asian,3
12400,asian,3
12401,asian,17
12402,asian,28
12403,asian,27
12404,asian,21
12405,asian,17
12406,asian,5
12407,asian,3
12408,asian,17
12409,asian,23
12410,asian,28
12411,asian,22
12412,asian,22
12413,asian,5
12414,asian,30
12415,asian,15
12416,asian,21
12417,asian,8
12418,asian,21
12419,asian,15
12420,asian,5
12421,asian,28
12422,asian,30
12423,asian,3
12424,asian,27
12425,asian,23
12426,asian,3
12427,asian,17
12428,asian,21
12429,asian,22
12430,asian,13
12431,asian,3
12432,asian,23
12433,asian,13
12434,asian,5
12435,asian,15
12436,asian,13
12437,asian,22
12438,asian,28
12439,asian,8
12440,asian,23
12441,asian,3
12442,asian,30
12443,asian,8
12444,asian,17
12445,asian,27
12446,asian,30
12447,asian,15
12448,asian,30
12449,asian,30
12450,asian,27
12451,asian,13
12452,asian,30
12453,asian,27
12454,asian,13
12455,asian,23
12456,asian,8
12457,asian,28
12458,asian,21
12459,asian,5
12460,asian,22
12461,asian,28
12462,asian,13
12463,asian,15
12464,asian,17
12465,asian,5
12466,asian,21
12467,asian,17
12468,asian,23
12469,asian,30
12470,asian,15
12471,asian,17
12472,asian,3
12473,asian,21
12474,asian,17
12475,asian,15
12476,asian,22
12477,asian,23
12478,asian,8
12479,asian,27
12480,asian,15
12481,asian,30
12482,asian,15
12483,asian,5
12484,asian,17
12485,asian,13
12486,asian,22
12487,asian,23
12488,asian,26
12489,asian,2
12490,asian,25
12491,asian,4
12492,asian,6
12493,asian,11
12494,asian,9
12495,asian,24
12496,asian,24
12497,asian,11
12498,asian,10
12499,asian,9
12500,asian,25
12501,asian,4
12502,asian,7
12503,asian,29
12504,asian,6
12505,asian,18
12506,asian,19
12507,asian,24
12508,asian,26
12509,asian,4
12510,asian,9
12511,asian,2
12512,asian,10
12513,asian,18
12514,asian,19
12515,asian,19
12516,asian,25
12517,asian,19
12518,asian,29
12519,asian,9
12520,asian,29
12521,asian,18
12522,asian,10
12523,asian,7
12524,asian,19
12525,asian,29
12526,asian,9
12527,asian,2
12528,asian,19
12529,asian,6
12530,asian,24
12531,asian,4
12532,asian,26
12533,asian,6
12534,asian,10
12535,asian,7
12536,asian,16
12537,asian,9
12538,asian,6
12539,asian,25
12540,asian,7
12541,asian,29
12542,asian,7
12543,asian,16
12544,asian,29
12545,asian,11
12546,asian,16
12547,asian,25
12548,asian,11
12549,asian,26
12550,asian,16
12551,asian,7
12552,asian,19
12553,asian,2
12554,asian,16
12555,asian,19
12556,asian,7
12557,asian,16
12558,asian,25
12559,asian,19
12560,asian,11
12561,asian,11
12562,asian,10
12563,asian,26
12564,asian,2
12565,asian,24
12566,asian,25
12567,asian,4
12568,asian,7
12569,asian,18
12570,asian,18
12571,asian,26
12572,asian,16
12573,asian,16
12574,asian,4
12575,asian,6
12576,asian,24
12577,asian,26
12578,asian,7
12579,asian,6
12580,asian,26
12581,asian,11
12582,asian,25
12583,asian,9
12584,asian,2
12585,asian,6
12586,asian,29
12587,asian,10
12588,asian,6
12589,asian,6
12590,asian,4
12591,asian,16
12592,asian,10
12593,asian,10
12594,asian,18
12595,asian,16
12596,asian,11
12597,asian,24
12598,asian,29
12599,asian,16
12600,asian,16
12601,asian,2
12602,asian,4
12603,asian,10
12604,asian,4
12605,asian,7
12606,asian,19
12607,asian,10
12608,asian,18
12609,asian,4
12610,asian,24
12611,asian,26
12612,asian,26
12613,asian,25
12614,asian,29
12615,asian,26
12616,asian,25
12617,asian,11
12618,asian,19
12619,asian,25
12620,asian,2
12621,asian,29
12622,asian,4
12623,asian,18
12624,asian,10
12625,asian,10
12626,asian,7
12627,asian,7
12628,asian,9
12629,asian,19
12630,asian,26
12631,asian,26
12632,asian,9
12633,asian,2
12634,asian,25
12635,asian,18
12636,asian,29
12637,asian,10
12638,asian,2
12639,asian,25
12640,asian,9
12641,asian,9
12642,asian,2
12643,asian,2
12644,asian,16
12645,asian,9
12646,asian,4
12647,asian,24
12648,asian,20
12649,asian,16
12650,asian,4
12651,asian,29
12652,asian,21
12653,asian,14
12654,asian,6
12655,asian,2
12656,asian,17
12657,asian,26
12658,asian,30
12659,asian,20
12660,asian,23
12661,asian,13
12662,asian,26
12663,asian,13
12664,asian,1
12665,asian,13
12666,asian,4
12667,asian,1
12668,asian,30
12669,asian,3
12670,asian,14
12671,asian,20
12672,asian,27
12673,asian,2
12674,asian,3
12675,asian,12
12676,asian,16
12677,asian,5
12678,asian,30
12679,asian,13
12680,asian,6
12681,asian,21
12682,asian,1
12683,asian,28
12684,asian,16
12685,asian,28
12686,asian,29
12687,asian,17
12688,asian,14
12689,asian,6
12690,asian,6
12691,asian,29
12692,asian,16
12693,asian,5
12694,asian,21
12695,asian,4
12696,asian,3
12697,asian,17
12698,asian,30
12699,asian,4
12700,asian,27
12701,asian,2
12702,asian,2
12703,asian,5
12704,asian,13
12705,asian,11
12706,asian,14
12707,asian,13
12708,asian,3
12709,asian,23
12710,asian,12
12711,asian,10
12712,asian,12
12713,asian,28
12714,asian,11
12715,asian,28
12716,asian,21
12717,asian,16
12718,asian,20
12719,asian,14
12720,asian,26
12721,asian,26
12722,asian,1
12723,asian,26
12724,asian,4
12725,asian,23
12726,asian,29
12727,asian,11
12728,asian,4
12729,asian,12
12730,asian,6
12731,asian,23
12732,asian,3
12733,asian,27
12734,asian,2
12735,asian,22
12736,asian,5
12737,asian,12
12738,asian,10
12739,asian,21
12740,asian,29
12741,asian,22
12742,asian,2
12743,asian,2
12744,asian,21
12745,asian,5
12746,asian,29
12747,asian,1
12748,asian,11
12749,asian,16
12750,asian,11
12751,asian,23
12752,asian,30
12753,asian,6
12754,asian,17
12755,asian,12
12756,asian,3
12757,asian,1
12758,asian,17
12759,asian,27
12760,asian,17
12761,asian,28
12762,asian,28
12763,asian,27
12764,asian,10
12765,asian,23
12766,asian,10
12767,asian,28
12768,asian,3
12769,asian,28
12770,asian,22
12771,asian,12
12772,asian,30
12773,asian,4
12774,asian,10
12775,asian,30
12776,asian,11
12777,asian,11
12778,asian,17
12779,asian,26
12780,asian,17
12781,asian,12
12782,asian,4
12783,asian,30
12784,asian,23
12785,asian,14
12786,asian,10
12787,asian,16
12788,asian,26
12789,asian,17
12790,asian,10
12791,asian,27
12792,asian,2
12793,asian,11
12794,asian,16
12795,asian,14
12796,asian,2
12797,asian,2
12798,asian,20
12799,asian,26
12800,asian,1
12801,asian,16
12802,asian,10
12803,asian,14
12804,asian,27
12805,asian,13
12806,asian,28
12807,asian,27
12808,asian,30
12809,asian,29
12810,asian,16
12811,asian,5
12812,asian,1
12813,asian,20
12814,asian,5
12815,asian,27
12816,asian,5
12817,asian,22
12818,asian,26
12819,asian,23
12820,asian,6
12821,asian,3
12822,asian,30
12823,asian,27
12824,asian,20
12825,asian,27
12826,asian,1
12827,asian,23
12828,asian,26
12829,asian,27
12830,asian,1
12831,asian,21
12832,asian,14
12833,asian,3
12834,asian,16
12835,asian,14
12836,asian,22
12837,asian,12
12838,asian,22
12839,asian,21
12840,asian,11
12841,asian,29
12842,asian,14
12843,asian,14
12844,asian,14
12845,asian,22
12846,asian,2
12847,asian,10
12848,asian,2
12849,asian,11
12850,asian,5
12851,asian,14
12852,asian,29
12853,asian,13
12854,asian,12
12855,asian,20
12856,asian,29
12857,asian,5
12858,asian,5
12859,asian,1
12860,asian,30
12861,asian,20
12862,asian,10
12863,asian,14
12864,asian,6
12865,asian,5
12866,asian,22
12867,asian,22
12868,asian,5
12869,asian,11
12870,asian,13
12871,asian,20
12872,asian,20
12873,asian,2
12874,asian,16
12875,asian,22
12876,asian,11
12877,asian,29
12878,asian,11
12879,asian,6
12880,asian,7
12881,asian,15
12882,asian,8
12883,asian,27
12884,asian,8
12885,asian,25
12886,asian,25
12887,asian,27
12888,asian,9
12889,asian,7
12890,asian,27
12891,asian,24
12892,asian,18
12893,asian,19
12894,asian,7
12895,asian,15
12896,asian,15
12897,asian,27
12898,asian,25
12899,asian,27
12900,asian,8
12901,asian,15
12902,asian,9
12903,asian,22
12904,asian,15
12905,asian,19
12906,asian,7
12907,asian,24
12908,asian,24
12909,asian,18
12910,asian,18
12911,asian,25
12912,asian,24
12913,asian,19
12914,asian,19
12915,asian,24
12916,asian,22
12917,asian,7
12918,asian,19
12919,asian,18
12920,asian,8
12921,asian,19
12922,asian,22
12923,asian,25
12924,asian,18
12925,asian,24
12926,asian,9
12927,asian,15
12928,asian,25
12929,asian,7
12930,asian,19
12931,asian,22
12932,asian,24
12933,asian,15
12934,asian,9
12935,asian,8
12936,asian,18
12937,asian,24
12938,asian,24
12939,asian,19
12940,asian,24
12941,asian,18
12942,asian,9
12943,asian,15
12944,asian,22
12945,asian,9
12946,asian,22
12947,asian,8
12948,asian,25
12949,asian,9
12950,asian,19
12951,asian,25
12952,asian,22
12953,asian,8
12954,asian,18
12955,asian,7
12956,asian,25
12957,asian,27
12958,asian,8
12959,asian,27
12960,asian,19
12961,asian,18
12962,asian,22
12963,asian,19
12964,asian,19
12965,asian,9
12966,asian,22
12967,asian,7
12968,asian,7
12969,asian,15
12970,asian,7
12971,asian,27
12972,asian,8
12973,asian,7
12974,asian,18
12975,asian,18
12976,asian,18
12977,asian,27
12978,asian,19
12979,asian,22
12980,asian,7
12981,asian,8
12982,asian,18
12983,asian,19
12984,asian,18
12985,asian,9
12986,asian,22
12987,asian,15
12988,asian,22
12989,asian,9
12990,asian,7
12991,asian,12
12992,asian,2
12993,asian,13
12994,asian,3
12995,asian,13
12996,asian,5
12997,asian,2
12998,asian,14
12999,asian,5
13000,asian,30
13001,asian,30
13002,asian,20
13003,asian,6
13004,asian,29
13005,asian,29
13006,asian,3
13007,asian,20
13008,asian,14
13009,asian,17
13010,asian,6
13011,asian,12
13012,asian,14
13013,asian,29
13014,asian,20
13015,asian,30
13016,asian,18
13017,asian,10
13018,asian,1
13019,asian,17
13020,asian,23
13021,asian,26
13022,asian,12
13023,asian,20
13024,asian,28
13025,asian,20
13026,asian,5
13027,asian,16
13028,asian,30
13029,asian,28
13030,asian,17
13031,asian,18
13032,asian,6
13033,asian,28
13034,asian,13
13035,asian,16
13036,asian,28
13037,asian,28
13038,asian,16
13039,asian,18
13040,asian,20
13041,asian,18
13042,asian,23
13043,asian,30
13044,asian,10
13045,asian,1
13046,asian,26
13047,asian,16
13048,asian,13
13049,asian,10
13050,asian,6
13051,asian,6
13052,asian,1
13053,asian,29
13054,asian,3
13055,asian,23
13056,asian,14
13057,asian,23
13058,asian,2
13059,asian,10
13060,asian,26
13061,asian,17
13062,asian,30
13063,asian,5
13064,asian,3
13065,asian,16
13066,asian,23
13067,asian,10
13068,asian,13
13069,asian,2
13070,asian,13
13071,asian,1
13072,asian,3
13073,asian,16
13074,asian,18
13075,asian,12
13076,asian,30
13077,asian,16
13078,asian,5
13079,asian,10
13080,asian,6
13081,asian,17
13082,asian,16
13083,asian,12
13084,asian,6
13085,asian,18
13086,asian,5
13087,asian,14
13088,asian,26
13089,asian,23
13090,asian,13
13091,asian,23
13092,asian,29
13093,asian,26
13094,asian,13
13095,asian,20
13096,asian,29
13097,asian,10
13098,asian,3
13099,asian,14
13100,asian,10
13101,asian,3
13102,asian,17
13103,asian,14
13104,asian,30
13105,asian,29
13106,asian,28
13107,asian,5
13108,asian,30
13109,asian,12
13110,asian,5
13111,asian,23
13112,asian,1
13113,asian,14
13114,asian,29
13115,asian,18
13116,asian,5
13117,asian,29
13118,asian,18
13119,asian,20
13120,asian,2
13121,asian,30
13122,asian,28
13123,asian,18
13124,asian,1
13125,asian,6
13126,asian,26
13127,asian,26
13128,asian,6
13129,asian,12
13130,asian,12
13131,asian,20
13132,asian,26
13133,asian,26
13134,asian,6
13135,asian,1
13136,asian,12
13137,asian,28
13138,asian,1
13139,asian,28
13140,asian,13
13141,asian,29
13142,asian,14
13143,asian,13
13144,asian,3
13145,asian,10
13146,asian,12
13147,asian,28
13148,asian,10
13149,asian,12
13150,asian,17
13151,asian,14
13152,asian,18
13153,asian,2
13154,asian,28
13155,asian,17
13156,asian,2
13157,asian,17
13158,asian,5
13159,asian,10
13160,asian,14
13161,asian,2
13162,asian,14
13163,asian,23
13164,asian,3
13165,asian,17
13166,asian,26
13167,asian,3
13168,asian,17
13169,asian,2
13170,asian,30
13171,asian,30
13172,asian,23
13173,asian,13
13174,asian,5
13175,asian,5
13176,asian,20
13177,asian,13
13178,asian,16
13179,asian,1
13180,asian,3
13181,asian,14
13182,asian,26
13183,asian,16
13184,asian,13
13185,asian,28
13186,asian,16
13187,asian,29
13188,asian,10
13189,asian,20
13190,asian,28
13191,asian,18
13192,asian,1
13193,asian,8
13194,asian,21
13195,asian,15
13196,asian,17
13197,asian,8
13198,asian,17
13199,asian,8
13200,asian,7
13201,asian,27
13202,asian,1
13203,asian,11
13204,asian,19
13205,asian,19
13206,asian,4
13207,asian,15
13208,asian,1
13209,asian,7
13210,asian,7
13211,asian,19
13212,asian,19
13213,asian,24
13214,asian,11
13215,asian,9
13216,asian,11
13217,asian,1
13218,asian,17
13219,asian,11
13220,asian,21
13221,asian,7
13222,asian,17
13223,asian,24
13224,asian,27
13225,asian,15
13226,asian,9
13227,asian,9
13228,asian,9
13229,asian,21
13230,asian,1
13231,asian,15
13232,asian,4
13233,asian,11
13234,asian,15
13235,asian,4
13236,asian,7
13237,asian,24
13238,asian,1
13239,asian,21
13240,asian,4
13241,asian,17
13242,asian,8
13243,asian,4
13244,asian,4
13245,asian,24
13246,asian,27
13247,asian,19
13248,asian,24
13249,asian,8
13250,asian,24
13251,asian,21
13252,asian,1
13253,asian,24
13254,asian,7
13255,asian,15
13256,asian,9
13257,asian,19
13258,asian,27
13259,asian,15
13260,asian,19
13261,asian,17
13262,asian,27
13263,asian,24
13264,asian,17
13265,asian,4
13266,asian,1
13267,asian,27
13268,asian,27
13269,asian,7
13270,asian,4
13271,asian,8
13272,asian,21
13273,asian,8
13274,asian,21
13275,asian,19
13276,asian,9
13277,asian,11
13278,asian,27
13279,asian,11
13280,asian,19
13281,asian,24
13282,asian,15
13283,asian,9
13284,asian,8
13285,asian,4
13286,asian,15
13287,asian,24
13288,asian,1
13289,asian,27
13290,asian,4
13291,asian,1
13292,asian,27
13293,asian,4
13294,asian,21
13295,asian,9
13296,asian,27
13297,asian,17
13298,asian,4
13299,asian,19
13300,asian,24
13301,asian,8
13302,asian,4
13303,asian,15
13304,asian,8
13305,asian,7
13306,asian,9
13307,asian,11
13308,asian,15
13309,asian,17
13310,asian,27
13311,asian,27
13312,asian,19
13313,asian,7
13314,asian,4
13315,asian,2
13316,asian,14
13317,asian,10
13318,asian,15
13319,asian,23
13320,asian,25
13321,asian,6
13322,asian,22
13323,asian,19
13324,asian,30
13325,asian,30
13326,asian,14
13327,asian,19
13328,asian,15
13329,asian,2
13330,asian,16
13331,asian,30
13332,asian,6
13333,asian,15
13334,asian,4
13335,asian,30
13336,asian,2
13337,asian,23
13338,asian,23
13339,asian,15
13340,asian,15
13341,asian,22
13342,asian,13
13343,asian,10
13344,asian,13
13345,asian,23
13346,asian,30
13347,asian,6
13348,asian,30
13349,asian,4
13350,asian,14
13351,asian,22
13352,asian,4
13353,asian,16
13354,asian,6
13355,asian,13
13356,asian,14
13357,asian,18
13358,asian,10
13359,asian,30
13360,asian,16
13361,asian,2
13362,asian,18
13363,asian,2
13364,asian,6
13365,asian,19
13366,asian,4
13367,asian,19
13368,asian,16
13369,asian,25
13370,asian,2
13371,asian,22
13372,asian,18
13373,asian,18
13374,asian,2
13375,asian,22
13376,asian,10
13377,asian,23
13378,asian,15
13379,asian,4
13380,asian,13
13381,asian,16
13382,asian,16
13383,asian,14
13384,asian,23
13385,asian,10
13386,asian,2
13387,asian,18
13388,asian,25
13389,asian,18
13390,asian,22
13391,asian,30
13392,asian,2
13393,asian,16
13394,asian,22
13395,asian,18
13396,asian,19
13397,asian,25
13398,asian,13
13399,asian,23
13400,asian,10
13401,asian,18
13402,asian,25
13403,asian,16
13404,asian,2
13405,asian,19
13406,asian,4
13407,asian,14
13408,asian,25
13409,asian,13
13410,asian,23
13411,asian,13
13412,asian,10
13413,asian,18
13414,asian,13
13415,asian,16
13416,asian,6
13417,asian,6
13418,asian,19
13419,asian,4
13420,asian,13
13421,asian,14
13422,asian,4
13423,asian,13
13424,asian,13
13425,asian,14
13426,asian,15
13427,asian,23
13428,asian,18
13429,asian,6
13430,asian,18
13431,asian,13
13432,asian,25
13433,asian,25
13434,asian,14
13435,asian,19
13436,asian,15
13437,asian,19
13438,asian,16
13439,asian,13
13440,asian,15
13441,asian,25
13442,asian,10
13443,asian,30
13444,asian,30
13445,asian,14
13446,asian,25
13447,asian,15
13448,asian,23
13449,asian,19
13450,asian,22
13451,asian,25
13452,asian,14
13453,asian,22
13454,asian,25
13455,asian,22
13456,asian,30
13457,asian,22
13458,asian,15
13459,asian,23
13460,asian,19
13461,asian,25
13462,asian,13
13463,asian,15
13464,asian,6
13465,asian,4
13466,asian,14
13467,asian,4
13468,asian,30
13469,asian,14
13470,asian,2
13471,asian,2
13472,asian,12
13473,asian,20
13474,asian,11
13475,asian,24
13476,asian,27
13477,asian,12
13478,asian,29
13479,asian,22
13480,asian,22
13481,asian,17
13482,asian,20
13483,asian,28
13484,asian,27
13485,asian,8
13486,asian,20
13487,asian,28
13488,asian,29
13489,asian,26
13490,asian,17
13491,asian,21
13492,asian,21
13493,asian,20
13494,asian,26
13495,asian,11
13496,asian,7
13497,asian,24
13498,asian,3
13499,asian,21
13500,asian,8
13501,asian,24
13502,asian,11
13503,asian,6
13504,asian,22
13505,asian,29
13506,asian,28
13507,asian,26
13508,asian,26
13509,asian,3
13510,asian,3
13511,asian,3
13512,asian,17
13513,asian,29
13514,asian,24
13515,asian,21
13516,asian,3
13517,asian,6
13518,asian,21
13519,asian,26
13520,asian,27
13521,asian,1
13522,asian,1
13523,asian,21
13524,asian,26
13525,asian,21
13526,asian,28
13527,asian,8
13528,asian,29
13529,asian,22
13530,asian,7
13531,asian,3
13532,asian,21
13533,asian,3
13534,asian,6
13535,asian,6
13536,asian,11
13537,asian,11
13538,asian,7
13539,asian,24
13540,asian,11
13541,asian,1
13542,asian,27
13543,asian,6
13544,asian,17
13545,asian,12
13546,asian,17
13547,asian,22
13548,asian,29
13549,asian,8
13550,asian,28
13551,asian,8
13552,asian,1
13553,asian,7
13554,asian,17
13555,asian,27
13556,asian,6
13557,asian,24
13558,asian,21
13559,asian,24
13560,asian,27
13561,asian,21
13562,asian,24
13563,asian,8
13564,asian,6
13565,asian,8
13566,asian,11
13567,asian,21
13568,asian,17
13569,asian,27
13570,asian,11
13571,asian,7
13572,asian,20
13573,asian,12
13574,asian,26
13575,asian,1
13576,asian,28
13577,asian,1
13578,asian,7
13579,asian,12
13580,asian,17
13581,asian,1
13582,asian,22
13583,asian,1
13584,asian,24
13585,asian,29
13586,asian,12
13587,asian,7
13588,asian,22
13589,asian,3
13590,asian,22
13591,asian,22
13592,asian,12
13593,asian,26
13594,asian,6
13595,asian,27
13596,asian,24
13597,asian,1
13598,asian,1
13599,asian,20
13600,asian,22
13601,asian,24
13602,asian,26
13603,asian,27
13604,asian,20
13605,asian,28
13606,asian,29
13607,asian,11
13608,asian,6
13609,asian,6
13610,asian,7
13611,asian,17
13612,asian,21
13613,asian,20
13614,asian,6
13615,asian,7
13616,asian,7
13617,asian,1
13618,asian,7
13619,asian,20
13620,asian,8
13621,asian,29
13622,asian,6
13623,asian,7
13624,asian,17
13625,asian,12
13626,asian,29
13627,asian,6
13628,asian,21
13629,asian,6
13630,asian,28
13631,asian,21
13632,asian,12
13633,asian,17
13634,asian,7
13635,asian,26
13636,asian,1
13637,asian,24
13638,asian,28
13639,asian,27
13640,asian,8
13641,asian,24
13642,asian,17
13643,asian,3
13644,asian,4
13645,asian,15
13646,asian,2
13647,asian,16
13648,asian,13
13649,asian,15
13650,asian,3
13651,asian,14
13652,asian,4
13653,asian,19
13654,asian,16
13655,asian,2
13656,asian,14
13657,asian,4
13658,asian,4
13659,asian,4
13660,asian,19
13661,asian,13
13662,asian,13
13663,asian,5
13664,asian,23
13665,asian,14
13666,asian,2
13667,asian,19
13668,asian,5
13669,asian,15
13670,asian,4
13671,asian,23
13672,asian,15
13673,asian,14
13674,asian,16
13675,asian,3
13676,asian,13
13677,asian,13
13678,asian,13
13679,asian,19
13680,asian,2
13681,asian,5
13682,asian,14
13683,asian,14
13684,asian,13
13685,asian,23
13686,asian,23
13687,asian,3
13688,asian,19
13689,asian,15
13690,asian,4
13691,asian,16
13692,asian,23
13693,asian,3
13694,asian,19
13695,asian,19
13696,asian,23
13697,asian,3
13698,asian,2
13699,asian,5
13700,asian,5
13701,asian,16
13702,asian,16
13703,asian,16
13704,asian,2
13705,asian,3
13706,asian,3
13707,asian,23
13708,asian,4
13709,asian,4
13710,asian,15
13711,asian,19
13712,asian,2
13713,asian,16
13714,asian,5
13715,asian,14
13716,asian,5
13717,asian,14
13718,asian,14
13719,asian,13
13720,asian,15
13721,asian,4
13722,asian,15
13723,asian,3
13724,asian,14
13725,asian,4
13726,asian,15
13727,asian,4
13728,asian,14
13729,asian,4
13730,asian,15
13731,asian,13
13732,asian,5
13733,asian,2
13734,asian,15
13735,asian,23
13736,asian,16
13737,asian,14
13738,asian,19
13739,asian,16
13740,asian,14
13741,asian,23
13742,asian,16
13743,asian,23
13744,asian,16
13745,asian,2
13746,asian,23
13747,asian,14
13748,asian,14
13749,asian,23
13750,asian,5
13751,asian,3
13752,asian,19
13753,asian,20
13754,asian,28
13755,asian,17
13756,asian,2
13757,asian,21
13758,asian,21
13759,asian,1
13760,asian,26
13761,asian,12
13762,asian,12
13763,asian,26
13764,asian,11
13765,asian,1
13766,asian,2
13767,asian,18
13768,asian,21
13769,asian,27
13770,asian,12
13771,asian,17
13772,asian,22
13773,asian,27
13774,asian,8
13775,asian,20
13776,asian,7
13777,asian,1
13778,asian,11
13779,asian,26
13780,asian,22
13781,asian,25
13782,asian,7
13783,asian,8
13784,asian,24
13785,asian,12
13786,asian,8
13787,asian,18
13788,asian,18
13789,asian,28
13790,asian,25
13791,asian,17
13792,asian,22
13793,asian,7
13794,asian,25
13795,asian,27
13796,asian,25
13797,asian,22
13798,asian,26
13799,asian,11
13800,asian,7
13801,asian,26
13802,asian,20
13803,asian,21
13804,asian,21
13805,asian,25
13806,asian,24
13807,asian,24
13808,asian,28
13809,asian,8
13810,asian,7
13811,asian,21
13812,asian,26
13813,asian,20
13814,asian,12
13815,asian,2
13816,asian,27
13817,asian,11
13818,asian,2
13819,asian,11
13820,asian,27
13821,asian,11
13822,asian,24
13823,asian,12
13824,asian,18
13825,asian,22
13826,asian,18
13827,asian,2
13828,asian,2
13829,asian,1
13830,asian,20
13831,asian,12
13832,asian,21
13833,asian,28
13834,asian,8
13835,asian,8
13836,asian,7
13837,asian,17
13838,asian,24
13839,asian,26
13840,asian,22
13841,asian,25
13842,asian,28
13843,asian,2
13844,asian,28
13845,asian,20
13846,asian,18
13847,asian,8
13848,asian,17
13849,asian,11
13850,asian,1
13851,asian,24
13852,asian,2
13853,asian,27
13854,asian,20
13855,asian,27
13856,asian,27
13857,asian,18
13858,asian,1
13859,asian,22
13860,asian,17
13861,asian,22
13862,asian,28
13863,asian,11
13864,asian,12
13865,asian,28
13866,asian,28
13867,asian,25
13868,asian,25
13869,asian,11
13870,asian,25
13871,asian,17
13872,asian,20
13873,asian,7
13874,asian,27
13875,asian,22
13876,asian,1
13877,asian,2
13878,asian,11
13879,asian,8
13880,asian,1
13881,asian,28
13882,asian,11
13883,asian,7
13884,asian,2
13885,asian,17
13886,asian,25
13887,asian,18
13888,asian,18
13889,asian,27
13890,asian,28
13891,asian,17
13892,asian,21
13893,asian,7
13894,asian,28
13895,asian,24
13896,asian,21
13897,asian,20
13898,asian,12
13899,asian,2
13900,asian,12
13901,asian,20
13902,asian,12
13903,asian,2
13904,asian,20
13905,asian,1
13906,asian,21
13907,asian,18
13908,asian,8
13909,asian,22
13910,asian,24
13911,asian,25
13912,asian,24
13913,asian,26
13914,asian,2
13915,asian,25
13916,asian,26
13917,asian,13
13918,asian,9
13919,asian,5
13920,asian,9
13921,asian,9
13922,asian,5
13923,asian,1
13924,asian,13
13925,asian,1
13926,asian,18
13927,asian,30
13928,asian,16
13929,asian,22
13930,asian,15
13931,asian,21
13932,asian,15
13933,asian,11
13934,asian,26
13935,asian,6
13936,asian,11
13937,asian,18
13938,asian,16
13939,asian,14
13940,asian,6
13941,asian,18
13942,asian,25
13943,asian,1
13944,asian,23
13945,asian,30
13946,asian,10
13947,asian,10
13948,asian,25
13949,asian,13
13950,asian,6
13951,asian,19
13952,asian,11
13953,asian,9
13954,asian,25
13955,asian,15
13956,asian,5
13957,asian,6
13958,asian,14
13959,asian,9
13960,asian,25
13961,asian,11
13962,asian,15
13963,asian,14
13964,asian,21
13965,asian,13
13966,asian,6
13967,asian,23
13968,asian,30
13969,asian,30
13970,asian,5
13971,asian,11
13972,asian,30
13973,asian,14
13974,asian,18
13975,asian,5
13976,asian,21
13977,asian,5
13978,asian,26
13979,asian,22
13980,asian,11
13981,asian,23
13982,asian,22
13983,asian,10
13984,asian,16
13985,asian,21
13986,asian,11
13987,asian,16
13988,asian,1
13989,asian,16
13990,asian,18
13991,asian,23
13992,asian,14
13993,asian,16
13994,asian,1
13995,asian,16
13996,asian,6
13997,asian,19
13998,asian,22
13999,asian,23
14000,asian,30
14001,asian,1
14002,asian,21
14003,asian,26
14004,asian,15
14005,asian,22
14006,asian,18
14007,asian,14
14008,asian,9
14009,asian,13
14010,asian,10
14011,asian,25
14012,asian,16
14013,asian,6
14014,asian,6
14015,asian,15
14016,asian,9
14017,asian,19
14018,asian,6
14019,asian,10
14020,asian,14
14021,asian,19
14022,asian,14
14023,asian,1
14024,asian,9
14025,asian,15
14026,asian,19
14027,asian,9
14028,asian,13
14029,asian,21
14030,asian,13
14031,asian,13
14032,asian,25
14033,asian,30
14034,asian,26
14035,asian,18
14036,asian,26
14037,asian,10
14038,asian,23
14039,asian,21
14040,asian,23
14041,asian,13
14042,asian,18
14043,asian,26
14044,asian,23
14045,asian,22
14046,asian,13
14047,asian,1
14048,asian,26
14049,asian,1
14050,asian,9
14051,asian,9
14052,asian,10
14053,asian,22
14054,asian,15
14055,asian,30
14056,asian,10
14057,asian,15
14058,asian,9
14059,asian,21
14060,asian,6
14061,asian,25
14062,asian,19
14063,asian,21
14064,asian,23
14065,asian,14
14066,asian,1
14067,asian,22
14068,asian,26
14069,asian,26
14070,asian,11
14071,asian,19
14072,asian,14
14073,asian,1
14074,asian,21
14075,asian,19
14076,asian,10
14077,asian,6
14078,asian,19
14079,asian,21
14080,asian,9
14081,asian,14
14082,asian,13
14083,asian,19
14084,asian,5
14085,asian,11
14086,asian,18
14087,asian,15
14088,asian,15
14089,asian,5
14090,asian,13
14091,asian,9
14092,asian,18
14093,asian,13
14094,asian,23
14095,asian,22
14096,asian,10
14097,asian,30
14098,asian,10
14099,asian,22
14100,asian,6
14101,asian,14
14102,asian,1
14103,asian,15
14104,asian,5
14105,asian,13
14106,asian,30
14107,asian,16
14108,asian,22
14109,asian,30
14110,asian,23
14111,asian,21
14112,asian,30
14113,asian,22
14114,asian,19
14115,asian,1
14116,asian,6
14117,asian,23
14118,asian,30
14119,asian,23
14120,asian,5
14121,asian,14
14122,asian,15
14123,asian,14
14124,asian,16
14125,asian,25
14126,asian,11
14127,asian,4
14128,asian,4
14129,asian,7
14130,asian,29
14131,asian,29
14132,asian,12
14133,asian,28
14134,asian,7
14135,asian,29
14136,asian,4
14137,asian,7
14138,asian,28
14139,asian,29
14140,asian,19
14141,asian,12
14142,asian,28
14143,asian,19
14144,asian,7
14145,asian,29
14146,asian,12
14147,asian,19
14148,asian,28
14149,asian,28
14150,asian,12
14151,asian,7
14152,asian,12
14153,asian,7
14154,asian,19
14155,asian,29
14156,asian,28
14157,asian,29
14158,asian,4
14159,asian,19
14160,asian,28
14161,asian,28
14162,asian,7
14163,asian,4
14164,asian,4
14165,asian,19
14166,asian,28
14167,asian,29
14168,asian,7
14169,asian,4
14170,asian,12
14171,asian,29
14172,asian,19
14173,asian,4
14174,asian,4
14175,asian,4
14176,asian,12
14177,asian,28
14178,asian,12
14179,asian,19
14180,asian,28
14181,asian,29
14182,asian,19
14183,asian,12
14184,asian,19
14185,asian,10
14186,asian,27
14187,asian,21
14188,asian,25
14189,asian,3
14190,asian,25
14191,asian,7
14192,asian,6
14193,asian,22
14194,asian,30
14195,asian,3
14196,asian,8
14197,asian,16
14198,asian,22
14199,asian,4
14200,asian,20
14201,asian,11
14202,asian,14
14203,asian,27
14204,asian,25
14205,asian,24
14206,asian,15
14207,asian,10
14208,asian,25
14209,asian,16
14210,asian,5
14211,asian,8
14212,asian,30
14213,asian,1
14214,asian,5
14215,asian,30
14216,asian,11
14217,asian,11
14218,asian,2
14219,asian,15
14220,asian,21
14221,asian,13
14222,asian,24
14223,asian,12
14224,asian,20
14225,asian,16
14226,asian,7
14227,asian,23
14228,asian,17
14229,asian,27
14230,asian,29
14231,asian,9
14232,asian,7
14233,asian,6
14234,asian,15
14235,asian,26
14236,asian,29
14237,asian,20
14238,asian,2
14239,asian,1
14240,asian,16
14241,asian,26
14242,asian,7
14243,asian,8
14244,asian,26
14245,asian,21
14246,asian,17
14247,asian,25
14248,asian,22
14249,asian,28
14250,asian,23
14251,asian,26
14252,asian,2
14253,asian,9
14254,asian,4
14255,asian,29
14256,asian,14
14257,asian,14
14258,asian,7
14259,asian,29
14260,asian,27
14261,asian,16
14262,asian,16
14263,asian,13
14264,asian,11
14265,asian,24
14266,asian,13
14267,asian,9
14268,asian,23
14269,asian,20
14270,asian,3
14271,asian,3
14272,asian,6
14273,asian,30
14274,asian,5
14275,asian,20
14276,asian,10
14277,asian,1
14278,asian,15
14279,asian,1
14280,asian,15
14281,asian,12
14282,asian,10
14283,asian,30
14284,asian,22
14285,asian,8
14286,asian,26
14287,asian,9
14288,asian,28
14289,asian,14
14290,asian,22
14291,asian,24
14292,asian,2
14293,asian,7
14294,asian,21
14295,asian,13
14296,asian,28
14297,asian,28
14298,asian,10
14299,asian,26
14300,asian,30
14301,asian,12
14302,asian,12
14303,asian,14
14304,asian,17
14305,asian,28
14306,asian,17
14307,asian,29
14308,asian,4
14309,asian,4
14310,asian,24
14311,asian,29
14312,asian,30
14313,asian,26
14314,asian,17
14315,asian,29
14316,asian,23
14317,asian,12
14318,asian,21
14319,asian,11
14320,asian,13
14321,asian,2
14322,asian,23
14323,asian,24
14324,asian,27
14325,asian,10
14326,asian,25
14327,asian,13
14328,asian,6
14329,asian,25
14330,asian,23
14331,asian,15
14332,asian,21
14333,asian,6
14334,asian,20
14335,asian,8
14336,asian,1
14337,asian,14
14338,asian,4
14339,asian,29
14340,asian,17
14341,asian,2
14342,asian,3
14343,asian,21
14344,asian,17
14345,asian,1
14346,asian,6
14347,asian,11
14348,asian,30
14349,asian,20
14350,asian,16
14351,asian,28
14352,asian,28
14353,asian,30
14354,asian,9
14355,asian,17
14356,asian,29
14357,asian,23
14358,asian,16
14359,asian,20
14360,asian,26
14361,asian,23
14362,asian,12
14363,asian,2
14364,asian,15
14365,asian,5
14366,asian,1
14367,asian,23
14368,asian,6
14369,asian,20
14370,asian,13
14371,asian,16
14372,asian,3
14373,asian,7
14374,asian,3
14375,asian,9
14376,asian,4
14377,asian,27
14378,asian,5
14379,asian,7
14380,asian,3
14381,asian,27
14382,asian,29
14383,asian,8
14384,asian,24
14385,asian,24
14386,asian,27
14387,asian,23
14388,asian,4
14389,asian,8
14390,asian,14
14391,asian,28
14392,asian,28
14393,asian,9
14394,asian,30
14395,asian,26
14396,asian,6
14397,asian,17
14398,asian,8
14399,asian,22
14400,asian,9
14401,asian,6
14402,asian,5
14403,asian,10
14404,asian,21
14405,asian,30
14406,asian,4
14407,asian,15
14408,asian,12
14409,asian,22
14410,asian,30
14411,asian,16
14412,asian,14
14413,asian,12
14414,asian,6
14415,asian,16
14416,asian,3
14417,asian,25
14418,asian,29
14419,asian,8
14420,asian,9
14421,asian,21
14422,asian,17
14423,asian,26
14424,asian,25
14425,asian,5
14426,asian,9
14427,asian,11
14428,asian,14
14429,asian,23
14430,asian,20
14431,asian,5
14432,asian,25
14433,asian,11
14434,asian,11
14435,asian,22
14436,asian,11
14437,asian,15
14438,asian,10
14439,asian,20
14440,asian,7
14441,asian,9
14442,asian,5
14443,asian,11
14444,asian,14
14445,asian,5
14446,asian,9
14447,asian,1
14448,asian,22
14449,asian,10
14450,asian,1
14451,asian,8
14452,asian,21
14453,asian,2
14454,asian,3
14455,asian,25
14456,asian,17
14457,asian,8
14458,asian,14
14459,asian,22
14460,asian,23
14461,asian,1
14462,asian,4
14463,asian,17
14464,asian,3
14465,asian,10
14466,asian,25
14467,asian,12
14468,asian,3
14469,asian,16
14470,asian,1
14471,asian,9
14472,asian,24
14473,asian,12
14474,asian,13
14475,asian,30
14476,asian,2
14477,asian,5
14478,asian,28
14479,asian,4
14480,asian,1
14481,asian,25
14482,asian,27
14483,asian,26
14484,asian,12
14485,asian,9
14486,asian,22
14487,asian,27
14488,asian,22
14489,asian,13
14490,asian,4
14491,asian,9
14492,asian,17
14493,asian,18
14494,asian,19
14495,asian,19
14496,asian,18
14497,asian,19
14498,asian,18
14499,asian,19
14500,asian,18
14501,asian,19
14502,asian,19
14503,asian,19
14504,asian,18
14505,asian,19
14506,asian,18
14507,asian,19
14508,asian,19
14509,asian,18
14510,asian,18
14511,asian,18
14512,asian,18
14513,asian,6
14514,asian,12
14515,asian,20
14516,asian,1
14517,asian,20
14518,asian,6
14519,asian,24
14520,asian,28
14521,asian,1
14522,asian,14
14523,asian,2
14524,asian,29
14525,asian,2
14526,asian,5
14527,asian,17
14528,asian,28
14529,asian,24
14530,asian,14
14531,asian,15
14532,asian,22
14533,asian,29
14534,asian,8
14535,asian,28
14536,asian,5
14537,asian,23
14538,asian,11
14539,asian,25
14540,asian,15
14541,asian,24
14542,asian,20
14543,asian,23
14544,asian,15
14545,asian,8
14546,asian,15
14547,asian,10
14548,asian,28
14549,asian,16
14550,asian,27
14551,asian,16
14552,asian,22
14553,asian,14
14554,asian,22
14555,asian,27
14556,asian,12
14557,asian,27
14558,asian,27
14559,asian,1
14560,asian,16
14561,asian,7
14562,asian,28
14563,asian,13
14564,asian,8
14565,asian,27
14566,asian,22
14567,asian,12
14568,asian,13
14569,asian,15
14570,asian,8
14571,asian,13
14572,asian,10
14573,asian,13
14574,asian,28
14575,asian,6
14576,asian,24
14577,asian,17
14578,asian,26
14579,asian,11
14580,asian,29
14581,asian,16
14582,asian,23
14583,asian,14
14584,asian,7
14585,asian,16
14586,asian,10
14587,asian,16
14588,asian,13
14589,asian,8
14590,asian,5
14591,asian,6
14592,asian,25
14593,asian,2
14594,asian,2
14595,asian,24
14596,asian,3
14597,asian,29
14598,asian,25
14599,asian,13
14600,asian,2
14601,asian,10
14602,asian,6
14603,asian,16
14604,asian,11
14605,asian,11
14606,asian,22
14607,asian,26
14608,asian,10
14609,asian,5
14610,asian,29
14611,asian,15
14612,asian,11
14613,asian,7
14614,asian,20
14615,asian,17
14616,asian,7
14617,asian,14
14618,asian,23
14619,asian,3
14620,asian,8
14621,asian,26
14622,asian,26
14623,asian,12
14624,asian,20
14625,asian,3
14626,asian,3
14627,asian,17
14628,asian,3
14629,asian,10
14630,asian,16
14631,asian,5
14632,asian,20
14633,asian,28
14634,asian,1
14635,asian,26
14636,asian,3
14637,asian,15
14638,asian,1
14639,asian,14
14640,asian,26
14641,asian,15
14642,asian,14
14643,asian,2
14644,asian,23
14645,asian,6
14646,asian,25
14647,asian,10
14648,asian,15
14649,asian,6
14650,asian,12
14651,asian,28
14652,asian,26
14653,asian,7
14654,asian,29
14655,asian,8
14656,asian,22
14657,asian,25
14658,asian,11
14659,asian,12
14660,asian,23
14661,asian,25
14662,asian,20
14663,asian,27
14664,asian,25
14665,asian,13
14666,asian,11
14667,asian,2
14668,asian,3
14669,asian,10
14670,asian,16
14671,asian,23
14672,asian,8
14673,asian,28
14674,asian,26
14675,asian,5
14676,asian,17
14677,asian,13
14678,asian,26
14679,asian,20
14680,asian,23
14681,asian,12
14682,asian,3
14683,asian,3
14684,asian,26
14685,asian,16
14686,asian,24
14687,asian,1
14688,asian,5
14689,asian,23
14690,asian,27
14691,asian,7
14692,asian,3
14693,asian,28
14694,asian,28
14695,asian,27
14696,asian,7
14697,asian,17
14698,asian,17
14699,asian,1
14700,asian,5
14701,asian,26
14702,asian,26
14703,asian,13
14704,asian,7
14705,asian,3
14706,asian,23
14707,asian,29
14708,asian,28
14709,asian,7
14710,asian,11
14711,asian,3
14712,asian,14
14713,asian,29
14714,asian,22
14715,asian,22
14716,asian,15
14717,asian,25
14718,asian,17
14719,asian,25
14720,asian,15
14721,asian,7
14722,asian,25
14723,asian,1
14724,asian,7
14725,asian,26
14726,asian,29
14727,asian,29
14728,asian,12
14729,asian,8
14730,asian,28
14731,asian,23
14732,asian,24
14733,asian,8
14734,asian,3
14735,asian,14
14736,asian,24
14737,asian,24
14738,asian,28
14739,asian,10
14740,asian,10
14741,asian,23
14742,asian,8
14743,asian,17
14744,asian,16
14745,asian,2
14746,asian,27
14747,asian,27
14748,asian,12
14749,asian,17
14750,asian,20
14751,asian,11
14752,asian,24
14753,asian,1
14754,asian,5
14755,asian,6
14756,asian,15
14757,asian,2
14758,asian,2
14759,asian,26
14760,asian,7
14761,asian,27
14762,asian,8
14763,asian,23
14764,asian,19
14765,asian,4
14766,asian,21
14767,asian,10
14768,asian,10
14769,asian,11
14770,asian,4
14771,asian,20
14772,asian,10
14773,asian,23
14774,asian,19
14775,asian,23
14776,asian,20
14777,asian,27
14778,asian,11
14779,asian,23
14780,asian,21
14781,asian,21
14782,asian,4
14783,asian,10
14784,asian,11
14785,asian,23
14786,asian,20
14787,asian,20
14788,asian,19
14789,asian,20
14790,asian,27
14791,asian,19
14792,asian,21
14793,asian,10
14794,asian,10
14795,asian,20
14796,asian,11
14797,asian,27
14798,asian,11
14799,asian,27
14800,asian,21
14801,asian,4
14802,asian,27
14803,asian,4
14804,asian,19
14805,asian,20
14806,asian,19
14807,asian,21
14808,asian,27
14809,asian,10
14810,asian,23
14811,asian,11
14812,asian,10
14813,asian,20
14814,asian,4
14815,asian,27
14816,asian,4
14817,asian,4
14818,asian,20
14819,asian,21
14820,asian,19
14821,asian,23
14822,asian,27
14823,asian,19
14824,asian,11
14825,asian,10
14826,asian,11
14827,asian,23
14828,asian,19
14829,asian,20
14830,asian,19
14831,asian,4
14832,asian,23
14833,asian,21
14834,asian,19
14835,asian,10
14836,asian,10
14837,asian,10
14838,asian,27
14839,asian,20
14840,asian,4
14841,asian,10
14842,asian,11
14843,asian,21
14844,asian,21
14845,asian,23
14846,asian,23
14847,asian,19
14848,asian,4
14849,asian,4
14850,asian,21
14851,asian,16
14852,asian,17
14853,asian,6
14854,asian,26
14855,asian,8
14856,asian,8
14857,asian,26
14858,asian,13
14859,asian,24
14860,asian,29
14861,asian,24
14862,asian,30
14863,asian,9
14864,asian,30
14865,asian,6
14866,asian,3
14867,asian,29
14868,asian,25
14869,asian,29
14870,asian,18
14871,asian,30
14872,asian,13
14873,asian,26
14874,asian,4
14875,asian,22
14876,asian,8
14877,asian,7
14878,asian,6
14879,asian,18
14880,asian,22
14881,asian,15
14882,asian,30
14883,asian,26
14884,asian,2
14885,asian,7
14886,asian,16
14887,asian,25
14888,asian,17
14889,asian,9
14890,asian,24
14891,asian,18
14892,asian,21
14893,asian,7
14894,asian,13
14895,asian,12
14896,asian,17
14897,asian,16
14898,asian,9
14899,asian,24
14900,asian,4
14901,asian,25
14902,asian,13
14903,asian,3
14904,asian,16
14905,asian,1
14906,asian,22
14907,asian,6
14908,asian,4
14909,asian,29
14910,asian,3
14911,asian,12
14912,asian,4
14913,asian,2
14914,asian,15
14915,asian,13
14916,asian,25
14917,asian,12
14918,asian,4
14919,asian,18
14920,asian,21
14921,asian,8
14922,asian,2
14923,asian,5
14924,asian,29
14925,asian,29
14926,asian,18
14927,asian,3
14928,asian,12
14929,asian,30
14930,asian,9
14931,asian,16
14932,asian,15
14933,asian,7
14934,asian,15
14935,asian,12
14936,asian,5
14937,asian,22
14938,asian,1
14939,asian,8
14940,asian,15
14941,asian,25
14942,asian,15
14943,asian,17
14944,asian,3
14945,asian,6
14946,asian,26
14947,asian,12
14948,asian,7
14949,asian,1
14950,asian,1
14951,asian,5
14952,asian,7
14953,asian,26
14954,asian,13
14955,asian,18
14956,asian,13
14957,asian,21
14958,asian,1
14959,asian,22
14960,asian,9
14961,asian,12
14962,asian,25
14963,asian,22
14964,asian,24
14965,asian,9
14966,asian,30
14967,asian,25
14968,asian,8
14969,asian,4
14970,asian,22
14971,asian,15
14972,asian,1
14973,asian,3
14974,asian,1
14975,asian,6
14976,asian,12
14977,asian,18
14978,asian,25
14979,asian,2
14980,asian,2
14981,asian,24
14982,asian,6
14983,asian,15
14984,asian,16
14985,asian,12
14986,asian,30
14987,asian,16
14988,asian,17
14989,asian,5
14990,asian,26
14991,asian,5
14992,asian,1
14993,asian,16
14994,asian,22
14995,asian,25
14996,asian,7
14997,asian,24
14998,asian,9
14999,asian,26
15000,asian,12
15001,asian,22
15002,asian,9
15003,asian,17
15004,asian,29
15005,asian,26
15006,asian,13
15007,asian,5
15008,asian,3
15009,asian,4
15010,asian,7
15011,asian,29
15012,asian,5
15013,asian,21
15014,asian,8
15015,asian,29
15016,asian,17
15017,asian,3
15018,asian,21
15019,asian,21
15020,asian,2
15021,asian,17
15022,asian,17
15023,asian,1
15024,asian,24
15025,asian,13
15026,asian,24
15027,asian,22
15028,asian,1
15029,asian,8
15030,asian,3
15031,asian,18
15032,asian,30
15033,asian,5
15034,asian,5
15035,asian,18
15036,asian,9
15037,asian,29
15038,asian,4
15039,asian,2
15040,asian,2
15041,asian,2
15042,asian,18
15043,asian,8
15044,asian,1
15045,asian,21
15046,asian,9
15047,asian,30
15048,asian,9
15049,asian,6
15050,asian,9
15051,asian,8
15052,asian,6
15053,asian,9
15054,asian,5
15055,asian,6
15056,asian,16
15057,asian,15
15058,asian,4
15059,asian,21
15060,asian,17
15061,asian,1
15062,asian,17
15063,asian,25
15064,asian,5
15065,asian,8
15066,asian,21
15067,asian,4
15068,asian,30
15069,asian,24
15070,asian,7
15071,asian,6
15072,asian,13
15073,asian,7
15074,asian,8
15075,asian,15
15076,asian,15
15077,asian,21
15078,asian,30
15079,asian,5
15080,asian,18
15081,asian,5
15082,asian,2
15083,asian,20
15084,asian,7
15085,asian,14
15086,asian,15
15087,asian,15
15088,asian,17
15089,asian,11
15090,asian,20
15091,asian,28
15092,asian,11
15093,asian,14
15094,asian,11
15095,asian,15
15096,asian,14
15097,asian,7
15098,asian,11
15099,asian,27
15100,asian,28
15101,asian,20
15102,asian,19
15103,asian,20
15104,asian,27
15105,asian,27
15106,asian,27
15107,asian,20
15108,asian,11
15109,asian,17
15110,asian,28
15111,asian,7
15112,asian,20
15113,asian,11
15114,asian,27
15115,asian,15
15116,asian,15
15117,asian,15
15118,asian,7
15119,asian,17
15120,asian,27
15121,asian,19
15122,asian,14
15123,asian,11
15124,asian,19
15125,asian,28
15126,asian,23
15127,asian,19
15128,asian,15
15129,asian,17
15130,asian,28
15131,asian,28
15132,asian,17
15133,asian,28
15134,asian,23
15135,asian,7
15136,asian,7
15137,asian,19
15138,asian,14
15139,asian,17
15140,asian,23
15141,asian,20
15142,asian,14
15143,asian,11
15144,asian,14
15145,asian,23
15146,asian,23
15147,asian,14
15148,asian,11
15149,asian,27
15150,asian,17
15151,asian,7
15152,asian,15
15153,asian,27
15154,asian,23
15155,asian,20
15156,asian,23
15157,asian,15
15158,asian,15
15159,asian,20
15160,asian,23
15161,asian,19
15162,asian,19
15163,asian,23
15164,asian,28
15165,asian,23
15166,asian,14
15167,asian,7
15168,asian,17
15169,asian,7
15170,asian,19
15171,asian,27
15172,asian,23
15173,asian,19
15174,asian,19
15175,asian,23
15176,asian,14
15177,asian,20
15178,asian,11
15179,asian,28
15180,asian,11
15181,asian,17
15182,asian,20
15183,asian,23
15184,asian,14
15185,asian,15
15186,asian,17
15187,asian,7
15188,asian,11
15189,asian,20
15190,asian,7
15191,asian,14
15192,asian,19
15193,asian,23
15194,asian,7
15195,asian,11
15196,asian,14
15197,asian,19
15198,asian,19
15199,asian,27
15200,asian,16
15201,asian,1
15202,asian,4
15203,asian,30
15204,asian,26
15205,asian,4
15206,asian,10
15207,asian,16
15208,asian,21
15209,asian,16
15210,asian,12
15211,asian,29
15212,asian,26
15213,asian,5
15214,asian,30
15215,asian,8
15216,asian,5
15217,asian,4
15218,asian,29
15219,asian,10
15220,asian,8
15221,asian,1
15222,asian,10
15223,asian,8
15224,asian,29
15225,asian,30
15226,asian,22
15227,asian,4
15228,asian,26
15229,asian,24
15230,asian,10
15231,asian,21
15232,asian,22
15233,asian,6
15234,asian,21
15235,asian,29
15236,asian,24
15237,asian,21
15238,asian,21
15239,asian,5
15240,asian,10
15241,asian,12
15242,asian,6
15243,asian,29
15244,asian,5
15245,asian,12
15246,asian,6
15247,asian,21
15248,asian,22
15249,asian,12
15250,asian,6
15251,asian,8
15252,asian,16
15253,asian,5
15254,asian,4
15255,asian,5
15256,asian,22
15257,asian,10
15258,asian,24
15259,asian,6
15260,asian,24
15261,asian,26
15262,asian,12
15263,asian,16
15264,asian,30
15265,asian,4
15266,asian,24
15267,asian,5
15268,asian,24
15269,asian,1
15270,asian,6
15271,asian,30
15272,asian,10
15273,asian,12
15274,asian,22
15275,asian,5
15276,asian,10
15277,asian,22
15278,asian,26
15279,asian,24
15280,asian,10
15281,asian,1
15282,asian,16
15283,asian,21
15284,asian,4
15285,asian,21
15286,asian,1
15287,asian,29
15288,asian,8
15289,asian,30
15290,asian,12
15291,asian,6
15292,asian,16
15293,asian,26
15294,asian,29
15295,asian,5
15296,asian,30
15297,asian,6
15298,asian,30
15299,asian,22
15300,asian,8
15301,asian,1
15302,asian,8
15303,asian,22
15304,asian,26
15305,asian,12
15306,asian,21
15307,asian,10
15308,asian,1
15309,asian,26
15310,asian,24
15311,asian,10
15312,asian,10
15313,asian,10
15314,asian,8
15315,asian,26
15316,asian,29
15317,asian,29
15318,asian,6
15319,asian,24
15320,asian,4
15321,asian,21
15322,asian,24
15323,asian,1
15324,asian,6
15325,asian,16
15326,asian,21
15327,asian,16
15328,asian,21
15329,asian,12
15330,asian,26
15331,asian,30
15332,asian,24
15333,asian,22
15334,asian,1
15335,asian,22
15336,asian,8
15337,asian,10
15338,asian,12
15339,asian,26
15340,asian,29
15341,asian,6
15342,asian,8
15343,asian,1
15344,asian,24
15345,asian,30
15346,asian,21
15347,asian,26
15348,asian,21
15349,asian,30
15350,asian,24
15351,asian,8
15352,asian,30
15353,asian,8
15354,asian,30
15355,asian,12
15356,asian,30
15357,asian,25
15358,asian,23
15359,asian,9
15360,asian,20
15361,asian,19
15362,asian,3
15363,asian,15
15364,asian,3
15365,asian,25
15366,asian,20
15367,asian,12
15368,asian,24
15369,asian,17
15370,asian,16
15371,asian,25
15372,asian,25
15373,asian,27
15374,asian,24
15375,asian,15
15376,asian,25
15377,asian,11
15378,asian,3
15379,asian,24
15380,asian,2
15381,asian,23
15382,asian,11
15383,asian,14
15384,asian,16
15385,asian,9
15386,asian,18
15387,asian,30
15388,asian,24
15389,asian,9
15390,asian,18
15391,asian,11
15392,asian,18
15393,asian,16
15394,asian,13
15395,asian,14
15396,asian,11
15397,asian,25
15398,asian,9
15399,asian,24
15400,asian,3
15401,asian,11
15402,asian,30
15403,asian,17
15404,asian,2
15405,asian,23
15406,asian,14
15407,asian,27
15408,asian,12
15409,asian,27
15410,asian,2
15411,asian,18
15412,asian,27
15413,asian,12
15414,asian,27
15415,asian,17
15416,asian,23
15417,asian,13
15418,asian,19
15419,asian,13
15420,asian,3
15421,asian,16
15422,asian,15
15423,asian,14
15424,asian,27
15425,asian,13
15426,asian,11
15427,asian,16
15428,asian,30
15429,asian,23
15430,asian,17
15431,asian,2
15432,asian,15
15433,asian,17
15434,asian,17
15435,asian,14
15436,asian,14
15437,asian,11
15438,asian,16
15439,asian,9
15440,asian,12
15441,asian,18
15442,asian,24
15443,asian,20
15444,asian,13
15445,asian,11
15446,asian,9
15447,asian,19
15448,asian,18
15449,asian,30
15450,asian,14
15451,asian,27
15452,asian,24
15453,asian,2
15454,asian,13
15455,asian,19
15456,asian,13
15457,asian,15
15458,asian,3
15459,asian,20
15460,asian,15
15461,asian,30
15462,asian,16
15463,asian,14
15464,asian,2
15465,asian,11
15466,asian,3
15467,asian,15
15468,asian,25
15469,asian,9
15470,asian,19
15471,asian,23
15472,asian,18
15473,asian,13
15474,asian,16
15475,asian,13
15476,asian,9
15477,asian,18
15478,asian,18
15479,asian,17
15480,asian,27
15481,asian,19
15482,asian,19
15483,asian,23
15484,asian,11
15485,asian,24
15486,asian,20
15487,asian,20
15488,asian,30
15489,asian,17
15490,asian,19
15491,asian,24
15492,asian,20
15493,asian,25
15494,asian,2
15495,asian,14
15496,asian,9
15497,asian,13
15498,asian,19
15499,asian,27
15500,asian,24
15501,asian,13
15502,asian,12
15503,asian,19
15504,asian,30
15505,asian,23
15506,asian,9
15507,asian,24
15508,asian,15
15509,asian,2
15510,asian,17
15511,asian,12
15512,asian,19
15513,asian,2
15514,asian,25
15515,asian,20
15516,asian,23
15517,asian,3
15518,asian,19
15519,asian,3
15520,asian,3
15521,asian,19
15522,asian,18
15523,asian,24
15524,asian,12
15525,asian,17
15526,asian,18
15527,asian,17
15528,asian,2
15529,asian,3
15530,asian,23
15531,asian,23
15532,asian,14
15533,asian,23
15534,asian,25
15535,asian,18
15536,asian,23
15537,asian,20
15538,asian,20
15539,asian,23
15540,asian,2
15541,asian,18
15542,asian,24
15543,asian,30
15544,asian,19
15545,asian,3
15546,asian,2
15547,asian,16
15548,asian,25
15549,asian,15
15550,asian,16
15551,asian,4
15552,asian,28
15553,asian,8
15554,asian,6
15555,asian,1
15556,asian,26
15557,asian,10
15558,asian,26
15559,asian,5
15560,asian,26
15561,asian,6
15562,asian,10
15563,asian,10
15564,asian,5
15565,asian,4
15566,asian,8
15567,asian,22
15568,asian,10
15569,asian,28
15570,asian,4
15571,asian,6
15572,asian,5
15573,asian,22
15574,asian,4
15575,asian,22
15576,asian,6
15577,asian,1
15578,asian,26
15579,asian,10
15580,asian,28
15581,asian,1
15582,asian,7
15583,asian,28
15584,asian,22
15585,asian,22
15586,asian,6
15587,asian,5
15588,asian,1
15589,asian,8
15590,asian,8
15591,asian,26
15592,asian,26
15593,asian,10
15594,asian,26
15595,asian,1
15596,asian,8
15597,asian,26
15598,asian,7
15599,asian,7
15600,asian,26
15601,asian,6
15602,asian,7
15603,asian,8
15604,asian,28
15605,asian,6
15606,asian,28
15607,asian,4
15608,asian,4
15609,asian,10
15610,asian,7
15611,asian,26
15612,asian,6
15613,asian,22
15614,asian,7
15615,asian,22
15616,asian,22
15617,asian,5
15618,asian,7
15619,asian,1
15620,asian,22
15621,asian,8
15622,asian,10
15623,asian,5
15624,asian,5
15625,asian,7
15626,asian,6
15627,asian,7
15628,asian,8
15629,asian,4
15630,asian,10
15631,asian,28
15632,asian,1
15633,asian,5
15634,asian,10
15635,asian,28
15636,asian,28
15637,asian,1
15638,asian,4
15639,asian,8
15640,asian,22
15641,asian,26
15642,asian,6
15643,asian,8
15644,asian,5
15645,asian,8
15646,asian,28
15647,asian,4
15648,asian,7
15649,asian,16
15650,asian,27
15651,asian,29
15652,asian,29
15653,asian,10
15654,asian,17
15655,asian,3
15656,asian,25
15657,asian,25
15658,asian,19
15659,asian,11
15660,asian,8
15661,asian,24
15662,asian,15
15663,asian,30
15664,asian,30
15665,asian,12
15666,asian,15
15667,asian,12
15668,asian,28
15669,asian,20
15670,asian,8
15671,asian,19
15672,asian,30
15673,asian,16
15674,asian,24
15675,asian,10
15676,asian,19
15677,asian,21
15678,asian,29
15679,asian,11
15680,asian,30
15681,asian,27
15682,asian,11
15683,asian,27
15684,asian,19
15685,asian,17
15686,asian,15
15687,asian,17
15688,asian,14
15689,asian,10
15690,asian,25
15691,asian,9
15692,asian,20
15693,asian,24
15694,asian,11
15695,asian,20
15696,asian,8
15697,asian,12
15698,asian,12
15699,asian,3
15700,asian,20
15701,asian,27
15702,asian,8
15703,asian,9
15704,asian,14
15705,asian,24
15706,asian,21
15707,asian,28
15708,asian,17
15709,asian,25
15710,asian,14
15711,asian,28
15712,asian,9
15713,asian,10
15714,asian,12
15715,asian,18
15716,asian,11
15717,asian,29
15718,asian,9
15719,asian,30
15720,asian,8
15721,asian,30
15722,asian,21
15723,asian,8
15724,asian,16
15725,asian,8
15726,asian,19
15727,asian,3
15728,asian,10
15729,asian,27
15730,asian,18
15731,asian,24
15732,asian,17
15733,asian,11
15734,asian,10
15735,asian,9
15736,asian,19
15737,asian,17
15738,asian,9
15739,asian,3
15740,asian,18
15741,asian,14
15742,asian,3
15743,asian,29
15744,asian,15
15745,asian,15
15746,asian,3
15747,asian,16
15748,asian,3
15749,asian,16
15750,asian,24
15751,asian,14
15752,asian,10
15753,asian,14
15754,asian,28
15755,asian,29
15756,asian,20
15757,asian,21
15758,asian,20
15759,asian,14
15760,asian,25
15761,asian,9
15762,asian,24
15763,asian,21
15764,asian,3
15765,asian,12
15766,asian,21
15767,asian,18
15768,asian,18
15769,asian,20
15770,asian,20
15771,asian,18
15772,asian,15
15773,asian,12
15774,asian,28
15775,asian,14
15776,asian,20
15777,asian,18
15778,asian,16
15779,asian,29
15780,asian,27
15781,asian,11
15782,asian,30
15783,asian,9
15784,asian,25
15785,asian,18
15786,asian,18
15787,asian,19
15788,asian,28
15789,asian,28
15790,asian,20
15791,asian,27
15792,asian,28
15793,asian,28
15794,asian,14
15795,asian,18
15796,asian,17
15797,asian,15
15798,asian,9
15799,asian,16
15800,asian,11
15801,asian,12
15802,asian,10
15803,asian,28
15804,asian,24
15805,asian,21
15806,asian,16
15807,asian,30
15808,asian,12
15809,asian,11
15810,asian,25
15811,asian,12
15812,asian,28
15813,asian,25
15814,asian,21
15815,asian,21
15816,asian,11
15817,asian,21
15818,asian,29
15819,asian,17
15820,asian,8
15821,asian,10
15822,asian,30
15823,asian,10
15824,asian,8
15825,asian,30
15826,asian,8
15827,asian,29
15828,asian,15
15829,asian,21
15830,asian,27
15831,asian,28
15832,asian,18
15833,asian,30
15834,asian,25
15835,asian,29
15836,asian,19
15837,asian,30
15838,asian,9
15839,asian,27
15840,asian,27
15841,asian,15
15842,asian,15
15843,asian,14
15844,asian,14
15845,asian,28
15846,asian,16
15847,asian,30
15848,asian,25
15849,asian,17
15850,asian,3
15851,asian,28
15852,asian,19
15853,asian,10
15854,asian,16
15855,asian,26
15856,asian,4
15857,asian,5
15858,asian,22
15859,asian,26
15860,asian,13
15861,asian,1
15862,asian,13
15863,asian,5
15864,asian,13
15865,asian,26
15866,asian,22
15867,asian,1
15868,asian,4
15869,asian,2
15870,asian,7
15871,asian,27
15872,asian,6
15873,asian,9
15874,asian,13
15875,asian,5
15876,asian,7
15877,asian,6
15878,asian,22
15879,asian,9
15880,asian,6
15881,asian,6
15882,asian,4
15883,asian,6
15884,asian,3
15885,asian,23
15886,asian,23
15887,asian,2
15888,asian,19
15889,asian,1
15890,asian,9
15891,asian,3
15892,asian,5
15893,asian,9
15894,asian,19
15895,asian,22
15896,asian,1
15897,asian,27
15898,asian,9
15899,asian,3
15900,asian,7
15901,asian,27
15902,asian,7
15903,asian,4
15904,asian,7
15905,asian,19
15906,asian,27
15907,asian,3
15908,asian,5
15909,asian,13
15910,asian,13
15911,asian,3
15912,asian,13
15913,asian,6
15914,asian,2
15915,asian,23
15916,asian,3
15917,asian,26
15918,asian,23
15919,asian,22
15920,asian,4
15921,asian,19
15922,asian,22
15923,asian,7
15924,asian,23
15925,asian,27
15926,asian,26
15927,asian,9
15928,asian,5
15929,asian,4
15930,asian,7
15931,asian,19
15932,asian,2
15933,asian,2
15934,asian,22
15935,asian,3
15936,asian,2
15937,asian,27
15938,asian,26
15939,asian,23
15940,asian,19
15941,asian,6
15942,asian,3
15943,asian,27
15944,asian,3
15945,asian,4
15946,asian,9
15947,asian,5
15948,asian,27
15949,asian,23
15950,asian,6
15951,asian,23
15952,asian,23
15953,asian,7
15954,asian,19
15955,asian,1
15956,asian,3
15957,asian,5
15958,asian,9
15959,asian,2
15960,asian,22
15961,asian,27
15962,asian,22
15963,asian,13
15964,asian,2
15965,asian,7
15966,asian,1
15967,asian,3
15968,asian,26
15969,asian,22
15970,asian,23
15971,asian,26
15972,asian,23
15973,asian,19
15974,asian,4
15975,asian,19
15976,asian,19
15977,asian,22
15978,asian,4
15979,asian,23
15980,asian,13
15981,asian,19
15982,asian,2
15983,asian,22
15984,asian,9
15985,asian,9
15986,asian,13
15987,asian,19
15988,asian,1
15989,asian,6
15990,asian,27
15991,asian,5
15992,asian,9
15993,asian,1
15994,asian,19
15995,asian,23
15996,asian,9
15997,asian,26
15998,asian,23
15999,asian,4
16000,asian,1
16001,asian,19
16002,asian,9
16003,asian,24
16004,asian,29
16005,asian,6
16006,asian,29
16007,asian,7
16008,asian,30
16009,asian,8
16010,asian,5
16011,asian,12
16012,asian,21
16013,asian,29
16014,asian,11
16015,asian,25
16016,asian,21
16017,asian,12
16018,asian,16
16019,asian,18
16020,asian,4
16021,asian,4
16022,asian,13
16023,asian,16
16024,asian,20
16025,asian,15
16026,asian,30
16027,asian,25
16028,asian,21
16029,asian,2
16030,asian,11
16031,asian,6
16032,asian,14
16033,asian,30
16034,asian,30
16035,asian,5
16036,asian,5
16037,asian,24
16038,asian,6
16039,asian,21
16040,asian,11
16041,asian,20
16042,asian,2
16043,asian,25
16044,asian,7
16045,asian,28
16046,asian,5
16047,asian,10
16048,asian,2
16049,asian,18
16050,asian,8
16051,asian,17
16052,asian,20
16053,asian,4
16054,asian,2
16055,asian,10
16056,asian,5
16057,asian,11
16058,asian,24
16059,asian,17
16060,asian,21
16061,asian,11
16062,asian,8
16063,asian,17
16064,asian,17
16065,asian,14
16066,asian,13
16067,asian,29
16068,asian,16
16069,asian,11
16070,asian,8
16071,asian,25
16072,asian,14
16073,asian,7
16074,asian,25
16075,asian,25
16076,asian,13
16077,asian,12
16078,asian,20
16079,asian,8
16080,asian,25
16081,asian,16
16082,asian,4
16083,asian,15
16084,asian,17
16085,asian,28
16086,asian,15
16087,asian,24
16088,asian,16
16089,asian,6
16090,asian,2
16091,asian,20
16092,asian,14
16093,asian,10
16094,asian,6
16095,asian,13
16096,asian,8
16097,asian,2
16098,asian,29
16099,asian,10
16100,asian,28
16101,asian,16
16102,asian,17
16103,asian,28
16104,asian,7
16105,asian,21
16106,asian,18
16107,asian,13
16108,asian,15
16109,asian,28
16110,asian,28
16111,asian,12
16112,asian,10
16113,asian,15
16114,asian,6
16115,asian,24
16116,asian,12
16117,asian,24
16118,asian,7
16119,asian,15
16120,asian,11
16121,asian,4
16122,asian,7
16123,asian,10
16124,asian,15
16125,asian,20
16126,asian,17
16127,asian,2
16128,asian,4
16129,asian,14
16130,asian,2
16131,asian,18
16132,asian,5
16133,asian,13
16134,asian,14
16135,asian,28
16136,asian,11
16137,asian,5
16138,asian,24
16139,asian,13
16140,asian,18
16141,asian,14
16142,asian,24
16143,asian,13
16144,asian,20
16145,asian,20
16146,asian,28
16147,asian,12
16148,asian,15
16149,asian,12
16150,asian,2
16151,asian,20
16152,asian,29
16153,asian,24
16154,asian,5
16155,asian,18
16156,asian,5
16157,asian,18
16158,asian,10
16159,asian,7
16160,asian,7
16161,asian,18
16162,asian,25
16163,asian,29
16164,asian,24
16165,asian,14
16166,asian,29
16167,asian,5
16168,asian,17
16169,asian,30
16170,asian,10
16171,asian,6
16172,asian,16
16173,asian,14
16174,asian,8
16175,asian,17
16176,asian,20
16177,asian,29
16178,asian,6
16179,asian,25
16180,asian,29
16181,asian,8
16182,asian,30
16183,asian,21
16184,asian,30
16185,asian,24
16186,asian,28
16187,asian,5
16188,asian,12
16189,asian,14
16190,asian,16
16191,asian,24
16192,asian,28
16193,asian,18
16194,asian,14
16195,asian,12
16196,asian,13
16197,asian,29
16198,asian,6
16199,asian,18
16200,asian,21
16201,asian,6
16202,asian,12
16203,asian,25
16204,asian,30
16205,asian,11
16206,asian,18
16207,asian,18
16208,asian,30
16209,asian,5
16210,asian,7
16211,asian,25
16212,asian,16
16213,asian,7
16214,asian,12
16215,asian,10
16216,asian,6
16217,asian,15
16218,asian,14
16219,asian,4
16220,asian,29
16221,asian,2
16222,asian,2
16223,asian,5
16224,asian,12
16225,asian,29
16226,asian,10
16227,asian,4
16228,asian,18
16229,asian,28
16230,asian,21
16231,asian,4
16232,asian,15
16233,asian,16
16234,asian,25
16235,asian,14
16236,asian,25
16237,asian,6
16238,asian,8
16239,asian,16
16240,asian,24
16241,asian,5
16242,asian,25
16243,asian,13
16244,asian,30
16245,asian,21
16246,asian,15
16247,asian,7
16248,asian,5
16249,asian,4
16250,asian,8
16251,asian,21
16252,asian,22
16253,asian,27
16254,asian,14
16255,asian,25
16256,asian,14
16257,asian,22
16258,asian,19
16259,asian,1
16260,asian,17
16261,asian,9
16262,asian,23
16263,asian,1
16264,asian,9
16265,asian,26
16266,asian,17
16267,asian,26
16268,asian,27
16269,asian,17
16270,asian,25
16271,asian,22
16272,asian,14
16273,asian,16
16274,asian,16
16275,asian,17
16276,asian,21
16277,asian,1
16278,asian,27
16279,asian,25
16280,asian,19
16281,asian,27
16282,asian,23
16283,asian,1
16284,asian,1
16285,asian,1
16286,asian,22
16287,asian,19
16288,asian,1
16289,asian,14
16290,asian,21
16291,asian,22
16292,asian,26
16293,asian,26
16294,asian,26
16295,asian,27
16296,asian,16
16297,asian,9
16298,asian,19
16299,asian,25
16300,asian,17
16301,asian,21
16302,asian,9
16303,asian,23
16304,asian,21
16305,asian,26
16306,asian,9
16307,asian,23
16308,asian,23
16309,asian,17
16310,asian,17
16311,asian,22
16312,asian,19
16313,asian,16
16314,asian,21
16315,asian,14
16316,asian,9
16317,asian,23
16318,asian,27
16319,asian,16
16320,asian,1
16321,asian,21
16322,asian,19
16323,asian,25
16324,asian,16
16325,asian,26
16326,asian,22
16327,asian,14
16328,asian,19
16329,asian,26
16330,asian,9
16331,asian,26
16332,asian,23
16333,asian,23
16334,asian,25
16335,asian,16
16336,asian,27
16337,asian,26
16338,asian,25
16339,asian,21
16340,asian,16
16341,asian,22
16342,asian,27
16343,asian,21
16344,asian,17
16345,asian,27
16346,asian,25
16347,asian,25
16348,asian,9
16349,asian,19
16350,asian,1
16351,asian,26
16352,asian,22
16353,asian,14
16354,asian,14
16355,asian,9
16356,asian,23
16357,asian,17
16358,asian,14
16359,asian,16
16360,asian,27
16361,asian,23
16362,asian,16
16363,asian,16
16364,asian,19
16365,asian,16
16366,asian,14
16367,asian,25
16368,asian,14
16369,asian,23
16370,asian,22
16371,asian,14
16372,asian,20
16373,asian,7
16374,asian,24
16375,asian,4
16376,asian,12
16377,asian,11
16378,asian,5
16379,asian,30
16380,asian,15
16381,asian,15
16382,asian,12
16383,asian,11
16384,asian,8
16385,asian,20
16386,asian,4
16387,asian,10
16388,asian,5
16389,asian,10
16390,asian,5
16391,asian,8
16392,asian,15
16393,asian,20
16394,asian,11
16395,asian,24
16396,asian,4
16397,asian,7
16398,asian,13
16399,asian,4
16400,asian,8
16401,asian,30
16402,asian,5
16403,asian,18
16404,asian,15
16405,asian,18
16406,asian,10
16407,asian,7
16408,asian,20
16409,asian,15
16410,asian,30
16411,asian,24
16412,asian,7
16413,asian,24
16414,asian,5
16415,asian,30
16416,asian,12
16417,asian,2
16418,asian,2
16419,asian,13
16420,asian,2
16421,asian,24
16422,asian,10
16423,asian,5
16424,asian,12
16425,asian,20
16426,asian,20
16427,asian,8
16428,asian,24
16429,asian,8
16430,asian,10
16431,asian,13
16432,asian,18
16433,asian,13
16434,asian,15
16435,asian,4
16436,asian,18
16437,asian,13
16438,asian,13
16439,asian,11
16440,asian,30
16441,asian,30
16442,asian,12
16443,asian,12
16444,asian,15
16445,asian,10
16446,asian,13
16447,asian,18
16448,asian,15
16449,asian,12
16450,asian,8
16451,asian,7
16452,asian,18
16453,asian,24
16454,asian,10
16455,asian,18
16456,asian,30
16457,asian,18
16458,asian,5
16459,asian,7
16460,asian,7
16461,asian,10
16462,asian,4
16463,asian,18
16464,asian,4
16465,asian,20
16466,asian,11
16467,asian,2
16468,asian,4
16469,asian,8
16470,asian,13
16471,asian,13
16472,asian,30
16473,asian,11
16474,asian,8
16475,asian,20
16476,asian,8
16477,asian,2
16478,asian,5
16479,asian,20
16480,asian,2
16481,asian,2
16482,asian,18
16483,asian,11
16484,asian,30
16485,asian,11
16486,asian,10
16487,asian,2
16488,asian,12
16489,asian,7
16490,asian,24
16491,asian,24
16492,asian,5
16493,asian,4
16494,asian,24
16495,asian,4
16496,asian,7
16497,asian,15
16498,asian,5
16499,asian,10
16500,asian,20
16501,asian,8
16502,asian,2
16503,asian,8
16504,asian,5
16505,asian,4
16506,asian,12
16507,asian,5
16508,asian,15
16509,asian,11
16510,asian,5
16511,asian,13
16512,asian,8
16513,asian,9
16514,asian,25
16515,asian,20
16516,asian,3
16517,asian,27
16518,asian,24
16519,asian,1
16520,asian,19
16521,asian,6
16522,asian,15
16523,asian,25
16524,asian,24
16525,asian,21
16526,asian,14
16527,asian,30
16528,asian,6
16529,asian,11
16530,asian,3
16531,asian,28
16532,asian,20
16533,asian,26
16534,asian,23
16535,asian,28
16536,asian,29
16537,asian,9
16538,asian,14
16539,asian,14
16540,asian,3
16541,asian,19
16542,asian,24
16543,asian,23
16544,asian,18
16545,asian,28
16546,asian,30
16547,asian,16
16548,asian,27
16549,asian,15
16550,asian,20
16551,asian,15
16552,asian,6
16553,asian,29
16554,asian,22
16555,asian,18
16556,asian,26
16557,asian,26
16558,asian,22
16559,asian,16
16560,asian,29
16561,asian,3
16562,asian,28
16563,asian,6
16564,asian,19
16565,asian,30
16566,asian,23
16567,asian,19
16568,asian,25
16569,asian,9
16570,asian,16
16571,asian,22
16572,asian,27
16573,asian,29
16574,asian,15
16575,asian,21
16576,asian,22
16577,asian,15
16578,asian,18
16579,asian,17
16580,asian,11
16581,asian,14
16582,asian,6
16583,asian,21
16584,asian,28
16585,asian,11
16586,asian,27
16587,asian,23
16588,asian,20
16589,asian,21
16590,asian,23
16591,asian,6
16592,asian,18
16593,asian,19
16594,asian,1
16595,asian,11
16596,asian,15
16597,asian,1
16598,asian,23
16599,asian,24
16600,asian,28
16601,asian,24
16602,asian,3
16603,asian,25
16604,asian,27
16605,asian,17
16606,asian,30
16607,asian,11
16608,asian,23
16609,asian,11
16610,asian,29
16611,asian,30
16612,asian,17
16613,asian,14
16614,asian,9
16615,asian,29
16616,asian,17
16617,asian,22
16618,asian,3
16619,asian,17
16620,asian,20
16621,asian,27
16622,asian,28
16623,asian,1
16624,asian,27
16625,asian,20
16626,asian,24
16627,asian,6
16628,asian,1
16629,asian,18
16630,asian,27
16631,asian,29
16632,asian,26
16633,asian,25
16634,asian,25
16635,asian,9
16636,asian,18
16637,asian,9
16638,asian,14
16639,asian,1
16640,asian,16
16641,asian,16
16642,asian,14
16643,asian,21
16644,asian,1
16645,asian,20
16646,asian,29
16647,asian,26
16648,asian,21
16649,asian,11
16650,asian,16
16651,asian,16
16652,asian,9
16653,asian,24
16654,asian,17
16655,asian,18
16656,asian,16
16657,asian,16
16658,asian,22
16659,asian,20
16660,asian,11
16661,asian,3
16662,asian,17
16663,asian,18
16664,asian,16
16665,asian,17
16666,asian,27
16667,asian,6
16668,asian,22
16669,asian,21
16670,asian,18
16671,asian,21
16672,asian,24
16673,asian,15
16674,asian,24
16675,asian,26
16676,asian,19
16677,asian,9
16678,asian,25
16679,asian,30
16680,asian,14
16681,asian,17
16682,asian,15
16683,asian,20
16684,asian,30
16685,asian,30
16686,asian,6
16687,asian,23
16688,asian,30
16689,asian,17
16690,asian,20
16691,asian,1
16692,asian,6
16693,asian,26
16694,asian,22
16695,asian,3
16696,asian,25
16697,asian,29
16698,asian,9
16699,asian,24
16700,asian,18
16701,asian,15
16702,asian,3
16703,asian,3
16704,asian,22
16705,asian,21
16706,asian,22
16707,asian,16
16708,asian,20
16709,asian,21
16710,asian,26
16711,asian,21
16712,asian,26
16713,asian,18
16714,asian,11
16715,asian,20
16716,asian,27
16717,asian,28
16718,asian,19
16719,asian,27
16720,asian,28
16721,asian,18
16722,asian,18
16723,asian,18
16724,asian,6
16725,asian,1
16726,asian,20
16727,asian,19
16728,asian,11
16729,asian,26
16730,asian,9
16731,asian,6
16732,asian,23
16733,asian,28
16734,asian,14
16735,asian,30
16736,asian,19
16737,asian,23
16738,asian,21
16739,asian,3
16740,asian,24
16741,asian,24
16742,asian,25
16743,asian,1
16744,asian,16
16745,asian,28
16746,asian,6
16747,asian,25
16748,asian,4
16749,asian,10
16750,asian,10
16751,asian,8
16752,asian,8
16753,asian,4
16754,asian,12
16755,asian,12
16756,asian,12
16757,asian,4
16758,asian,12
16759,asian,10
16760,asian,10
16761,asian,4
16762,asian,27
16763,asian,8
16764,asian,27
16765,asian,5
16766,asian,5
16767,asian,12
16768,asian,4
16769,asian,5
16770,asian,27
16771,asian,27
16772,asian,5
16773,asian,4
16774,asian,10
16775,asian,5
16776,asian,10
16777,asian,5
16778,asian,12
16779,asian,8
16780,asian,8
16781,asian,27
16782,asian,12
16783,asian,8
16784,asian,27
16785,asian,5
16786,asian,4
16787,asian,4
16788,asian,8
16789,asian,12
16790,asian,27
16791,asian,10
16792,asian,5
16793,asian,27
16794,asian,12
16795,asian,10
16796,asian,10
16797,asian,12
16798,asian,8
16799,asian,10
16800,asian,10
16801,asian,4
16802,asian,5
16803,asian,8
16804,asian,5
16805,asian,27
16806,asian,27
16807,asian,19
16808,asian,26
16809,asian,15
16810,asian,17
16811,asian,10
16812,asian,25
16813,asian,11
16814,asian,20
16815,asian,15
16816,asian,7
16817,asian,29
16818,asian,21
16819,asian,13
16820,asian,19
16821,asian,10
16822,asian,17
16823,asian,1
16824,asian,16
16825,asian,2
16826,asian,11
16827,asian,29
16828,asian,19
16829,asian,20
16830,asian,19
16831,asian,18
16832,asian,26
16833,asian,17
16834,asian,21
16835,asian,20
16836,asian,15
16837,asian,30
16838,asian,20
16839,asian,15
16840,asian,16
16841,asian,13
16842,asian,14
16843,asian,29
16844,asian,30
16845,asian,25
16846,asian,21
16847,asian,12
16848,asian,17
16849,asian,12
16850,asian,20
16851,asian,16
16852,asian,23
16853,asian,29
16854,asian,19
16855,asian,30
16856,asian,14
16857,asian,7
16858,asian,25
16859,asian,13
16860,asian,10
16861,asian,19
16862,asian,13
16863,asian,29
16864,asian,19
16865,asian,25
16866,asian,25
16867,asian,1
16868,asian,12
16869,asian,14
16870,asian,23
16871,asian,23
16872,asian,15
16873,asian,2
16874,asian,14
16875,asian,10
16876,asian,13
16877,asian,26
16878,asian,30
16879,asian,12
16880,asian,25
16881,asian,26
16882,asian,10
16883,asian,12
16884,asian,23
16885,asian,23
16886,asian,13
16887,asian,23
16888,asian,11
16889,asian,14
16890,asian,7
16891,asian,29
16892,asian,10
16893,asian,29
16894,asian,16
16895,asian,15
16896,asian,20
16897,asian,20
16898,asian,30
16899,asian,10
16900,asian,18
16901,asian,18
16902,asian,1
16903,asian,23
16904,asian,29
16905,asian,14
16906,asian,14
16907,asian,14
16908,asian,11
16909,asian,17
16910,asian,12
16911,asian,18
16912,asian,7
16913,asian,16
16914,asian,30
16915,asian,17
16916,asian,30
16917,asian,18
16918,asian,26
16919,asian,26
16920,asian,23
16921,asian,21
16922,asian,2
16923,asian,30
16924,asian,1
16925,asian,19
16926,asian,17
16927,asian,7
16928,asian,2
16929,asian,26
16930,asian,25
16931,asian,2
16932,asian,14
16933,asian,18
16934,asian,30
16935,asian,12
16936,asian,1
16937,asian,11
16938,asian,1
16939,asian,7
16940,asian,25
16941,asian,15
16942,asian,11
16943,asian,29
16944,asian,20
16945,asian,10
16946,asian,16
16947,asian,2
16948,asian,16
16949,asian,12
16950,asian,1
16951,asian,16
16952,asian,18
16953,asian,29
16954,asian,11
16955,asian,25
16956,asian,7
16957,asian,20
16958,asian,2
16959,asian,11
16960,asian,18
16961,asian,2
16962,asian,14
16963,asian,29
16964,asian,21
16965,asian,19
16966,asian,16
16967,asian,10
16968,asian,15
16969,asian,7
16970,asian,17
16971,asian,17
16972,asian,29
16973,asian,7
16974,asian,13
16975,asian,21
16976,asian,11
16977,asian,7
16978,asian,23
16979,asian,11
16980,asian,2
16981,asian,19
16982,asian,21
16983,asian,23
16984,asian,16
16985,asian,18
16986,asian,29
16987,asian,25
16988,asian,1
16989,asian,21
16990,asian,15
16991,asian,26
16992,asian,20
16993,asian,26
16994,asian,18
16995,asian,10
16996,asian,7
16997,asian,10
16998,asian,21
16999,asian,2
17000,asian,7
17001,asian,21
17002,asian,13
17003,asian,13
17004,asian,17
17005,asian,19
17006,asian,1
17007,asian,21
17008,asian,23
17009,asian,10
17010,asian,25
17011,asian,16
17012,asian,20
17013,asian,15
17014,asian,10
17015,asian,18
17016,asian,17
17017,asian,19
17018,asian,12
17019,asian,12
17020,asian,1
17021,asian,20
17022,asian,7
17023,asian,17
17024,asian,12
17025,asian,9
17026,asian,28
17027,asian,4
17028,asian,9
17029,asian,5
17030,asian,6
17031,asian,24
17032,asian,6
17033,asian,4
17034,asian,3
17035,asian,6
17036,asian,3
17037,asian,28
17038,asian,3
17039,asian,6
17040,asian,5
17041,asian,24
17042,asian,24
17043,asian,5
17044,asian,28
17045,asian,28
17046,asian,4
17047,asian,6
17048,asian,24
17049,asian,9
17050,asian,3
17051,asian,9
17052,asian,8
17053,asian,6
17054,asian,3
17055,asian,5
17056,asian,6
17057,asian,9
17058,asian,9
17059,asian,8
17060,asian,5
17061,asian,24
17062,asian,8
17063,asian,28
17064,asian,28
17065,asian,3
17066,asian,9
17067,asian,3
17068,asian,24
17069,asian,3
17070,asian,8
17071,asian,6
17072,asian,24
17073,asian,5
17074,asian,5
17075,asian,8
17076,asian,6
17077,asian,28
17078,asian,4
17079,asian,24
17080,asian,8
17081,asian,8
17082,asian,4
17083,asian,4
17084,asian,8
17085,asian,28
17086,asian,4
17087,asian,4
17088,asian,24
17089,asian,8
17090,asian,9
17091,asian,3
17092,asian,8
17093,asian,6
17094,asian,8
17095,asian,4
17096,asian,24
17097,asian,8
17098,asian,8
17099,asian,3
17100,asian,24
17101,asian,3
17102,asian,6
17103,asian,28
17104,asian,6
17105,asian,9
17106,asian,4
17107,asian,28
17108,asian,3
17109,asian,5
17110,asian,9
17111,asian,4
17112,asian,9
17113,asian,6
17114,asian,8
17115,asian,5
17116,asian,19
17117,asian,25
17118,asian,21
17119,asian,11
17120,asian,9
17121,asian,23
17122,asian,27
17123,asian,3
17124,asian,11
17125,asian,13
17126,asian,2
17127,asian,15
17128,asian,24
17129,asian,3
17130,asian,19
17131,asian,11
17132,asian,30
17133,asian,29
17134,asian,18
17135,asian,2
17136,asian,19
17137,asian,3
17138,asian,6
17139,asian,24
17140,asian,7
17141,asian,23
17142,asian,15
17143,asian,3
17144,asian,23
17145,asian,10
17146,asian,16
17147,asian,6
17148,asian,28
17149,asian,6
17150,asian,28
17151,asian,30
17152,asian,12
17153,asian,25
17154,asian,19
17155,asian,8
17156,asian,29
17157,asian,4
17158,asian,29
17159,asian,17
17160,asian,26
17161,asian,29
17162,asian,16
17163,asian,24
17164,asian,23
17165,asian,28
17166,asian,3
17167,asian,16
17168,asian,9
17169,asian,22
17170,asian,8
17171,asian,10
17172,asian,9
17173,asian,12
17174,asian,26
17175,asian,5
17176,asian,6
17177,asian,1
17178,asian,11
17179,asian,1
17180,asian,7
17181,asian,5
17182,asian,5
17183,asian,8
17184,asian,4
17185,asian,26
17186,asian,4
17187,asian,15
17188,asian,13
17189,asian,20
17190,asian,28
17191,asian,23
17192,asian,10
17193,asian,30
17194,asian,22
17195,asian,14
17196,asian,22
17197,asian,4
17198,asian,20
17199,asian,24
17200,asian,1
17201,asian,24
17202,asian,10
17203,asian,15
17204,asian,5
17205,asian,13
17206,asian,28
17207,asian,27
17208,asian,21
17209,asian,5
17210,asian,22
17211,asian,8
17212,asian,6
17213,asian,2
17214,asian,17
17215,asian,21
17216,asian,11
17217,asian,25
17218,asian,27
17219,asian,28
17220,asian,20
17221,asian,5
17222,asian,3
17223,asian,29
17224,asian,17
17225,asian,13
17226,asian,5
17227,asian,17
17228,asian,26
17229,asian,15
17230,asian,16
17231,asian,9
17232,asian,9
17233,asian,18
17234,asian,18
17235,asian,14
17236,asian,7
17237,asian,1
17238,asian,14
17239,asian,16
17240,asian,15
17241,asian,25
17242,asian,23
17243,asian,21
17244,asian,14
17245,asian,30
17246,asian,1
17247,asian,21
17248,asian,18
17249,asian,7
17250,asian,18
17251,asian,5
17252,asian,27
17253,asian,12
17254,asian,23
17255,asian,12
17256,asian,14
17257,asian,26
17258,asian,7
17259,asian,17
17260,asian,16
17261,asian,12
17262,asian,12
17263,asian,13
17264,asian,4
17265,asian,27
17266,asian,26
17267,asian,18
17268,asian,27
17269,asian,20
17270,asian,11
17271,asian,20
17272,asian,8
17273,asian,25
17274,asian,29
17275,asian,26
17276,asian,9
17277,asian,2
17278,asian,22
17279,asian,6
17280,asian,15
17281,asian,1
17282,asian,16
17283,asian,30
17284,asian,20
17285,asian,21
17286,asian,10
17287,asian,16
17288,asian,30
17289,asian,17
17290,asian,21
17291,asian,28
17292,asian,20
17293,asian,7
17294,asian,6
17295,asian,4
17296,asian,13
17297,asian,2
17298,asian,12
17299,asian,14
17300,asian,4
17301,asian,29
17302,asian,27
17303,asian,28
17304,asian,30
17305,asian,20
17306,asian,13
17307,asian,24
17308,asian,7
17309,asian,15
17310,asian,6
17311,asian,1
17312,asian,20
17313,asian,5
17314,asian,12
17315,asian,26
17316,asian,9
17317,asian,15
17318,asian,20
17319,asian,25
17320,asian,7
17321,asian,30
17322,asian,22
17323,asian,17
17324,asian,8
17325,asian,10
17326,asian,10
17327,asian,17
17328,asian,24
17329,asian,27
17330,asian,8
17331,asian,9
17332,asian,1
17333,asian,22
17334,asian,28
17335,asian,21
17336,asian,3
17337,asian,22
17338,asian,18
17339,asian,19
17340,asian,20
17341,asian,4
17342,asian,25
17343,asian,3
17344,asian,5
17345,asian,5
17346,asian,12
17347,asian,13
17348,asian,14
17349,asian,4
17350,asian,13
17351,asian,2
17352,asian,22
17353,asian,20
17354,asian,1
17355,asian,15
17356,asian,28
17357,asian,2
17358,asian,18
17359,asian,26
17360,asian,11
17361,asian,25
17362,asian,28
17363,asian,8
17364,asian,4
17365,asian,24
17366,asian,3
17367,asian,6
17368,asian,9
17369,asian,18
17370,asian,8
17371,asian,28
17372,asian,19
17373,asian,14
17374,asian,20
17375,asian,9
17376,asian,19
17377,asian,2
17378,asian,17
17379,asian,23
17380,asian,22
17381,asian,28
17382,asian,25
17383,asian,12
17384,asian,23
17385,asian,12
17386,asian,12
17387,asian,30
17388,asian,14
17389,asian,4
17390,asian,1
17391,asian,1
17392,asian,22
17393,asian,21
17394,asian,4
17395,asian,1
17396,asian,1
17397,asian,30
17398,asian,5
17399,asian,30
17400,asian,2
17401,asian,13
17402,asian,19
17403,asian,24
17404,asian,11
17405,asian,16
17406,asian,12
17407,asian,7
17408,asian,28
17409,asian,2
17410,asian,22
17411,asian,1
17412,asian,11
17413,asian,7
17414,asian,9
17415,asian,19
17416,asian,22
17417,asian,29
17418,asian,25
17419,asian,27
17420,asian,8
17421,asian,10
17422,asian,29
17423,asian,4
17424,asian,26
17425,asian,23
17426,asian,10
17427,asian,14
17428,asian,6
17429,asian,21
17430,asian,25
17431,asian,18
17432,asian,26
17433,asian,20
17434,asian,29
17435,asian,13
17436,asian,29
17437,asian,20
17438,asian,25
17439,asian,18
17440,asian,27
17441,asian,20
17442,asian,17
17443,asian,21
17444,asian,27
17445,asian,26
17446,asian,18
17447,asian,27
17448,asian,25
17449,asian,17
17450,asian,22
17451,asian,13
17452,asian,13
17453,asian,25
17454,asian,29
17455,asian,25
17456,asian,27
17457,asian,26
17458,asian,25
17459,asian,21
17460,asian,29
17461,asian,25
17462,asian,22
17463,asian,17
17464,asian,13
17465,asian,26
17466,asian,29
17467,asian,22
17468,asian,13
17469,asian,22
17470,asian,27
17471,asian,17
17472,asian,18
17473,asian,17
17474,asian,22
17475,asian,20
17476,asian,29
17477,asian,22
17478,asian,21
17479,asian,18
17480,asian,18
17481,asian,21
17482,asian,13
17483,asian,20
17484,asian,17
17485,asian,18
17486,asian,26
17487,asian,26
17488,asian,22
17489,asian,26
17490,asian,17
17491,asian,21
17492,asian,20
17493,asian,27
17494,asian,20
17495,asian,13
17496,asian,29
17497,asian,27
17498,asian,13
17499,asian,21
17500,asian,29
17501,asian,22
17502,asian,22
17503,asian,21
17504,asian,18
17505,asian,27
17506,asian,17
17507,asian,21
17508,asian,25
17509,asian,25
17510,asian,20
17511,asian,21
17512,asian,26
17513,asian,17
17514,asian,21
17515,asian,27
17516,asian,29
17517,asian,18
17518,asian,21
17519,asian,17
17520,asian,18
17521,asian,17
17522,asian,27
17523,asian,13
17524,asian,21
17525,asian,17
17526,asian,20
17527,asian,18
17528,asian,18
17529,asian,26
17530,asian,25
17531,asian,22
17532,asian,12
17533,asian,23
17534,asian,23
17535,asian,12
17536,asian,12
17537,asian,23
17538,asian,23
17539,asian,12
17540,asian,23
17541,asian,12
17542,asian,23
17543,asian,12
17544,asian,12
17545,asian,23
17546,asian,12
17547,asian,12
17548,asian,23
17549,asian,12
17550,asian,23
17551,asian,23
17552,asian,16
17553,asian,12
17554,asian,12
17555,asian,3
17556,asian,19
17557,asian,11
17558,asian,23
17559,asian,6
17560,asian,23
17561,asian,19
17562,asian,14
17563,asian,24
17564,asian,22
17565,asian,6
17566,asian,30
17567,asian,28
17568,asian,4
17569,asian,10
17570,asian,6
17571,asian,2
17572,asian,2
17573,asian,9
17574,asian,22
17575,asian,30
17576,asian,1
17577,asian,2
17578,asian,11
17579,asian,4
17580,asian,28
17581,asian,10
17582,asian,12
17583,asian,28
17584,asian,4
17585,asian,24
17586,asian,9
17587,asian,30
17588,asian,10
17589,asian,10
17590,asian,16
17591,asian,11
17592,asian,2
17593,asian,16
17594,asian,4
17595,asian,9
17596,asian,10
17597,asian,7
17598,asian,24
17599,asian,24
17600,asian,4
17601,asian,3
17602,asian,22
17603,asian,28
17604,asian,24
17605,asian,12
17606,asian,1
17607,asian,23
17608,asian,1
17609,asian,16
17610,asian,4
17611,asian,7
17612,asian,11
17613,asian,30
17614,asian,7
17615,asian,10
17616,asian,11
17617,asian,28
17618,asian,11
17619,asian,19
17620,asian,3
17621,asian,6
17622,asian,22
17623,asian,28
17624,asian,16
17625,asian,3
17626,asian,14
17627,asian,6
17628,asian,19
17629,asian,4
17630,asian,22
17631,asian,28
17632,asian,14
17633,asian,14
17634,asian,24
17635,asian,3
17636,asian,24
17637,asian,24
17638,asian,1
17639,asian,9
17640,asian,1
17641,asian,9
17642,asian,7
17643,asian,28
17644,asian,19
17645,asian,23
17646,asian,23
17647,asian,14
17648,asian,7
17649,asian,1
17650,asian,6
17651,asian,12
17652,asian,9
17653,asian,7
17654,asian,14
17655,asian,22
17656,asian,7
17657,asian,22
17658,asian,28
17659,asian,23
17660,asian,14
17661,asian,1
17662,asian,30
17663,asian,9
17664,asian,4
17665,asian,12
17666,asian,16
17667,asian,3
17668,asian,14
17669,asian,19
17670,asian,12
17671,asian,22
17672,asian,23
17673,asian,9
17674,asian,2
17675,asian,9
17676,asian,3
17677,asian,7
17678,asian,28
17679,asian,12
17680,asian,1
17681,asian,1
17682,asian,16
17683,asian,4
17684,asian,24
17685,asian,19
17686,asian,30
17687,asian,10
17688,asian,3
17689,asian,2
17690,asian,30
17691,asian,30
17692,asian,7
17693,asian,6
17694,asian,11
17695,asian,23
17696,asian,3
17697,asian,2
17698,asian,1
17699,asian,14
17700,asian,2
17701,asian,12
17702,asian,9
17703,asian,10
17704,asian,6
17705,asian,2
17706,asian,11
17707,asian,3
17708,asian,4
17709,asian,14
17710,asian,30
17711,asian,11
17712,asian,10
17713,asian,9
17714,asian,28
17715,asian,16
17716,asian,19
17717,asian,7
17718,asian,22
17719,asian,19
17720,asian,9
17721,asian,1
17722,asian,30
17723,asian,9
17724,asian,9
17725,asian,4
17726,asian,2
17727,asian,4
17728,asian,6
17729,asian,19
17730,asian,28
17731,asian,7
17732,asian,16
17733,asian,2
17734,asian,4
17735,asian,2
17736,asian,3
17737,asian,2
17738,asian,23
17739,asian,11
17740,asian,1
17741,asian,2
17742,asian,16
17743,asian,23
17744,asian,21
17745,asian,29
17746,asian,30
17747,asian,13
17748,asian,8
17749,asian,26
17750,asian,8
17751,asian,3
17752,asian,3
17753,asian,17
17754,asian,17
17755,asian,5
17756,asian,25
17757,asian,30
17758,asian,30
17759,asian,27
17760,asian,25
17761,asian,25
17762,asian,29
17763,asian,25
17764,asian,15
17765,asian,7
17766,asian,7
17767,asian,27
17768,asian,20
17769,asian,28
17770,asian,28
17771,asian,3
17772,asian,21
17773,asian,20
17774,asian,18
17775,asian,18
17776,asian,5
17777,asian,5
17778,asian,26
17779,asian,27
17780,asian,20
17781,asian,20
17782,asian,29
17783,asian,13
17784,asian,15
17785,asian,25
17786,asian,20
17787,asian,29
17788,asian,14
17789,asian,3
17790,asian,30
17791,asian,18
17792,asian,20
17793,asian,27
17794,asian,15
17795,asian,10
17796,asian,3
17797,asian,20
17798,asian,14
17799,asian,15
17800,asian,7
17801,asian,14
17802,asian,26
17803,asian,5
17804,asian,25
17805,asian,5
17806,asian,10
17807,asian,8
17808,asian,14
17809,asian,13
17810,asian,5
17811,asian,26
17812,asian,21
17813,asian,30
17814,asian,3
17815,asian,18
17816,asian,29
17817,asian,20
17818,asian,21
17819,asian,17
17820,asian,3
17821,asian,15
17822,asian,14
17823,asian,28
17824,asian,10
17825,asian,18
17826,asian,28
17827,asian,8
17828,asian,14
17829,asian,17
17830,asian,17
17831,asian,3
17832,asian,17
17833,asian,18
17834,asian,8
17835,asian,13
17836,asian,30
17837,asian,10
17838,asian,13
17839,asian,28
17840,asian,13
17841,asian,28
17842,asian,17
17843,asian,10
17844,asian,10
17845,asian,28
17846,asian,25
17847,asian,10
17848,asian,30
17849,asian,27
17850,asian,26
17851,asian,18
17852,asian,15
17853,asian,13
17854,asian,13
17855,asian,10
17856,asian,14
17857,asian,7
17858,asian,28
17859,asian,3
17860,asian,21
17861,asian,7
17862,asian,26
17863,asian,8
17864,asian,5
17865,asian,14
17866,asian,27
17867,asian,3
17868,asian,27
17869,asian,21
17870,asian,27
17871,asian,25
17872,asian,25
17873,asian,15
17874,asian,7
17875,asian,3
17876,asian,10
17877,asian,21
17878,asian,7
17879,asian,30
17880,asian,20
17881,asian,15
17882,asian,7
17883,asian,25
17884,asian,29
17885,asian,21
17886,asian,7
17887,asian,29
17888,asian,3
17889,asian,28
17890,asian,30
17891,asian,26
17892,asian,26
17893,asian,8
17894,asian,10
17895,asian,10
17896,asian,14
17897,asian,13
17898,asian,20
17899,asian,30
17900,asian,27
17901,asian,29
17902,asian,7
17903,asian,21
17904,asian,20
17905,asian,15
17906,asian,20
17907,asian,25
17908,asian,8
17909,asian,14
17910,asian,26
17911,asian,13
17912,asian,8
17913,asian,8
17914,asian,3
17915,asian,20
17916,asian,8
17917,asian,8
17918,asian,5
17919,asian,18
17920,asian,8
17921,asian,5
17922,asian,18
17923,asian,5
17924,asian,29
17925,asian,25
17926,asian,7
17927,asian,8
17928,asian,7
17929,asian,21
17930,asian,20
17931,asian,30
17932,asian,8
17933,asian,21
17934,asian,26
17935,asian,25
17936,asian,17
17937,asian,28
17938,asian,15
17939,asian,30
17940,asian,3
17941,asian,21
17942,asian,30
17943,asian,17
17944,asian,29
17945,asian,21
17946,asian,18
17947,asian,16
17948,asian,24
17949,asian,27
17950,asian,6
17951,asian,6
17952,asian,16
17953,asian,12
17954,asian,12
17955,asian,2
17956,asian,16
17957,asian,23
17958,asian,20
17959,asian,20
17960,asian,12
17961,asian,20
17962,asian,6
17963,asian,24
17964,asian,16
17965,asian,27
17966,asian,4
17967,asian,4
17968,asian,12
17969,asian,2
17970,asian,2
17971,asian,27
17972,asian,20
17973,asian,6
17974,asian,23
17975,asian,23
17976,asian,4
17977,asian,19
17978,asian,19
17979,asian,12
17980,asian,12
17981,asian,4
17982,asian,24
17983,asian,24
17984,asian,4
17985,asian,20
17986,asian,2
17987,asian,23
17988,asian,27
17989,asian,6
17990,asian,12
17991,asian,2
17992,asian,19
17993,asian,27
17994,asian,12
17995,asian,12
17996,asian,19
17997,asian,4
17998,asian,24
17999,asian,24
18000,asian,23
18001,asian,24
18002,asian,16
18003,asian,6
18004,asian,27
18005,asian,27
18006,asian,4
18007,asian,27
18008,asian,23
18009,asian,2
18010,asian,27
18011,asian,2
18012,asian,4
18013,asian,6
18014,asian,16
18015,asian,20
18016,asian,4
18017,asian,19
18018,asian,19
18019,asian,24
18020,asian,24
18021,asian,19
18022,asian,16
18023,asian,20
18024,asian,12
18025,asian,16
18026,asian,16
18027,asian,2
18028,asian,16
18029,asian,27
18030,asian,19
18031,asian,6
18032,asian,12
18033,asian,6
18034,asian,16
18035,asian,23
18036,asian,23
18037,asian,19
18038,asian,2
18039,asian,19
18040,asian,23
18041,asian,20
18042,asian,16
18043,asian,20
18044,asian,23
18045,asian,12
18046,asian,23
18047,asian,16
18048,asian,4
18049,asian,19
18050,asian,23
18051,asian,2
18052,asian,23
18053,asian,24
18054,asian,20
18055,asian,11
18056,asian,22
18057,asian,10
18058,asian,17
18059,asian,9
18060,asian,8
18061,asian,5
18062,asian,26
18063,asian,5
18064,asian,13
18065,asian,8
18066,asian,28
18067,asian,13
18068,asian,24
18069,asian,28
18070,asian,24
18071,asian,28
18072,asian,3
18073,asian,18
18074,asian,8
18075,asian,11
18076,asian,1
18077,asian,9
18078,asian,3
18079,asian,15
18080,asian,10
18081,asian,30
18082,asian,7
18083,asian,1
18084,asian,26
18085,asian,29
18086,asian,8
18087,asian,8
18088,asian,24
18089,asian,7
18090,asian,17
18091,asian,30
18092,asian,18
18093,asian,3
18094,asian,22
18095,asian,24
18096,asian,17
18097,asian,15
18098,asian,15
18099,asian,11
18100,asian,26
18101,asian,11
18102,asian,18
18103,asian,15
18104,asian,7
18105,asian,29
18106,asian,13
18107,asian,22
18108,asian,11
18109,asian,3
18110,asian,30
18111,asian,17
18112,asian,7
18113,asian,21
18114,asian,10
18115,asian,18
18116,asian,1
18117,asian,3
18118,asian,26
18119,asian,26
18120,asian,18
18121,asian,30
18122,asian,29
18123,asian,21
18124,asian,22
18125,asian,5
18126,asian,17
18127,asian,13
18128,asian,28
18129,asian,17
18130,asian,11
18131,asian,14
18132,asian,13
18133,asian,22
18134,asian,28
18135,asian,10
18136,asian,29
18137,asian,8
18138,asian,15
18139,asian,24
18140,asian,3
18141,asian,13
18142,asian,22
18143,asian,14
18144,asian,9
18145,asian,26
18146,asian,5
18147,asian,11
18148,asian,14
18149,asian,14
18150,asian,10
18151,asian,28
18152,asian,30
18153,asian,18
18154,asian,9
18155,asian,21
18156,asian,18
18157,asian,30
18158,asian,26
18159,asian,1
18160,asian,30
18161,asian,7
18162,asian,7
18163,asian,29
18164,asian,21
18165,asian,22
18166,asian,7
18167,asian,9
18168,asian,22
18169,asian,5
18170,asian,5
18171,asian,7
18172,asian,29
18173,asian,30
18174,asian,1
18175,asian,29
18176,asian,24
18177,asian,26
18178,asian,21
18179,asian,9
18180,asian,21
18181,asian,10
18182,asian,28
18183,asian,7
18184,asian,17
18185,asian,21
18186,asian,21
18187,asian,1
18188,asian,18
18189,asian,14
18190,asian,5
18191,asian,21
18192,asian,24
18193,asian,24
18194,asian,17
18195,asian,14
18196,asian,26
18197,asian,21
18198,asian,3
18199,asian,3
18200,asian,22
18201,asian,17
18202,asian,5
18203,asian,11
18204,asian,1
18205,asian,15
18206,asian,14
18207,asian,15
18208,asian,3
18209,asian,26
18210,asian,29
18211,asian,24
18212,asian,29
18213,asian,15
18214,asian,17
18215,asian,21
18216,asian,14
18217,asian,11
18218,asian,15
18219,asian,9
18220,asian,13
18221,asian,21
18222,asian,15
18223,asian,26
18224,asian,26
18225,asian,9
18226,asian,8
18227,asian,8
18228,asian,9
18229,asian,14
18230,asian,22
18231,asian,29
18232,asian,7
18233,asian,13
18234,asian,30
18235,asian,29
18236,asian,15
18237,asian,1
18238,asian,5
18239,asian,29
18240,asian,10
18241,asian,22
18242,asian,26
18243,asian,9
18244,asian,13
18245,asian,11
18246,asian,24
18247,asian,5
18248,asian,14
18249,asian,13
18250,asian,30
18251,asian,9
18252,asian,11
18253,asian,10
18254,asian,1
18255,asian,29
18256,asian,22
18257,asian,15
18258,asian,18
18259,asian,28
18260,asian,9
18261,asian,18
18262,asian,28
18263,asian,15
18264,asian,5
18265,asian,15
18266,asian,24
18267,asian,21
18268,asian,7
18269,asian,10
18270,asian,8
18271,asian,13
18272,asian,28
18273,asian,5
18274,asian,5
18275,asian,24
18276,asian,30
18277,asian,29
18278,asian,12
18279,asian,17
18280,asian,9
18281,asian,4
18282,asian,18
18283,asian,16
18284,asian,4
18285,asian,22
18286,asian,19
18287,asian,20
18288,asian,9
18289,asian,2
18290,asian,17
18291,asian,15
18292,asian,4
18293,asian,4
18294,asian,18
18295,asian,9
18296,asian,11
18297,asian,13
18298,asian,2
18299,asian,18
18300,asian,8
18301,asian,8
18302,asian,20
18303,asian,12
18304,asian,17
18305,asian,19
18306,asian,22
18307,asian,20
18308,asian,22
18309,asian,16
18310,asian,4
18311,asian,22
18312,asian,6
18313,asian,25
18314,asian,18
18315,asian,9
18316,asian,6
18317,asian,16
18318,asian,11
18319,asian,19
18320,asian,25
18321,asian,11
18322,asian,9
18323,asian,13
18324,asian,2
18325,asian,18
18326,asian,4
18327,asian,6
18328,asian,15
18329,asian,18
18330,asian,9
18331,asian,13
18332,asian,8
18333,asian,19
18334,asian,2
18335,asian,8
18336,asian,25
18337,asian,17
18338,asian,15
18339,asian,16
18340,asian,25
18341,asian,20
18342,asian,12
18343,asian,19
18344,asian,6
18345,asian,20
18346,asian,12
18347,asian,16
18348,asian,13
18349,asian,15
18350,asian,15
18351,asian,13
18352,asian,13
18353,asian,6
18354,asian,17
18355,asian,12
18356,asian,12
18357,asian,4
18358,asian,6
18359,asian,11
18360,asian,16
18361,asian,15
18362,asian,17
18363,asian,13
18364,asian,8
18365,asian,12
18366,asian,19
18367,asian,15
18368,asian,2
18369,asian,20
18370,asian,12
18371,asian,22
18372,asian,13
18373,asian,4
18374,asian,6
18375,asian,4
18376,asian,17
18377,asian,2
18378,asian,22
18379,asian,6
18380,asian,2
18381,asian,12
18382,asian,8
18383,asian,20
18384,asian,20
18385,asian,25
18386,asian,18
18387,asian,4
18388,asian,22
18389,asian,22
18390,asian,17
18391,asian,15
18392,asian,16
18393,asian,18
18394,asian,16
18395,asian,25
18396,asian,11
18397,asian,6
18398,asian,2
18399,asian,16
18400,asian,25
18401,asian,12
18402,asian,9
18403,asian,2
18404,asian,12
18405,asian,12
18406,asian,25
18407,asian,9
18408,asian,9
18409,asian,8
18410,asian,20
18411,asian,12
18412,asian,19
18413,asian,8
18414,asian,22
18415,asian,18
18416,asian,25
18417,asian,11
18418,asian,11
18419,asian,9
18420,asian,20
18421,asian,11
18422,asian,19
18423,asian,15
18424,asian,15
18425,asian,8
18426,asian,2
18427,asian,17
18428,asian,6
18429,asian,17
18430,asian,18
18431,asian,6
18432,asian,19
18433,asian,25
18434,asian,6
18435,asian,11
18436,asian,8
18437,asian,12
18438,asian,2
18439,asian,13
18440,asian,4
18441,asian,23
18442,asian,24
18443,asian,27
18444,asian,26
18445,asian,24
18446,asian,28
18447,asian,10
18448,asian,28
18449,asian,5
18450,asian,26
18451,asian,28
18452,asian,24
18453,asian,28
18454,asian,1
18455,asian,12
18456,asian,5
18457,asian,23
18458,asian,7
18459,asian,30
18460,asian,5
18461,asian,24
18462,asian,24
18463,asian,26
18464,asian,28
18465,asian,1
18466,asian,29
18467,asian,12
18468,asian,14
18469,asian,14
18470,asian,14
18471,asian,12
18472,asian,10
18473,asian,10
18474,asian,29
18475,asian,27
18476,asian,5
18477,asian,14
18478,asian,29
18479,asian,24
18480,asian,28
18481,asian,12
18482,asian,10
18483,asian,30
18484,asian,12
18485,asian,28
18486,asian,26
18487,asian,7
18488,asian,29
18489,asian,21
18490,asian,29
18491,asian,12
18492,asian,27
18493,asian,30
18494,asian,12
18495,asian,14
18496,asian,30
18497,asian,21
18498,asian,21
18499,asian,29
18500,asian,27
18501,asian,27
18502,asian,24
18503,asian,5
18504,asian,21
18505,asian,1
18506,asian,30
18507,asian,10
18508,asian,1
18509,asian,12
18510,asian,14
18511,asian,30
18512,asian,23
18513,asian,7
18514,asian,21
18515,asian,26
18516,asian,30
18517,asian,21
18518,asian,1
18519,asian,14
18520,asian,23
18521,asian,29
18522,asian,7
18523,asian,26
18524,asian,10
18525,asian,24
18526,asian,14
18527,asian,7
18528,asian,1
18529,asian,5
18530,asian,12
18531,asian,23
18532,asian,30
18533,asian,7
18534,asian,30
18535,asian,26
18536,asian,1
18537,asian,12
18538,asian,1
18539,asian,23
18540,asian,14
18541,asian,12
18542,asian,14
18543,asian,12
18544,asian,12
18545,asian,14
18546,asian,1
18547,asian,27
18548,asian,5
18549,asian,14
18550,asian,12
18551,asian,21
18552,asian,30
18553,asian,29
18554,asian,23
18555,asian,21
18556,asian,14
18557,asian,28
18558,asian,26
18559,asian,23
18560,asian,28
18561,asian,7
18562,asian,7
18563,asian,7
18564,asian,1
18565,asian,10
18566,asian,5
18567,asian,10
18568,asian,7
18569,asian,24
18570,asian,24
18571,asian,23
18572,asian,14
18573,asian,5
18574,asian,27
18575,asian,27
18576,asian,23
18577,asian,10
18578,asian,27
18579,asian,26
18580,asian,5
18581,asian,28
18582,asian,29
18583,asian,7
18584,asian,27
18585,asian,7
18586,asian,21
18587,asian,29
18588,asian,26
18589,asian,10
18590,asian,7
18591,asian,10
18592,asian,5
18593,asian,18
18594,asian,25
18595,asian,4
18596,asian,2
18597,asian,15
18598,asian,2
18599,asian,1
18600,asian,30
18601,asian,22
18602,asian,3
18603,asian,4
18604,asian,11
18605,asian,20
18606,asian,20
18607,asian,22
18608,asian,11
18609,asian,5
18610,asian,11
18611,asian,27
18612,asian,6
18613,asian,11
18614,asian,27
18615,asian,19
18616,asian,18
18617,asian,13
18618,asian,19
18619,asian,6
18620,asian,2
18621,asian,8
18622,asian,3
18623,asian,8
18624,asian,11
18625,asian,3
18626,asian,1
18627,asian,6
18628,asian,22
18629,asian,25
18630,asian,22
18631,asian,20
18632,asian,1
18633,asian,6
18634,asian,30
18635,asian,18
18636,asian,2
18637,asian,20
18638,asian,18
18639,asian,9
18640,asian,30
18641,asian,11
18642,asian,1
18643,asian,13
18644,asian,19
18645,asian,9
18646,asian,20
18647,asian,19
18648,asian,11
18649,asian,3
18650,asian,25
18651,asian,4
18652,asian,13
18653,asian,8
18654,asian,20
18655,asian,9
18656,asian,15
18657,asian,13
18658,asian,18
18659,asian,6
18660,asian,6
18661,asian,13
18662,asian,15
18663,asian,6
18664,asian,15
18665,asian,2
18666,asian,15
18667,asian,30
18668,asian,22
18669,asian,8
18670,asian,19
18671,asian,5
18672,asian,27
18673,asian,2
18674,asian,20
18675,asian,15
18676,asian,1
18677,asian,27
18678,asian,30
18679,asian,9
18680,asian,30
18681,asian,15
18682,asian,9
18683,asian,1
18684,asian,1
18685,asian,13
18686,asian,25
18687,asian,4
18688,asian,13
18689,asian,25
18690,asian,2
18691,asian,30
18692,asian,19
18693,asian,5
18694,asian,6
18695,asian,4
18696,asian,5
18697,asian,25
18698,asian,25
18699,asian,22
18700,asian,9
18701,asian,5
18702,asian,15
18703,asian,27
18704,asian,1
18705,asian,25
18706,asian,5
18707,asian,27
18708,asian,18
18709,asian,27
18710,asian,19
18711,asian,22
18712,asian,4
18713,asian,1
18714,asian,27
18715,asian,18
18716,asian,3
18717,asian,8
18718,asian,15
18719,asian,19
18720,asian,4
18721,asian,30
18722,asian,27
18723,asian,6
18724,asian,13
18725,asian,9
18726,asian,1
18727,asian,3
18728,asian,27
18729,asian,19
18730,asian,4
18731,asian,8
18732,asian,8
18733,asian,8
18734,asian,13
18735,asian,30
18736,asian,3
18737,asian,30
18738,asian,15
18739,asian,22
18740,asian,11
18741,asian,19
18742,asian,1
18743,asian,9
18744,asian,27
18745,asian,3
18746,asian,5
18747,asian,5
18748,asian,6
18749,asian,27
18750,asian,8
18751,asian,3
18752,asian,2
18753,asian,20
18754,asian,1
18755,asian,11
18756,asian,19
18757,asian,27
18758,asian,30
18759,asian,18
18760,asian,8
18761,asian,9
18762,asian,11
18763,asian,1
18764,asian,5
18765,asian,8
18766,asian,2
18767,asian,18
18768,asian,30
18769,asian,4
18770,asian,18
18771,asian,8
18772,asian,11
18773,asian,8
18774,asian,2
18775,asian,22
18776,asian,30
18777,asian,5
18778,asian,5
18779,asian,25
18780,asian,25
18781,asian,20
18782,asian,9
18783,asian,14
18784,asian,10
18785,asian,24
18786,asian,17
18787,asian,21
18788,asian,29
18789,asian,16
18790,asian,29
18791,asian,26
18792,asian,17
18793,asian,12
18794,asian,12
18795,asian,29
18796,asian,23
18797,asian,21
18798,asian,14
18799,asian,23
18800,asian,16
18801,asian,12
18802,asian,24
18803,asian,16
18804,asian,16
18805,asian,24
18806,asian,16
18807,asian,12
18808,asian,29
18809,asian,10
18810,asian,10
18811,asian,23
18812,asian,21
18813,asian,29
18814,asian,17
18815,asian,24
18816,asian,23
18817,asian,17
18818,asian,26
18819,asian,16
18820,asian,26
18821,asian,24
18822,asian,26
18823,asian,14
18824,asian,21
18825,asian,24
18826,asian,23
18827,asian,12
18828,asian,12
18829,asian,23
18830,asian,10
18831,asian,21
18832,asian,21
18833,asian,14
18834,asian,26
18835,asian,24
18836,asian,29
18837,asian,14
18838,asian,14
18839,asian,17
18840,asian,10
18841,asian,16
18842,asian,24
18843,asian,14
18844,asian,10
18845,asian,29
18846,asian,12
18847,asian,17
18848,asian,26
18849,asian,10
18850,asian,10
18851,asian,14
18852,asian,17
18853,asian,23
18854,asian,21
18855,asian,10
18856,asian,14
18857,asian,26
18858,asian,26
18859,asian,21
18860,asian,29
18861,asian,21
18862,asian,23
18863,asian,14
18864,asian,17
18865,asian,16
18866,asian,12
18867,asian,24
18868,asian,17
18869,asian,12
18870,asian,16
18871,asian,26
18872,asian,23
18873,asian,14
18874,asian,12
18875,asian,12
18876,asian,29
18877,asian,21
18878,asian,23
18879,asian,29
18880,asian,17
18881,asian,29
18882,asian,26
18883,asian,7
18884,asian,1
18885,asian,13
18886,asian,8
18887,asian,11
18888,asian,23
18889,asian,7
18890,asian,8
18891,asian,17
18892,asian,29
18893,asian,8
18894,asian,20
18895,asian,13
18896,asian,24
18897,asian,8
18898,asian,6
18899,asian,9
18900,asian,22
18901,asian,9
18902,asian,18
18903,asian,24
18904,asian,18
18905,asian,13
18906,asian,5
18907,asian,2
18908,asian,5
18909,asian,20
18910,asian,9
18911,asian,23
18912,asian,2
18913,asian,5
18914,asian,22
18915,asian,28
18916,asian,28
18917,asian,29
18918,asian,29
18919,asian,3
18920,asian,16
18921,asian,18
18922,asian,11
18923,asian,19
18924,asian,11
18925,asian,28
18926,asian,11
18927,asian,19
18928,asian,29
18929,asian,29
18930,asian,1
18931,asian,3
18932,asian,20
18933,asian,2
18934,asian,13
18935,asian,23
18936,asian,6
18937,asian,3
18938,asian,7
18939,asian,20
18940,asian,17
18941,asian,2
18942,asian,3
18943,asian,1
18944,asian,6
18945,asian,2
18946,asian,5
18947,asian,18
18948,asian,20
18949,asian,3
18950,asian,9
18951,asian,9
18952,asian,17
18953,asian,11
18954,asian,28
18955,asian,1
18956,asian,2
18957,asian,17
18958,asian,17
18959,asian,16
18960,asian,1
18961,asian,19
18962,asian,6
18963,asian,9
18964,asian,23
18965,asian,22
18966,asian,28
18967,asian,5
18968,asian,9
18969,asian,16
18970,asian,18
18971,asian,8
18972,asian,16
18973,asian,17
18974,asian,6
18975,asian,20
18976,asian,16
18977,asian,29
18978,asian,16
18979,asian,2
18980,asian,24
18981,asian,18
18982,asian,24
18983,asian,6
18984,asian,5
18985,asian,22
18986,asian,5
18987,asian,16
18988,asian,24
18989,asian,17
18990,asian,20
18991,asian,29
18992,asian,22
18993,asian,24
18994,asian,16
18995,asian,2
18996,asian,24
18997,asian,16
18998,asian,24
18999,asian,11
19000,asian,9
19001,asian,1
19002,asian,13
19003,asian,16
19004,asian,3
19005,asian,11
19006,asian,28
19007,asian,11
19008,asian,17
19009,asian,28
19010,asian,16
19011,asian,28
19012,asian,3
19013,asian,29
19014,asian,5
19015,asian,7
19016,asian,19
19017,asian,20
19018,asian,23
19019,asian,22
19020,asian,19
19021,asian,11
19022,asian,13
19023,asian,22
19024,asian,19
19025,asian,13
19026,asian,20
19027,asian,19
19028,asian,1
19029,asian,22
19030,asian,19
19031,asian,11
19032,asian,22
19033,asian,13
19034,asian,16
19035,asian,1
19036,asian,6
19037,asian,17
19038,asian,22
19039,asian,23
19040,asian,19
19041,asian,7
19042,asian,3
19043,asian,13
19044,asian,24
19045,asian,1
19046,asian,8
19047,asian,28
19048,asian,8
19049,asian,5
19050,asian,5
19051,asian,7
19052,asian,9
19053,asian,6
19054,asian,11
19055,asian,18
19056,asian,1
19057,asian,9
19058,asian,18
19059,asian,17
19060,asian,7
19061,asian,8
19062,asian,28
19063,asian,8
19064,asian,18
19065,asian,19
19066,asian,3
19067,asian,18
19068,asian,23
19069,asian,6
19070,asian,29
19071,asian,16
19072,asian,19
19073,asian,23
19074,asian,7
19075,asian,7
19076,asian,6
19077,asian,13
19078,asian,8
19079,asian,19
19080,asian,18
19081,asian,8
19082,asian,8
19083,asian,23
19084,asian,29
19085,asian,2
19086,asian,5
19087,asian,2
19088,asian,29
19089,asian,17
19090,asian,3
19091,asian,16
19092,asian,2
19093,asian,24
19094,asian,21
19095,asian,26
19096,asian,30
19097,asian,4
19098,asian,26
19099,asian,15
19100,asian,10
19101,asian,2
19102,asian,25
19103,asian,27
19104,asian,28
19105,asian,28
19106,asian,8
19107,asian,30
19108,asian,21
19109,asian,12
19110,asian,30
19111,asian,10
19112,asian,15
19113,asian,12
19114,asian,4
19115,asian,12
19116,asian,30
19117,asian,28
19118,asian,15
19119,asian,27
19120,asian,27
19121,asian,26
19122,asian,4
19123,asian,2
19124,asian,28
19125,asian,25
19126,asian,21
19127,asian,2
19128,asian,26
19129,asian,10
19130,asian,8
19131,asian,28
19132,asian,30
19133,asian,21
19134,asian,12
19135,asian,27
19136,asian,28
19137,asian,2
19138,asian,12
19139,asian,27
19140,asian,2
19141,asian,21
19142,asian,25
19143,asian,12
19144,asian,10
19145,asian,2
19146,asian,28
19147,asian,26
19148,asian,4
19149,asian,4
19150,asian,26
19151,asian,30
19152,asian,8
19153,asian,15
19154,asian,27
19155,asian,12
19156,asian,12
19157,asian,4
19158,asian,10
19159,asian,8
19160,asian,12
19161,asian,4
19162,asian,26
19163,asian,10
19164,asian,25
19165,asian,2
19166,asian,15
19167,asian,27
19168,asian,21
19169,asian,26
19170,asian,28
19171,asian,27
19172,asian,10
19173,asian,2
19174,asian,25
19175,asian,15
19176,asian,21
19177,asian,25
19178,asian,25
19179,asian,8
19180,asian,8
19181,asian,30
19182,asian,30
19183,asian,25
19184,asian,8
19185,asian,27
19186,asian,10
19187,asian,15
19188,asian,26
19189,asian,4
19190,asian,4
19191,asian,25
19192,asian,28
19193,asian,10
19194,asian,2
19195,asian,8
19196,asian,21
19197,asian,2
19198,asian,15
19199,asian,8
19200,asian,21
19201,asian,30
19202,asian,2
19203,asian,27
19204,asian,2
19205,asian,10
19206,asian,2
19207,asian,12
19208,asian,4
19209,asian,30
19210,asian,15
19211,asian,30
19212,asian,4
19213,asian,2
19214,asian,8
19215,asian,15
19216,asian,10
19217,asian,24
19218,asian,30
19219,asian,30
19220,asian,7
19221,asian,19
19222,asian,20
19223,asian,19
19224,asian,3
19225,asian,20
19226,asian,1
19227,asian,13
19228,asian,6
19229,asian,22
19230,asian,24
19231,asian,23
19232,asian,18
19233,asian,13
19234,asian,1
19235,asian,6
19236,asian,29
19237,asian,20
19238,asian,1
19239,asian,5
19240,asian,5
19241,asian,22
19242,asian,16
19243,asian,29
19244,asian,9
19245,asian,16
19246,asian,14
19247,asian,7
19248,asian,24
19249,asian,18
19250,asian,13
19251,asian,19
19252,asian,14
19253,asian,17
19254,asian,30
19255,asian,29
19256,asian,9
19257,asian,9
19258,asian,24
19259,asian,29
19260,asian,16
19261,asian,5
19262,asian,3
19263,asian,6
19264,asian,14
19265,asian,20
19266,asian,30
19267,asian,3
19268,asian,7
19269,asian,3
19270,asian,6
19271,asian,6
19272,asian,9
19273,asian,18
19274,asian,13
19275,asian,18
19276,asian,6
19277,asian,7
19278,asian,14
19279,asian,22
19280,asian,19
19281,asian,9
19282,asian,9
19283,asian,23
19284,asian,30
19285,asian,18
19286,asian,20
19287,asian,29
19288,asian,29
19289,asian,30
19290,asian,23
19291,asian,17
19292,asian,17
19293,asian,18
19294,asian,16
19295,asian,17
19296,asian,22
19297,asian,20
19298,asian,17
19299,asian,30
19300,asian,16
19301,asian,7
19302,asian,19
19303,asian,5
19304,asian,22
19305,asian,1
19306,asian,3
19307,asian,16
19308,asian,16
19309,asian,23
19310,asian,19
19311,asian,3
19312,asian,6
19313,asian,16
19314,asian,18
19315,asian,23
19316,asian,14
19317,asian,13
19318,asian,23
19319,asian,22
19320,asian,7
19321,asian,13
19322,asian,30
19323,asian,19
19324,asian,9
19325,asian,1
19326,asian,17
19327,asian,18
19328,asian,22
19329,asian,23
19330,asian,29
19331,asian,20
19332,asian,17
19333,asian,14
19334,asian,14
19335,asian,13
19336,asian,5
19337,asian,20
19338,asian,22
19339,asian,3
19340,asian,17
19341,asian,19
19342,asian,18
19343,asian,6
19344,asian,7
19345,asian,18
19346,asian,24
19347,asian,14
19348,asian,29
19349,asian,18
19350,asian,6
19351,asian,5
19352,asian,23
19353,asian,7
19354,asian,3
19355,asian,13
19356,asian,9
19357,asian,1
19358,asian,24
19359,asian,23
19360,asian,24
19361,asian,6
19362,asian,5
19363,asian,30
19364,asian,17
19365,asian,19
19366,asian,29
19367,asian,5
19368,asian,18
19369,asian,1
19370,asian,3
19371,asian,24
19372,asian,30
19373,asian,1
19374,asian,17
19375,asian,9
19376,asian,29
19377,asian,19
19378,asian,24
19379,asian,13
19380,asian,18
19381,asian,5
19382,asian,17
19383,asian,22
19384,asian,7
19385,asian,1
19386,asian,16
19387,asian,6
19388,asian,24
19389,asian,6
19390,asian,6
19391,asian,30
19392,asian,17
19393,asian,20
19394,asian,23
19395,asian,23
19396,asian,18
19397,asian,24
19398,asian,24
19399,asian,24
19400,asian,17
19401,asian,14
19402,asian,5
19403,asian,17
19404,asian,9
19405,asian,7
19406,asian,5
19407,asian,30
19408,asian,24
19409,asian,14
19410,asian,27
19411,asian,11
19412,asian,21
19413,asian,18
19414,asian,28
19415,asian,4
19416,asian,20
19417,asian,19
19418,asian,28
19419,asian,12
19420,asian,18
19421,asian,20
19422,asian,20
19423,asian,15
19424,asian,25
19425,asian,4
19426,asian,26
19427,asian,25
19428,asian,12
19429,asian,27
19430,asian,12
19431,asian,11
19432,asian,28
19433,asian,26
19434,asian,12
19435,asian,8
19436,asian,4
19437,asian,27
19438,asian,13
19439,asian,26
19440,asian,4
19441,asian,11
19442,asian,21
19443,asian,15
19444,asian,26
19445,asian,21
19446,asian,26
19447,asian,19
19448,asian,18
19449,asian,28
19450,asian,8
19451,asian,15
19452,asian,20
19453,asian,8
19454,asian,26
19455,asian,11
19456,asian,15
19457,asian,4
19458,asian,11
19459,asian,12
19460,asian,18
19461,asian,15
19462,asian,19
19463,asian,27
19464,asian,13
19465,asian,28
19466,asian,27
19467,asian,25
19468,asian,28
19469,asian,11
19470,asian,11
19471,asian,19
19472,asian,15
19473,asian,19
19474,asian,27
19475,asian,20
19476,asian,25
19477,asian,25
19478,asian,21
19479,asian,13
19480,asian,18
19481,asian,20
19482,asian,27
19483,asian,13
19484,asian,25
19485,asian,20
19486,asian,28
19487,asian,19
19488,asian,12
19489,asian,20
19490,asian,15
19491,asian,28
19492,asian,8
19493,asian,4
19494,asian,8
19495,asian,18
19496,asian,8
19497,asian,26
19498,asian,20
19499,asian,12
19500,asian,27
19501,asian,15
19502,asian,18
19503,asian,28
19504,asian,12
19505,asian,20
19506,asian,26
19507,asian,13
19508,asian,25
19509,asian,20
19510,asian,4
19511,asian,26
19512,asian,19
19513,asian,13
19514,asian,26
19515,asian,11
19516,asian,11
19517,asian,8
19518,asian,21
19519,asian,25
19520,asian,18
19521,asian,4
19522,asian,13
19523,asian,18
19524,asian,15
19525,asian,4
19526,asian,8
19527,asian,21
19528,asian,12
19529,asian,13
19530,asian,27
19531,asian,13
19532,asian,13
19533,asian,25
19534,asian,28
19535,asian,8
19536,asian,27
19537,asian,19
19538,asian,18
19539,asian,12
19540,asian,19
19541,asian,12
19542,asian,13
19543,asian,4
19544,asian,26
19545,asian,12
19546,asian,4
19547,asian,21
19548,asian,21
19549,asian,4
19550,asian,4
19551,asian,8
19552,asian,19
19553,asian,11
19554,asian,12
19555,asian,25
19556,asian,21
19557,asian,11
19558,asian,8
19559,asian,13
19560,asian,21
19561,asian,21
19562,asian,18
19563,asian,25
19564,asian,21
19565,asian,26
19566,asian,8
19567,asian,5
19568,asian,2
19569,asian,24
19570,asian,23
19571,asian,27
19572,asian,29
19573,asian,6
19574,asian,29
19575,asian,22
19576,asian,3
19577,asian,24
19578,asian,17
19579,asian,11
19580,asian,6
19581,asian,10
19582,asian,4
19583,asian,7
19584,asian,9
19585,asian,10
19586,asian,7
19587,asian,14
19588,asian,14
19589,asian,11
19590,asian,4
19591,asian,14
19592,asian,29
19593,asian,21
19594,asian,21
19595,asian,30
19596,asian,9
19597,asian,23
19598,asian,10
19599,asian,11
19600,asian,2
19601,asian,4
19602,asian,30
19603,asian,3
19604,asian,7
19605,asian,30
19606,asian,17
19607,asian,3
19608,asian,2
19609,asian,2
19610,asian,29
19611,asian,3
19612,asian,4
19613,asian,22
19614,asian,22
19615,asian,4
19616,asian,17
19617,asian,24
19618,asian,10
19619,asian,7
19620,asian,11
19621,asian,2
19622,asian,9
19623,asian,29
19624,asian,11
19625,asian,5
19626,asian,14
19627,asian,6
19628,asian,6
19629,asian,7
19630,asian,5
19631,asian,11
19632,asian,27
19633,asian,29
19634,asian,27
19635,asian,4
19636,asian,10
19637,asian,27
19638,asian,4
19639,asian,22
19640,asian,24
19641,asian,23
19642,asian,22
19643,asian,10
19644,asian,24
19645,asian,6
19646,asian,21
19647,asian,27
19648,asian,22
19649,asian,6
19650,asian,6
19651,asian,30
19652,asian,2
19653,asian,7
19654,asian,22
19655,asian,14
19656,asian,14
19657,asian,5
19658,asian,3
19659,asian,30
19660,asian,27
19661,asian,3
19662,asian,3
19663,asian,21
19664,asian,9
19665,asian,17
19666,asian,23
19667,asian,23
19668,asian,22
19669,asian,21
19670,asian,27
19671,asian,10
19672,asian,24
19673,asian,5
19674,asian,2
19675,asian,29
19676,asian,30
19677,asian,27
19678,asian,17
19679,asian,30
19680,asian,17
19681,asian,23
19682,asian,30
19683,asian,21
19684,asian,17
19685,asian,21
19686,asian,9
19687,asian,11
19688,asian,5
19689,asian,6
19690,asian,5
19691,asian,27
19692,asian,7
19693,asian,23
19694,asian,23
19695,asian,2
19696,asian,3
19697,asian,30
19698,asian,9
19699,asian,11
19700,asian,5
19701,asian,23
19702,asian,23
19703,asian,9
19704,asian,10
19705,asian,29
19706,asian,3
19707,asian,17
19708,asian,21
19709,asian,24
19710,asian,9
19711,asian,17
19712,asian,6
19713,asian,23
19714,asian,4
19715,asian,4
19716,asian,14
19717,asian,30
19718,asian,6
19719,asian,14
19720,asian,7
19721,asian,17
19722,asian,14
19723,asian,30
19724,asian,6
19725,asian,6
19726,asian,27
19727,asian,5
19728,asian,10
19729,asian,29
19730,asian,9
19731,asian,2
19732,asian,17
19733,asian,24
19734,asian,7
19735,asian,4
19736,asian,7
19737,asian,24
19738,asian,11
19739,asian,27
19740,asian,30
19741,asian,2
19742,asian,9
19743,asian,2
19744,asian,9
19745,asian,29
19746,asian,7
19747,asian,4
19748,asian,6
19749,asian,4
19750,asian,9
19751,asian,29
19752,asian,22
19753,asian,21
19754,asian,2
19755,asian,27
19756,asian,4
19757,asian,7
19758,asian,14
19759,asian,3
19760,asian,4
19761,asian,5
19762,asian,22
19763,asian,19
19764,asian,8
19765,asian,19
19766,asian,7
19767,asian,26
19768,asian,28
19769,asian,26
19770,asian,22
19771,asian,12
19772,asian,1
19773,asian,25
19774,asian,12
19775,asian,12
19776,asian,15
19777,asian,16
19778,asian,22
19779,asian,16
19780,asian,1
19781,asian,20
19782,asian,1
19783,asian,15
19784,asian,13
19785,asian,10
19786,asian,25
19787,asian,8
19788,asian,17
19789,asian,8
19790,asian,28
19791,asian,10
19792,asian,25
19793,asian,8
19794,asian,20
19795,asian,25
19796,asian,16
19797,asian,13
19798,asian,26
19799,asian,18
19800,asian,28
19801,asian,26
19802,asian,28
19803,asian,20
19804,asian,20
19805,asian,12
19806,asian,17
19807,asian,18
19808,asian,13
19809,asian,20
19810,asian,28
19811,asian,15
19812,asian,13
19813,asian,17
19814,asian,20
19815,asian,16
19816,asian,22
19817,asian,10
19818,asian,19
19819,asian,16
19820,asian,26
19821,asian,7
19822,asian,26
19823,asian,18
19824,asian,17
19825,asian,20
19826,asian,25
19827,asian,10
19828,asian,19
19829,asian,25
19830,asian,7
19831,asian,1
19832,asian,7
19833,asian,18
19834,asian,7
19835,asian,12
19836,asian,13
19837,asian,15
19838,asian,10
19839,asian,15
19840,asian,17
19841,asian,13
19842,asian,17
19843,asian,10
19844,asian,7
19845,asian,18
19846,asian,13
19847,asian,10
19848,asian,1
19849,asian,22
19850,asian,8
19851,asian,20
19852,asian,12
19853,asian,19
19854,asian,10
19855,asian,17
19856,asian,18
19857,asian,22
19858,asian,1
19859,asian,8
19860,asian,15
19861,asian,15
19862,asian,15
19863,asian,20
19864,asian,22
19865,asian,22
19866,asian,26
19867,asian,28
19868,asian,22
19869,asian,12
19870,asian,19
19871,asian,15
19872,asian,25
19873,asian,17
19874,asian,28
19875,asian,17
19876,asian,26
19877,asian,28
19878,asian,18
19879,asian,13
19880,asian,8
19881,asian,12
19882,asian,1
19883,asian,7
19884,asian,8
19885,asian,26
19886,asian,16
19887,asian,16
19888,asian,19
19889,asian,18
19890,asian,13
19891,asian,18
19892,asian,18
19893,asian,19
19894,asian,17
19895,asian,1
19896,asian,7
19897,asian,18
19898,asian,26
19899,asian,12
19900,asian,7
19901,asian,16
19902,asian,22
19903,asian,18
19904,asian,1
19905,asian,28
19906,asian,19
19907,asian,18
19908,asian,16
19909,asian,19
19910,asian,13
19911,asian,28
19912,asian,26
19913,asian,26
19914,asian,25
19915,asian,8
19916,asian,16
19917,asian,1
19918,asian,28
19919,asian,26
19920,asian,14
19921,asian,23
19922,asian,2
19923,asian,11
19924,asian,3
19925,asian,4
19926,asian,3
19927,asian,2
19928,asian,9
19929,asian,9
19930,asian,21
19931,asian,14
19932,asian,29
19933,asian,9
19934,asian,1
19935,asian,4
19936,asian,27
19937,asian,14
19938,asian,29
19939,asian,11
19940,asian,21
19941,asian,6
19942,asian,11
19943,asian,6
19944,asian,29
19945,asian,23
19946,asian,6
19947,asian,21
19948,asian,27
19949,asian,4
19950,asian,4
19951,asian,6
19952,asian,9
19953,asian,1
19954,asian,4
19955,asian,6
19956,asian,21
19957,asian,2
19958,asian,11
19959,asian,11
19960,asian,2
19961,asian,1
19962,asian,1
19963,asian,29
19964,asian,6
19965,asian,14
19966,asian,23
19967,asian,2
19968,asian,29
19969,asian,3
19970,asian,21
19971,asian,27
19972,asian,6
19973,asian,27
19974,asian,3
19975,asian,4
19976,asian,2
19977,asian,21
19978,asian,29
19979,asian,4
19980,asian,23
19981,asian,9
19982,asian,14
19983,asian,1
19984,asian,23
19985,asian,29
19986,asian,21
19987,asian,3
19988,asian,11
19989,asian,23
19990,asian,9
19991,asian,27
19992,asian,1
19993,asian,2
19994,asian,9
19995,asian,4
19996,asian,9
19997,asian,1
19998,asian,2
19999,asian,27
20000,asian,27
20001,asian,11
20002,asian,3
20003,asian,21
20004,asian,9
20005,asian,14
20006,asian,1
20007,asian,1
20008,asian,3
20009,asian,21
20010,asian,23
20011,asian,6
20012,asian,4
20013,asian,6
20014,asian,2
20015,asian,1
20016,asian,6
20017,asian,21
20018,asian,29
20019,asian,14
20020,asian,27
20021,asian,14
20022,asian,27
20023,asian,4
20024,asian,1
20025,asian,11
20026,asian,4
20027,asian,3
20028,asian,4
20029,asian,29
20030,asian,2
20031,asian,6
20032,asian,14
20033,asian,11
20034,asian,23
20035,asian,23
20036,asian,14
20037,asian,3
20038,asian,2
20039,asian,24
20040,asian,7
20041,asian,20
20042,asian,28
20043,asian,16
20044,asian,30
20045,asian,26
20046,asian,5
20047,asian,16
20048,asian,28
20049,asian,17
20050,asian,24
20051,asian,20
20052,asian,19
20053,asian,24
20054,asian,24
20055,asian,12
20056,asian,30
20057,asian,26
20058,asian,19
20059,asian,26
20060,asian,3
20061,asian,22
20062,asian,17
20063,asian,16
20064,asian,12
20065,asian,25
20066,asian,30
20067,asian,19
20068,asian,30
20069,asian,19
20070,asian,3
20071,asian,5
20072,asian,22
20073,asian,3
20074,asian,7
20075,asian,22
20076,asian,13
20077,asian,5
20078,asian,12
20079,asian,16
20080,asian,13
20081,asian,30
20082,asian,12
20083,asian,18
20084,asian,13
20085,asian,17
20086,asian,28
20087,asian,26
20088,asian,13
20089,asian,3
20090,asian,19
20091,asian,25
20092,asian,20
20093,asian,20
20094,asian,24
20095,asian,24
20096,asian,13
20097,asian,7
20098,asian,13
20099,asian,22
20100,asian,12
20101,asian,3
20102,asian,18
20103,asian,18
20104,asian,25
20105,asian,17
20106,asian,25
20107,asian,12
20108,asian,25
20109,asian,16
20110,asian,17
20111,asian,24
20112,asian,26
20113,asian,25
20114,asian,16
20115,asian,16
20116,asian,18
20117,asian,18
20118,asian,7
20119,asian,20
20120,asian,13
20121,asian,3
20122,asian,28
20123,asian,19
20124,asian,22
20125,asian,7
20126,asian,30
20127,asian,5
20128,asian,25
20129,asian,26
20130,asian,30
20131,asian,16
20132,asian,5
20133,asian,25
20134,asian,26
20135,asian,25
20136,asian,28
20137,asian,3
20138,asian,20
20139,asian,20
20140,asian,7
20141,asian,17
20142,asian,12
20143,asian,30
20144,asian,7
20145,asian,26
20146,asian,16
20147,asian,28
20148,asian,26
20149,asian,5
20150,asian,30
20151,asian,20
20152,asian,13
20153,asian,28
20154,asian,13
20155,asian,17
20156,asian,19
20157,asian,18
20158,asian,24
20159,asian,18
20160,asian,26
20161,asian,3
20162,asian,5
20163,asian,16
20164,asian,17
20165,asian,5
20166,asian,22
20167,asian,25
20168,asian,22
20169,asian,12
20170,asian,7
20171,asian,7
20172,asian,25
20173,asian,22
20174,asian,7
20175,asian,19
20176,asian,5
20177,asian,25
20178,asian,12
20179,asian,17
20180,asian,18
20181,asian,5
20182,asian,17
20183,asian,28
20184,asian,25
20185,asian,30
20186,asian,7
20187,asian,13
20188,asian,30
20189,asian,20
20190,asian,28
20191,asian,30
20192,asian,30
20193,asian,18
20194,asian,18
20195,asian,18
20196,asian,19
20197,asian,20
20198,asian,12
20199,asian,18
20200,asian,18
20201,asian,3
20202,asian,14
20203,asian,23
20204,asian,5
20205,asian,13
20206,asian,12
20207,asian,29
20208,asian,11
20209,asian,2
20210,asian,10
20211,asian,1
20212,asian,29
20213,asian,9
20214,asian,9
20215,asian,23
20216,asian,21
20217,asian,10
20218,asian,8
20219,asian,8
20220,asian,9
20221,asian,15
20222,asian,13
20223,asian,29
20224,asian,2
20225,asian,23
20226,asian,11
20227,asian,1
20228,asian,5
20229,asian,6
20230,asian,13
20231,asian,14
20232,asian,27
20233,asian,6
20234,asian,27
20235,asian,15
20236,asian,5
20237,asian,10
20238,asian,12
20239,asian,6
20240,asian,8
20241,asian,6
20242,asian,9
20243,asian,29
20244,asian,11
20245,asian,15
20246,asian,29
20247,asian,27
20248,asian,15
20249,asian,23
20250,asian,27
20251,asian,11
20252,asian,13
20253,asian,1
20254,asian,21
20255,asian,21
20256,asian,8
20257,asian,21
20258,asian,2
20259,asian,12
20260,asian,8
20261,asian,27
20262,asian,14
20263,asian,29
20264,asian,15
20265,asian,29
20266,asian,1
20267,asian,14
20268,asian,11
20269,asian,5
20270,asian,5
20271,asian,15
20272,asian,21
20273,asian,11
20274,asian,11
20275,asian,27
20276,asian,5
20277,asian,29
20278,asian,15
20279,asian,13
20280,asian,8
20281,asian,12
20282,asian,9
20283,asian,6
20284,asian,29
20285,asian,2
20286,asian,2
20287,asian,15
20288,asian,2
20289,asian,27
20290,asian,10
20291,asian,14
20292,asian,12
20293,asian,6
20294,asian,23
20295,asian,12
20296,asian,2
20297,asian,27
20298,asian,9
20299,asian,10
20300,asian,13
20301,asian,10
20302,asian,23
20303,asian,6
20304,asian,29
20305,asian,14
20306,asian,29
20307,asian,12
20308,asian,5
20309,asian,13
20310,asian,12
20311,asian,5
20312,asian,1
20313,asian,1
20314,asian,21
20315,asian,8
20316,asian,1
20317,asian,21
20318,asian,9
20319,asian,6
20320,asian,15
20321,asian,14
20322,asian,23
20323,asian,5
20324,asian,12
20325,asian,27
20326,asian,11
20327,asian,9
20328,asian,13
20329,asian,10
20330,asian,14
20331,asian,10
20332,asian,21
20333,asian,9
20334,asian,29
20335,asian,8
20336,asian,21
20337,asian,2
20338,asian,27
20339,asian,10
20340,asian,13
20341,asian,11
20342,asian,5
20343,asian,10
20344,asian,8
20345,asian,2
20346,asian,8
20347,asian,10
20348,asian,11
20349,asian,11
20350,asian,9
20351,asian,29
20352,asian,13
20353,asian,2
20354,asian,6
20355,asian,21
20356,asian,12
20357,asian,23
20358,asian,1
20359,asian,8
20360,asian,1
20361,asian,24
20362,asian,16
20363,asian,16
20364,asian,22
20365,asian,29
20366,asian,29
20367,asian,25
20368,asian,8
20369,asian,4
20370,asian,20
20371,asian,18
20372,asian,25
20373,asian,26
20374,asian,20
20375,asian,7
20376,asian,30
20377,asian,22
20378,asian,19
20379,asian,19
20380,asian,24
20381,asian,30
20382,asian,17
20383,asian,17
20384,asian,30
20385,asian,30
20386,asian,8
20387,asian,20
20388,asian,26
20389,asian,26
20390,asian,18
20391,asian,28
20392,asian,30
20393,asian,24
20394,asian,26
20395,asian,10
20396,asian,4
20397,asian,7
20398,asian,20
20399,asian,19
20400,asian,4
20401,asian,10
20402,asian,29
20403,asian,25
20404,asian,16
20405,asian,28
20406,asian,18
20407,asian,30
20408,asian,17
20409,asian,26
20410,asian,10
20411,asian,26
20412,asian,24
20413,asian,4
20414,asian,28
20415,asian,19
20416,asian,30
20417,asian,29
20418,asian,28
20419,asian,24
20420,asian,4
20421,asian,17
20422,asian,17
20423,asian,17
20424,asian,10
20425,asian,18
20426,asian,20
20427,asian,22
20428,asian,4
20429,asian,22
20430,asian,25
20431,asian,16
20432,asian,16
20433,asian,22
20434,asian,19
20435,asian,28
20436,asian,17
20437,asian,26
20438,asian,30
20439,asian,25
20440,asian,10
20441,asian,17
20442,asian,7
20443,asian,8
20444,asian,19
20445,asian,29
20446,asian,28
20447,asian,10
20448,asian,16
20449,asian,8
20450,asian,20
20451,asian,28
20452,asian,22
20453,asian,25
20454,asian,10
20455,asian,7
20456,asian,24
20457,asian,7
20458,asian,26
20459,asian,4
20460,asian,16
20461,asian,19
20462,asian,18
20463,asian,8
20464,asian,20
20465,asian,7
20466,asian,20
20467,asian,10
20468,asian,22
20469,asian,10
20470,asian,16
20471,asian,17
20472,asian,18
20473,asian,19
20474,asian,16
20475,asian,18
20476,asian,16
20477,asian,30
20478,asian,30
20479,asian,10
20480,asian,8
20481,asian,20
20482,asian,8
20483,asian,19
20484,asian,8
20485,asian,19
20486,asian,26
20487,asian,4
20488,asian,7
20489,asian,7
20490,asian,30
20491,asian,20
20492,asian,24
20493,asian,8
20494,asian,29
20495,asian,29
20496,asian,22
20497,asian,17
20498,asian,18
20499,asian,25
20500,asian,10
20501,asian,17
20502,asian,17
20503,asian,29
20504,asian,26
20505,asian,7
20506,asian,10
20507,asian,28
20508,asian,24
20509,asian,26
20510,asian,4
20511,asian,25
20512,asian,28
20513,asian,24
20514,asian,29
20515,asian,7
20516,asian,29
20517,asian,18
20518,asian,18
20519,asian,16
20520,asian,18
20521,asian,10
20522,asian,7
20523,asian,16
20524,asian,30
20525,asian,7
20526,asian,22
20527,asian,18
20528,asian,7
20529,asian,30
20530,asian,10
20531,asian,18
20532,asian,28
20533,asian,25
20534,asian,20
20535,asian,29
20536,asian,18
20537,asian,21
20538,asian,13
20539,asian,18
20540,asian,24
20541,asian,11
20542,asian,26
20543,asian,25
20544,asian,13
20545,asian,20
20546,asian,30
20547,asian,12
20548,asian,16
20549,asian,28
20550,asian,4
20551,asian,30
20552,asian,9
20553,asian,16
20554,asian,21
20555,asian,19
20556,asian,15
20557,asian,20
20558,asian,26
20559,asian,25
20560,asian,1
20561,asian,30
20562,asian,21
20563,asian,19
20564,asian,19
20565,asian,9
20566,asian,25
20567,asian,16
20568,asian,2
20569,asian,20
20570,asian,4
20571,asian,19
20572,asian,11
20573,asian,19
20574,asian,27
20575,asian,4
20576,asian,1
20577,asian,25
20578,asian,15
20579,asian,28
20580,asian,11
20581,asian,23
20582,asian,23
20583,asian,24
20584,asian,18
20585,asian,2
20586,asian,14
20587,asian,30
20588,asian,26
20589,asian,23
20590,asian,16
20591,asian,2
20592,asian,14
20593,asian,2
20594,asian,18
20595,asian,4
20596,asian,4
20597,asian,28
20598,asian,5
20599,asian,18
20600,asian,3
20601,asian,1
20602,asian,25
20603,asian,15
20604,asian,5
20605,asian,9
20606,asian,12
20607,asian,12
20608,asian,14
20609,asian,11
20610,asian,23
20611,asian,20
20612,asian,24
20613,asian,18
20614,asian,24
20615,asian,3
20616,asian,25
20617,asian,6
20618,asian,6
20619,asian,3
20620,asian,24
20621,asian,1
20622,asian,14
20623,asian,30
20624,asian,15
20625,asian,16
20626,asian,23
20627,asian,9
20628,asian,5
20629,asian,27
20630,asian,26
20631,asian,2
20632,asian,11
20633,asian,27
20634,asian,3
20635,asian,19
20636,asian,26
20637,asian,26
20638,asian,5
20639,asian,9
20640,asian,4
20641,asian,28
20642,asian,28
20643,asian,12
20644,asian,27
20645,asian,2
20646,asian,6
20647,asian,6
20648,asian,23
20649,asian,24
20650,asian,19
20651,asian,6
20652,asian,6
20653,asian,1
20654,asian,24
20655,asian,28
20656,asian,4
20657,asian,19
20658,asian,21
20659,asian,15
20660,asian,5
20661,asian,13
20662,asian,20
20663,asian,3
20664,asian,23
20665,asian,5
20666,asian,12
20667,asian,20
20668,asian,28
20669,asian,6
20670,asian,15
20671,asian,3
20672,asian,23
20673,asian,30
20674,asian,16
20675,asian,13
20676,asian,9
20677,asian,9
20678,asian,16
20679,asian,13
20680,asian,6
20681,asian,21
20682,asian,15
20683,asian,18
20684,asian,21
20685,asian,15
20686,asian,11
20687,asian,24
20688,asian,14
20689,asian,6
20690,asian,1
20691,asian,21
20692,asian,13
20693,asian,20
20694,asian,25
20695,asian,11
20696,asian,26
20697,asian,4
20698,asian,1
20699,asian,12
20700,asian,5
20701,asian,14
20702,asian,27
20703,asian,30
20704,asian,9
20705,asian,12
20706,asian,20
20707,asian,11
20708,asian,3
20709,asian,3
20710,asian,6
20711,asian,13
20712,asian,28
20713,asian,5
20714,asian,30
20715,asian,27
20716,asian,5
20717,asian,5
20718,asian,1
20719,asian,27
20720,asian,5
20721,asian,25
20722,asian,26
20723,asian,4
20724,asian,16
20725,asian,15
20726,asian,9
20727,asian,6
20728,asian,15
20729,asian,25
20730,asian,14
20731,asian,11
20732,asian,3
20733,asian,27
20734,asian,27
20735,asian,5
20736,asian,14
20737,asian,13
20738,asian,27
20739,asian,6
20740,asian,3
20741,asian,3
20742,asian,13
20743,asian,20
20744,asian,1
20745,asian,16
20746,asian,21
20747,asian,26
20748,asian,16
20749,asian,12
20750,asian,28
20751,asian,23
20752,asian,12
20753,asian,2
20754,asian,14
20755,asian,9
20756,asian,25
20757,asian,2
20758,asian,18
20759,asian,25
20760,asian,6
20761,asian,26
20762,asian,12
20763,asian,2
20764,asian,23
20765,asian,9
20766,asian,14
20767,asian,13
20768,asian,12
20769,asian,28
20770,asian,16
20771,asian,24
20772,asian,14
20773,asian,6
20774,asian,1
20775,asian,27
20776,asian,24
20777,asian,3
20778,asian,19
20779,asian,3
20780,asian,3
20781,asian,14
20782,asian,6
20783,asian,27
20784,asian,25
20785,asian,27
20786,asian,9
20787,asian,25
20788,asian,13
20789,asian,16
20790,asian,21
20791,asian,2
20792,asian,29
20793,asian,29
20794,asian,2
20795,asian,29
20796,asian,10
20797,asian,22
20798,asian,9
20799,asian,15
20800,asian,22
20801,asian,2
20802,asian,9
20803,asian,10
20804,asian,7
20805,asian,7
20806,asian,10
20807,asian,22
20808,asian,15
20809,asian,8
20810,asian,22
20811,asian,22
20812,asian,8
20813,asian,10
20814,asian,8
20815,asian,22
20816,asian,9
20817,asian,15
20818,asian,9
20819,asian,10
20820,asian,7
20821,asian,8
20822,asian,29
20823,asian,15
20824,asian,7
20825,asian,15
20826,asian,7
20827,asian,15
20828,asian,7
20829,asian,22
20830,asian,8
20831,asian,10
20832,asian,22
20833,asian,29
20834,asian,8
20835,asian,29
20836,asian,15
20837,asian,7
20838,asian,15
20839,asian,10
20840,asian,2
20841,asian,9
20842,asian,15
20843,asian,9
20844,asian,29
20845,asian,2
20846,asian,9
20847,asian,15
20848,asian,9
20849,asian,8
20850,asian,29
20851,asian,10
20852,asian,7
20853,asian,9
20854,asian,7
20855,asian,2
20856,asian,8
20857,asian,2
20858,asian,10
20859,asian,2
20860,asian,8
20861,asian,2
20862,asian,22
20863,asian,8
20864,asian,15
20865,asian,10
20866,asian,15
20867,asian,29
20868,asian,8
20869,asian,15
20870,asian,8
20871,asian,7
20872,asian,10
20873,asian,12
20874,asian,11
20875,asian,22
20876,asian,26
20877,asian,24
20878,asian,18
20879,asian,1
20880,asian,17
20881,asian,20
20882,asian,4
20883,asian,19
20884,asian,13
20885,asian,13
20886,asian,4
20887,asian,20
20888,asian,3
20889,asian,1
20890,asian,13
20891,asian,28
20892,asian,19
20893,asian,18
20894,asian,16
20895,asian,16
20896,asian,18
20897,asian,11
20898,asian,24
20899,asian,3
20900,asian,5
20901,asian,20
20902,asian,27
20903,asian,30
20904,asian,5
20905,asian,26
20906,asian,4
20907,asian,26
20908,asian,28
20909,asian,5
20910,asian,19
20911,asian,28
20912,asian,30
20913,asian,26
20914,asian,11
20915,asian,16
20916,asian,17
20917,asian,22
20918,asian,1
20919,asian,24
20920,asian,26
20921,asian,24
20922,asian,3
20923,asian,12
20924,asian,20
20925,asian,16
20926,asian,22
20927,asian,16
20928,asian,12
20929,asian,24
20930,asian,27
20931,asian,30
20932,asian,1
20933,asian,13
20934,asian,30
20935,asian,27
20936,asian,22
20937,asian,3
20938,asian,17
20939,asian,27
20940,asian,5
20941,asian,19
20942,asian,11
20943,asian,19
20944,asian,30
20945,asian,26
20946,asian,16
20947,asian,12
20948,asian,12
20949,asian,30
20950,asian,5
20951,asian,12
20952,asian,18
20953,asian,1
20954,asian,4
20955,asian,4
20956,asian,28
20957,asian,18
20958,asian,20
20959,asian,30
20960,asian,12
20961,asian,22
20962,asian,17
20963,asian,27
20964,asian,1
20965,asian,28
20966,asian,4
20967,asian,28
20968,asian,13
20969,asian,20
20970,asian,12
20971,asian,17
20972,asian,3
20973,asian,20
20974,asian,13
20975,asian,22
20976,asian,1
20977,asian,27
20978,asian,28
20979,asian,12
20980,asian,22
20981,asian,27
20982,asian,3
20983,asian,16
20984,asian,19
20985,asian,26
20986,asian,28
20987,asian,5
20988,asian,11
20989,asian,13
20990,asian,30
20991,asian,5
20992,asian,24
20993,asian,28
20994,asian,27
20995,asian,3
20996,asian,12
20997,asian,16
20998,asian,13
20999,asian,30
21000,asian,20
21001,asian,22
21002,asian,27
21003,asian,26
21004,asian,17
21005,asian,19
21006,asian,4
21007,asian,27
21008,asian,16
21009,asian,24
21010,asian,18
21011,asian,22
21012,asian,27
21013,asian,11
21014,asian,24
21015,asian,19
21016,asian,24
21017,asian,18
21018,asian,1
21019,asian,17
21020,asian,13
21021,asian,20
21022,asian,4
21023,asian,11
21024,asian,20
21025,asian,17
21026,asian,11
21027,asian,5
21028,asian,3
21029,asian,5
21030,asian,26
21031,asian,17
21032,asian,11
21033,asian,20
21034,asian,17
21035,asian,18
21036,asian,16
21037,asian,5
21038,asian,17
21039,asian,11
21040,asian,11
21041,asian,13
21042,asian,24
21043,asian,24
21044,asian,17
21045,asian,19
21046,asian,26
21047,asian,27
21048,asian,18
21049,asian,13
21050,asian,24
21051,asian,16
21052,asian,3
21053,asian,16
21054,asian,24
21055,asian,16
21056,asian,22
21057,asian,17
21058,asian,28
21059,asian,1
21060,asian,29
21061,asian,10
21062,asian,15
21063,asian,23
21064,asian,23
21065,asian,21
21066,asian,29
21067,asian,23
21068,asian,2
21069,asian,2
21070,asian,10
21071,asian,15
21072,asian,25
21073,asian,6
21074,asian,2
21075,asian,8
21076,asian,8
21077,asian,6
21078,asian,23
21079,asian,25
21080,asian,14
21081,asian,25
21082,asian,6
21083,asian,8
21084,asian,6
21085,asian,25
21086,asian,2
21087,asian,21
21088,asian,15
21089,asian,2
21090,asian,8
21091,asian,25
21092,asian,21
21093,asian,29
21094,asian,14
21095,asian,29
21096,asian,14
21097,asian,6
21098,asian,21
21099,asian,15
21100,asian,14
21101,asian,8
21102,asian,8
21103,asian,25
21104,asian,6
21105,asian,25
21106,asian,29
21107,asian,8
21108,asian,25
21109,asian,21
21110,asian,23
21111,asian,10
21112,asian,2
21113,asian,14
21114,asian,8
21115,asian,23
21116,asian,15
21117,asian,15
21118,asian,8
21119,asian,25
21120,asian,29
21121,asian,29
21122,asian,21
21123,asian,23
21124,asian,15
21125,asian,25
21126,asian,14
21127,asian,23
21128,asian,14
21129,asian,15
21130,asian,2
21131,asian,6
21132,asian,14
21133,asian,10
21134,asian,21
21135,asian,15
21136,asian,21
21137,asian,2
21138,asian,21
21139,asian,15
21140,asian,6
21141,asian,10
21142,asian,29
21143,asian,25
21144,asian,10
21145,asian,21
21146,asian,14
21147,asian,10
21148,asian,10
21149,asian,10
21150,asian,29
21151,asian,29
21152,asian,23
21153,asian,14
21154,asian,8
21155,asian,23
21156,asian,10
21157,asian,25
21158,asian,2
21159,asian,21
21160,asian,21
21161,asian,2
21162,asian,29
21163,asian,6
21164,asian,6
21165,asian,21
21166,asian,23
21167,asian,23
21168,asian,10
21169,asian,29
21170,asian,23
21171,asian,14
21172,asian,7
21173,asian,16
21174,asian,30
21175,asian,17
21176,asian,26
21177,asian,23
21178,asian,13
21179,asian,22
21180,asian,4
21181,asian,11
21182,asian,9
21183,asian,23
21184,asian,25
21185,asian,30
21186,asian,27
21187,asian,23
21188,asian,25
21189,asian,30
21190,asian,28
21191,asian,30
21192,asian,14
21193,asian,23
21194,asian,26
21195,asian,25
21196,asian,24
21197,asian,17
21198,asian,11
21199,asian,28
21200,asian,12
21201,asian,5
21202,asian,27
21203,asian,16
21204,asian,5
21205,asian,14
21206,asian,20
21207,asian,4
21208,asian,12
21209,asian,5
21210,asian,1
21211,asian,13
21212,asian,20
21213,asian,26
21214,asian,4
21215,asian,11
21216,asian,28
21217,asian,9
21218,asian,30
21219,asian,12
21220,asian,14
21221,asian,24
21222,asian,28
21223,asian,16
21224,asian,16
21225,asian,27
21226,asian,1
21227,asian,25
21228,asian,7
21229,asian,20
21230,asian,24
21231,asian,24
21232,asian,4
21233,asian,4
21234,asian,20
21235,asian,28
21236,asian,14
21237,asian,13
21238,asian,14
21239,asian,11
21240,asian,13
21241,asian,12
21242,asian,20
21243,asian,26
21244,asian,7
21245,asian,23
21246,asian,22
21247,asian,1
21248,asian,20
21249,asian,25
21250,asian,22
21251,asian,16
21252,asian,26
21253,asian,25
21254,asian,11
21255,asian,12
21256,asian,27
21257,asian,28
21258,asian,7
21259,asian,11
21260,asian,5
21261,asian,24
21262,asian,12
21263,asian,20
21264,asian,11
21265,asian,12
21266,asian,9
21267,asian,1
21268,asian,30
21269,asian,9
21270,asian,25
21271,asian,26
21272,asian,1
21273,asian,30
21274,asian,17
21275,asian,26
21276,asian,14
21277,asian,1
21278,asian,28
21279,asian,5
21280,asian,28
21281,asian,23
21282,asian,22
21283,asian,5
21284,asian,26
21285,asian,7
21286,asian,20
21287,asian,4
21288,asian,16
21289,asian,22
21290,asian,22
21291,asian,17
21292,asian,12
21293,asian,9
21294,asian,4
21295,asian,14
21296,asian,12
21297,asian,26
21298,asian,22
21299,asian,13
21300,asian,5
21301,asian,9
21302,asian,25
21303,asian,23
21304,asian,28
21305,asian,24
21306,asian,12
21307,asian,14
21308,asian,7
21309,asian,11
21310,asian,17
21311,asian,13
21312,asian,12
21313,asian,16
21314,asian,17
21315,asian,27
21316,asian,13
21317,asian,16
21318,asian,30
21319,asian,24
21320,asian,22
21321,asian,9
21322,asian,23
21323,asian,12
21324,asian,16
21325,asian,20
21326,asian,14
21327,asian,22
21328,asian,7
21329,asian,17
21330,asian,30
21331,asian,17
21332,asian,4
21333,asian,11
21334,asian,7
21335,asian,7
21336,asian,25
21337,asian,7
21338,asian,24
21339,asian,27
21340,asian,5
21341,asian,11
21342,asian,17
21343,asian,26
21344,asian,7
21345,asian,9
21346,asian,1
21347,asian,7
21348,asian,28
21349,asian,7
21350,asian,12
21351,asian,5
21352,asian,4
21353,asian,11
21354,asian,30
21355,asian,4
21356,asian,28
21357,asian,26
21358,asian,4
21359,asian,17
21360,asian,25
21361,asian,27
21362,asian,17
21363,asian,13
21364,asian,4
21365,asian,24
21366,asian,11
21367,asian,24
21368,asian,28
21369,asian,25
21370,asian,24
21371,asian,28
21372,asian,11
21373,asian,7
21374,asian,1
21375,asian,23
21376,asian,26
21377,asian,24
21378,asian,27
21379,asian,13
21380,asian,4
21381,asian,30
21382,asian,1
21383,asian,16
21384,asian,5
21385,asian,7
21386,asian,27
21387,asian,22
21388,asian,8
21389,asian,15
21390,asian,10
21391,asian,9
21392,asian,10
21393,asian,15
21394,asian,16
21395,asian,13
21396,asian,9
21397,asian,21
21398,asian,6
21399,asian,13
21400,asian,2
21401,asian,21
21402,asian,30
21403,asian,16
21404,asian,18
21405,asian,3
21406,asian,30
21407,asian,29
21408,asian,16
21409,asian,15
21410,asian,29
21411,asian,1
21412,asian,6
21413,asian,9
21414,asian,1
21415,asian,9
21416,asian,2
21417,asian,29
21418,asian,27
21419,asian,13
21420,asian,6
21421,asian,10
21422,asian,15
21423,asian,2
21424,asian,2
21425,asian,28
21426,asian,3
21427,asian,28
21428,asian,18
21429,asian,1
21430,asian,27
21431,asian,8
21432,asian,16
21433,asian,27
21434,asian,30
21435,asian,1
21436,asian,30
21437,asian,2
21438,asian,29
21439,asian,18
21440,asian,8
21441,asian,21
21442,asian,28
21443,asian,15
21444,asian,21
21445,asian,3
21446,asian,9
21447,asian,1
21448,asian,16
21449,asian,1
21450,asian,13
21451,asian,27
21452,asian,13
21453,asian,3
21454,asian,27
21455,asian,13
21456,asian,29
21457,asian,29
21458,asian,28
21459,asian,30
21460,asian,2
21461,asian,29
21462,asian,10
21463,asian,6
21464,asian,16
21465,asian,2
21466,asian,30
21467,asian,3
21468,asian,6
21469,asian,13
21470,asian,1
21471,asian,28
21472,asian,18
21473,asian,29
21474,asian,16
21475,asian,27
21476,asian,3
21477,asian,30
21478,asian,18
21479,asian,8
21480,asian,6
21481,asian,9
21482,asian,1
21483,asian,27
21484,asian,13
21485,asian,18
21486,asian,6
21487,asian,8
21488,asian,3
21489,asian,2
21490,asian,9
21491,asian,8
21492,asian,3
21493,asian,18
21494,asian,10
21495,asian,15
21496,asian,10
21497,asian,15
21498,asian,13
21499,asian,18
21500,asian,10
21501,asian,16
21502,asian,27
21503,asian,13
21504,asian,30
21505,asian,18
21506,asian,9
21507,asian,21
21508,asian,28
21509,asian,18
21510,asian,16
21511,asian,3
21512,asian,30
21513,asian,27
21514,asian,28
21515,asian,21
21516,asian,6
21517,asian,6
21518,asian,28
21519,asian,8
21520,asian,27
21521,asian,2
21522,asian,21
21523,asian,9
21524,asian,29
21525,asian,28
21526,asian,8
21527,asian,13
21528,asian,10
21529,asian,10
21530,asian,13
21531,asian,15
21532,asian,8
21533,asian,21
21534,asian,10
21535,asian,9
21536,asian,8
21537,asian,1
21538,asian,3
21539,asian,8
21540,asian,30
21541,asian,21
21542,asian,15
21543,asian,29
21544,asian,28
21545,asian,12
21546,asian,20
21547,asian,24
21548,asian,2
21549,asian,2
21550,asian,18
21551,asian,4
21552,asian,20
21553,asian,24
21554,asian,12
21555,asian,22
21556,asian,11
21557,asian,10
21558,asian,10
21559,asian,14
21560,asian,26
21561,asian,5
21562,asian,7
21563,asian,24
21564,asian,12
21565,asian,5
21566,asian,19
21567,asian,19
21568,asian,2
21569,asian,4
21570,asian,23
21571,asian,18
21572,asian,11
21573,asian,5
21574,asian,26
21575,asian,4
21576,asian,7
21577,asian,10
21578,asian,19
21579,asian,4
21580,asian,4
21581,asian,7
21582,asian,17
21583,asian,20
21584,asian,11
21585,asian,10
21586,asian,26
21587,asian,19
21588,asian,14
21589,asian,26
21590,asian,20
21591,asian,23
21592,asian,7
21593,asian,17
21594,asian,10
21595,asian,24
21596,asian,11
21597,asian,26
21598,asian,23
21599,asian,14
21600,asian,14
21601,asian,26
21602,asian,5
21603,asian,11
21604,asian,12
21605,asian,12
21606,asian,10
21607,asian,26
21608,asian,20
21609,asian,7
21610,asian,11
21611,asian,20
21612,asian,17
21613,asian,22
21614,asian,18
21615,asian,23
21616,asian,2
21617,asian,20
21618,asian,11
21619,asian,17
21620,asian,23
21621,asian,11
21622,asian,26
21623,asian,2
21624,asian,5
21625,asian,17
21626,asian,4
21627,asian,17
21628,asian,10
21629,asian,2
21630,asian,18
21631,asian,22
21632,asian,26
21633,asian,24
21634,asian,11
21635,asian,22
21636,asian,20
21637,asian,5
21638,asian,7
21639,asian,19
21640,asian,18
21641,asian,12
21642,asian,26
21643,asian,14
21644,asian,12
21645,asian,7
21646,asian,2
21647,asian,22
21648,asian,18
21649,asian,20
21650,asian,12
21651,asian,14
21652,asian,18
21653,asian,19
21654,asian,4
21655,asian,12
21656,asian,22
21657,asian,19
21658,asian,18
21659,asian,5
21660,asian,20
21661,asian,22
21662,asian,14
21663,asian,7
21664,asian,22
21665,asian,18
21666,asian,23
21667,asian,4
21668,asian,5
21669,asian,23
21670,asian,7
21671,asian,17
21672,asian,12
21673,asian,2
21674,asian,23
21675,asian,2
21676,asian,22
21677,asian,10
21678,asian,23
21679,asian,12
21680,asian,18
21681,asian,14
21682,asian,14
21683,asian,10
21684,asian,20
21685,asian,23
21686,asian,24
21687,asian,17
21688,asian,12
21689,asian,10
21690,asian,22
21691,asian,7
21692,asian,20
21693,asian,19
21694,asian,18
21695,asian,12
21696,asian,7
21697,asian,18
21698,asian,17
21699,asian,14
21700,asian,5
21701,asian,18
21702,asian,19
21703,asian,22
21704,asian,20
21705,asian,23
21706,asian,24
21707,asian,24
21708,asian,7
21709,asian,18
21710,asian,10
21711,asian,24
21712,asian,5
21713,asian,27
21714,asian,25
21715,asian,17
21716,asian,9
21717,asian,30
21718,asian,20
21719,asian,21
21720,asian,28
21721,asian,4
21722,asian,4
21723,asian,5
21724,asian,13
21725,asian,15
21726,asian,13
21727,asian,8
21728,asian,30
21729,asian,4
21730,asian,29
21731,asian,16
21732,asian,28
21733,asian,29
21734,asian,21
21735,asian,19
21736,asian,16
21737,asian,28
21738,asian,3
21739,asian,30
21740,asian,20
21741,asian,25
21742,asian,27
21743,asian,20
21744,asian,13
21745,asian,13
21746,asian,27
21747,asian,20
21748,asian,9
21749,asian,25
21750,asian,15
21751,asian,5
21752,asian,21
21753,asian,17
21754,asian,9
21755,asian,23
21756,asian,5
21757,asian,4
21758,asian,15
21759,asian,16
21760,asian,8
21761,asian,29
21762,asian,19
21763,asian,24
21764,asian,29
21765,asian,15
21766,asian,30
21767,asian,28
21768,asian,20
21769,asian,17
21770,asian,29
21771,asian,25
21772,asian,23
21773,asian,4
21774,asian,6
21775,asian,29
21776,asian,3
21777,asian,21
21778,asian,9
21779,asian,6
21780,asian,3
21781,asian,17
21782,asian,5
21783,asian,5
21784,asian,23
21785,asian,15
21786,asian,30
21787,asian,9
21788,asian,24
21789,asian,28
21790,asian,5
21791,asian,5
21792,asian,30
21793,asian,17
21794,asian,30
21795,asian,21
21796,asian,15
21797,asian,24
21798,asian,27
21799,asian,3
21800,asian,19
21801,asian,23
21802,asian,25
21803,asian,8
21804,asian,29
21805,asian,16
21806,asian,3
21807,asian,3
21808,asian,4
21809,asian,15
21810,asian,8
21811,asian,28
21812,asian,17
21813,asian,21
21814,asian,6
21815,asian,23
21816,asian,6
21817,asian,4
21818,asian,23
21819,asian,9
21820,asian,23
21821,asian,13
21822,asian,9
21823,asian,24
21824,asian,25
21825,asian,16
21826,asian,19
21827,asian,5
21828,asian,4
21829,asian,24
21830,asian,27
21831,asian,9
21832,asian,6
21833,asian,16
21834,asian,28
21835,asian,25
21836,asian,20
21837,asian,28
21838,asian,17
21839,asian,20
21840,asian,23
21841,asian,16
21842,asian,15
21843,asian,23
21844,asian,6
21845,asian,5
21846,asian,27
21847,asian,21
21848,asian,24
21849,asian,21
21850,asian,29
21851,asian,13
21852,asian,25
21853,asian,28
21854,asian,28
21855,asian,6
21856,asian,27
21857,asian,4
21858,asian,6
21859,asian,29
21860,asian,5
21861,asian,19
21862,asian,19
21863,asian,15
21864,asian,29
21865,asian,17
21866,asian,16
21867,asian,27
21868,asian,3
21869,asian,19
21870,asian,27
21871,asian,17
21872,asian,30
21873,asian,13
21874,asian,5
21875,asian,8
21876,asian,23
21877,asian,19
21878,asian,30
21879,asian,9
21880,asian,13
21881,asian,19
21882,asian,29
21883,asian,29
21884,asian,5
21885,asian,13
21886,asian,19
21887,asian,3
21888,asian,19
21889,asian,13
21890,asian,13
21891,asian,17
21892,asian,30
21893,asian,24
21894,asian,5
21895,asian,6
21896,asian,8
21897,asian,5
21898,asian,24
21899,asian,30
21900,asian,29
21901,asian,3
21902,asian,24
21903,asian,16
21904,asian,28
21905,asian,20
21906,asian,4
21907,asian,15
21908,asian,25
21909,asian,25
21910,asian,20
21911,asian,5
21912,asian,8
21913,asian,8
21914,asian,13
21915,asian,8
21916,asian,21
21917,asian,16
21918,asian,8
21919,asian,8
21920,asian,3
21921,asian,15
21922,asian,6
21923,asian,8
21924,asian,20
21925,asian,25
21926,asian,7
21927,asian,7
21928,asian,12
21929,asian,12
21930,asian,2
21931,asian,10
21932,asian,7
21933,asian,2
21934,asian,22
21935,asian,21
21936,asian,7
21937,asian,12
21938,asian,22
21939,asian,12
21940,asian,21
21941,asian,11
21942,asian,22
21943,asian,10
21944,asian,11
21945,asian,21
21946,asian,2
21947,asian,1
21948,asian,10
21949,asian,12
21950,asian,1
21951,asian,22
21952,asian,11
21953,asian,11
21954,asian,12
21955,asian,22
21956,asian,1
21957,asian,1
21958,asian,11
21959,asian,10
21960,asian,11
21961,asian,1
21962,asian,22
21963,asian,7
21964,asian,2
21965,asian,11
21966,asian,1
21967,asian,21
21968,asian,1
21969,asian,22
21970,asian,21
21971,asian,2
21972,asian,12
21973,asian,1
21974,asian,11
21975,asian,10
21976,asian,10
21977,asian,12
21978,asian,10
21979,asian,7
21980,asian,12
21981,asian,21
21982,asian,2
21983,asian,2
21984,asian,22
21985,asian,2
21986,asian,12
21987,asian,10
21988,asian,7
21989,asian,10
21990,asian,10
21991,asian,21
21992,asian,1
21993,asian,7
21994,asian,7
21995,asian,21
21996,asian,2
21997,asian,10
21998,asian,11
21999,asian,22
22000,asian,22
22001,asian,22
22002,asian,22
22003,asian,22
22004,asian,10
22005,asian,2
22006,asian,7
22007,asian,21
22008,asian,1
22009,asian,1
22010,asian,11
22011,asian,3
22012,asian,6
22013,asian,28
22014,asian,25
22015,asian,4
22016,asian,17
22017,asian,8
22018,asian,24
22019,asian,30
22020,asian,20
22021,asian,27
22022,asian,6
22023,asian,14
22024,asian,26
22025,asian,29
22026,asian,16
22027,asian,16
22028,asian,18
22029,asian,20
22030,asian,13
22031,asian,4
22032,asian,7
22033,asian,15
22034,asian,8
22035,asian,24
22036,asian,23
22037,asian,7
22038,asian,9
22039,asian,27
22040,asian,25
22041,asian,9
22042,asian,18
22043,asian,26
22044,asian,26
22045,asian,4
22046,asian,30
22047,asian,4
22048,asian,24
22049,asian,23
22050,asian,14
22051,asian,4
22052,asian,24
22053,asian,7
22054,asian,14
22055,asian,6
22056,asian,16
22057,asian,9
22058,asian,15
22059,asian,19
22060,asian,15
22061,asian,15
22062,asian,13
22063,asian,20
22064,asian,28
22065,asian,14
22066,asian,29
22067,asian,13
22068,asian,26
22069,asian,18
22070,asian,7
22071,asian,9
22072,asian,19
22073,asian,3
22074,asian,17
22075,asian,9
22076,asian,19
22077,asian,6
22078,asian,8
22079,asian,14
22080,asian,7
22081,asian,15
22082,asian,26
22083,asian,17
22084,asian,4
22085,asian,3
22086,asian,13
22087,asian,28
22088,asian,9
22089,asian,28
22090,asian,8
22091,asian,13
22092,asian,14
22093,asian,20
22094,asian,24
22095,asian,30
22096,asian,4
22097,asian,29
22098,asian,28
22099,asian,25
22100,asian,27
22101,asian,23
22102,asian,27
22103,asian,7
22104,asian,16
22105,asian,17
22106,asian,23
22107,asian,25
22108,asian,20
22109,asian,30
22110,asian,19
22111,asian,15
22112,asian,29
22113,asian,25
22114,asian,3
22115,asian,6
22116,asian,28
22117,asian,30
22118,asian,17
22119,asian,18
22120,asian,17
22121,asian,3
22122,asian,17
22123,asian,20
22124,asian,26
22125,asian,7
22126,asian,8
22127,asian,25
22128,asian,16
22129,asian,16
22130,asian,30
22131,asian,24
22132,asian,29
22133,asian,29
22134,asian,16
22135,asian,6
22136,asian,3
22137,asian,23
22138,asian,25
22139,asian,16
22140,asian,29
22141,asian,19
22142,asian,27
22143,asian,15
22144,asian,29
22145,asian,6
22146,asian,15
22147,asian,13
22148,asian,15
22149,asian,23
22150,asian,23
22151,asian,18
22152,asian,13
22153,asian,9
22154,asian,26
22155,asian,13
22156,asian,6
22157,asian,29
22158,asian,20
22159,asian,30
22160,asian,19
22161,asian,4
22162,asian,13
22163,asian,19
22164,asian,3
22165,asian,23
22166,asian,28
22167,asian,20
22168,asian,27
22169,asian,24
22170,asian,6
22171,asian,26
22172,asian,26
22173,asian,8
22174,asian,3
22175,asian,4
22176,asian,25
22177,asian,8
22178,asian,30
22179,asian,17
22180,asian,16
22181,asian,17
22182,asian,7
22183,asian,18
22184,asian,18
22185,asian,19
22186,asian,8
22187,asian,3
22188,asian,23
22189,asian,3
22190,asian,27
22191,asian,26
22192,asian,27
22193,asian,25
22194,asian,19
22195,asian,30
22196,asian,27
22197,asian,19
22198,asian,26
22199,asian,14
22200,asian,14
22201,asian,24
22202,asian,7
22203,asian,24
22204,asian,23
22205,asian,15
22206,asian,9
22207,asian,30
22208,asian,28
22209,asian,25
22210,asian,28
22211,asian,27
22212,asian,16
22213,asian,28
22214,asian,29
22215,asian,19
22216,asian,30
22217,asian,30
22218,asian,28
22219,asian,28
22220,asian,13
22221,asian,19
22222,asian,18
22223,asian,24
22224,asian,8
22225,asian,20
22226,asian,27
22227,asian,28
22228,asian,14
22229,asian,16
22230,asian,19
22231,asian,15
22232,asian,30
22233,asian,18
22234,asian,20
22235,asian,23
22236,asian,25
22237,asian,2
22238,asian,25
22239,asian,25
22240,asian,6
22241,asian,21
22242,asian,23
22243,asian,2
22244,asian,23
22245,asian,3
22246,asian,6
22247,asian,12
22248,asian,5
22249,asian,3
22250,asian,23
22251,asian,12
22252,asian,12
22253,asian,21
22254,asian,5
22255,asian,9
22256,asian,21
22257,asian,5
22258,asian,25
22259,asian,12
22260,asian,6
22261,asian,6
22262,asian,10
22263,asian,5
22264,asian,9
22265,asian,9
22266,asian,5
22267,asian,5
22268,asian,10
22269,asian,3
22270,asian,6
22271,asian,23
22272,asian,23
22273,asian,2
22274,asian,3
22275,asian,3
22276,asian,10
22277,asian,5
22278,asian,3
22279,asian,9
22280,asian,21
22281,asian,21
22282,asian,21
22283,asian,12
22284,asian,10
22285,asian,9
22286,asian,10
22287,asian,3
22288,asian,9
22289,asian,25
22290,asian,21
22291,asian,23
22292,asian,23
22293,asian,2
22294,asian,25
22295,asian,10
22296,asian,6
22297,asian,2
22298,asian,2
22299,asian,23
22300,asian,6
22301,asian,10
22302,asian,21
22303,asian,5
22304,asian,3
22305,asian,9
22306,asian,23
22307,asian,23
22308,asian,25
22309,asian,12
22310,asian,2
22311,asian,3
22312,asian,5
22313,asian,10
22314,asian,6
22315,asian,25
22316,asian,2
22317,asian,12
22318,asian,10
22319,asian,5
22320,asian,12
22321,asian,10
22322,asian,3
22323,asian,2
22324,asian,9
22325,asian,9
22326,asian,23
22327,asian,3
22328,asian,23
22329,asian,21
22330,asian,2
22331,asian,12
22332,asian,25
22333,asian,23
22334,asian,21
22335,asian,2
22336,asian,12
22337,asian,12
22338,asian,6
22339,asian,9
22340,asian,16
22341,asian,7
22342,asian,8
22343,asian,13
22344,asian,28
22345,asian,12
22346,asian,20
22347,asian,15
22348,asian,13
22349,asian,27
22350,asian,26
22351,asian,30
22352,asian,28
22353,asian,4
22354,asian,1
22355,asian,16
22356,asian,29
22357,asian,19
22358,asian,4
22359,asian,14
22360,asian,8
22361,asian,29
22362,asian,30
22363,asian,27
22364,asian,4
22365,asian,30
22366,asian,24
22367,asian,4
22368,asian,30
22369,asian,26
22370,asian,18
22371,asian,24
22372,asian,15
22373,asian,22
22374,asian,16
22375,asian,15
22376,asian,7
22377,asian,22
22378,asian,4
22379,asian,20
22380,asian,22
22381,asian,16
22382,asian,29
22383,asian,29
22384,asian,8
22385,asian,29
22386,asian,24
22387,asian,28
22388,asian,20
22389,asian,12
22390,asian,7
22391,asian,12
22392,asian,16
22393,asian,14
22394,asian,1
22395,asian,18
22396,asian,28
22397,asian,7
22398,asian,14
22399,asian,27
22400,asian,1
22401,asian,18
22402,asian,8
22403,asian,27
22404,asian,19
22405,asian,15
22406,asian,28
22407,asian,15
22408,asian,14
22409,asian,12
22410,asian,20
22411,asian,12
22412,asian,14
22413,asian,26
22414,asian,7
22415,asian,29
22416,asian,8
22417,asian,29
22418,asian,30
22419,asian,12
22420,asian,19
22421,asian,7
22422,asian,18
22423,asian,20
22424,asian,1
22425,asian,26
22426,asian,12
22427,asian,24
22428,asian,15
22429,asian,4
22430,asian,22
22431,asian,17
22432,asian,14
22433,asian,17
22434,asian,17
22435,asian,12
22436,asian,20
22437,asian,17
22438,asian,4
22439,asian,22
22440,asian,8
22441,asian,22
22442,asian,26
22443,asian,15
22444,asian,28
22445,asian,24
22446,asian,24
22447,asian,29
22448,asian,24
22449,asian,26
22450,asian,12
22451,asian,16
22452,asian,26
22453,asian,18
22454,asian,19
22455,asian,20
22456,asian,28
22457,asian,22
22458,asian,7
22459,asian,17
22460,asian,27
22461,asian,20
22462,asian,19
22463,asian,17
22464,asian,26
22465,asian,29
22466,asian,13
22467,asian,13
22468,asian,15
22469,asian,19
22470,asian,12
22471,asian,17
22472,asian,18
22473,asian,1
22474,asian,24
22475,asian,30
22476,asian,18
22477,asian,19
22478,asian,13
22479,asian,19
22480,asian,8
22481,asian,24
22482,asian,14
22483,asian,28
22484,asian,16
22485,asian,17
22486,asian,13
22487,asian,18
22488,asian,1
22489,asian,20
22490,asian,8
22491,asian,20
22492,asian,28
22493,asian,18
22494,asian,29
22495,asian,12
22496,asian,7
22497,asian,30
22498,asian,13
22499,asian,18
22500,asian,12
22501,asian,19
22502,asian,17
22503,asian,16
22504,asian,15
22505,asian,4
22506,asian,12
22507,asian,29
22508,asian,24
22509,asian,22
22510,asian,19
22511,asian,29
22512,asian,30
22513,asian,1
22514,asian,27
22515,asian,26
22516,asian,29
22517,asian,30
22518,asian,14
22519,asian,1
22520,asian,15
22521,asian,14
22522,asian,27
22523,asian,19
22524,asian,14
22525,asian,20
22526,asian,13
22527,asian,28
22528,asian,28
22529,asian,1
22530,asian,22
22531,asian,17
22532,asian,20
22533,asian,4
22534,asian,24
22535,asian,28
22536,asian,20
22537,asian,16
22538,asian,22
22539,asian,19
22540,asian,15
22541,asian,27
22542,asian,16
22543,asian,29
22544,asian,22
22545,asian,27
22546,asian,26
22547,asian,27
22548,asian,22
22549,asian,15
22550,asian,16
22551,asian,20
22552,asian,15
22553,asian,29
22554,asian,1
22555,asian,17
22556,asian,8
22557,asian,14
22558,asian,23
22559,asian,25
22560,asian,23
22561,asian,6
22562,asian,21
22563,asian,15
22564,asian,11
22565,asian,21
22566,asian,6
22567,asian,23
22568,asian,15
22569,asian,9
22570,asian,15
22571,asian,10
22572,asian,11
22573,asian,2
22574,asian,2
22575,asian,21
22576,asian,2
22577,asian,23
22578,asian,21
22579,asian,25
22580,asian,10
22581,asian,9
22582,asian,25
22583,asian,11
22584,asian,3
22585,asian,10
22586,asian,23
22587,asian,3
22588,asian,25
22589,asian,25
22590,asian,23
22591,asian,15
22592,asian,23
22593,asian,3
22594,asian,23
22595,asian,10
22596,asian,2
22597,asian,6
22598,asian,11
22599,asian,21
22600,asian,3
22601,asian,15
22602,asian,6
22603,asian,11
22604,asian,21
22605,asian,2
22606,asian,9
22607,asian,11
22608,asian,10
22609,asian,15
22610,asian,2
22611,asian,9
22612,asian,9
22613,asian,9
22614,asian,25
22615,asian,11
22616,asian,2
22617,asian,3
22618,asian,3
22619,asian,15
22620,asian,10
22621,asian,11
22622,asian,6
22623,asian,15
22624,asian,10
22625,asian,6
22626,asian,3
22627,asian,21
22628,asian,6
22629,asian,11
22630,asian,21
22631,asian,6
22632,asian,3
22633,asian,2
22634,asian,23
22635,asian,10
22636,asian,2
22637,asian,9
22638,asian,15
22639,asian,6
22640,asian,3
22641,asian,15
22642,asian,10
22643,asian,21
22644,asian,6
22645,asian,9
22646,asian,23
22647,asian,25
22648,asian,25
22649,asian,3
22650,asian,25
22651,asian,21
22652,asian,3
22653,asian,6
22654,asian,23
22655,asian,6
22656,asian,11
22657,asian,3
22658,asian,23
22659,asian,15
22660,asian,11
22661,asian,2
22662,asian,6
22663,asian,9
22664,asian,2
22665,asian,6
22666,asian,12
22667,asian,8
22668,asian,27
22669,asian,12
22670,asian,4
22671,asian,19
22672,asian,5
22673,asian,29
22674,asian,16
22675,asian,1
22676,asian,5
22677,asian,30
22678,asian,18
22679,asian,19
22680,asian,29
22681,asian,16
22682,asian,29
22683,asian,4
22684,asian,20
22685,asian,1
22686,asian,11
22687,asian,11
22688,asian,16
22689,asian,19
22690,asian,8
22691,asian,22
22692,asian,22
22693,asian,18
22694,asian,27
22695,asian,16
22696,asian,4
22697,asian,8
22698,asian,19
22699,asian,4
22700,asian,22
22701,asian,7
22702,asian,11
22703,asian,12
22704,asian,1
22705,asian,27
22706,asian,13
22707,asian,12
22708,asian,4
22709,asian,29
22710,asian,13
22711,asian,1
22712,asian,22
22713,asian,5
22714,asian,20
22715,asian,19
22716,asian,30
22717,asian,13
22718,asian,27
22719,asian,13
22720,asian,20
22721,asian,8
22722,asian,19
22723,asian,20
22724,asian,20
22725,asian,29
22726,asian,29
22727,asian,7
22728,asian,5
22729,asian,22
22730,asian,22
22731,asian,27
22732,asian,27
22733,asian,5
22734,asian,20
22735,asian,11
22736,asian,7
22737,asian,18
22738,asian,5
22739,asian,18
22740,asian,11
22741,asian,1
22742,asian,29
22743,asian,12
22744,asian,8
22745,asian,8
22746,asian,22
22747,asian,12
22748,asian,20
22749,asian,30
22750,asian,5
22751,asian,18
22752,asian,16
22753,asian,7
22754,asian,13
22755,asian,11
22756,asian,13
22757,asian,20
22758,asian,13
22759,asian,30
22760,asian,11
22761,asian,18
22762,asian,4
22763,asian,1
22764,asian,29
22765,asian,5
22766,asian,11
22767,asian,4
22768,asian,19
22769,asian,4
22770,asian,1
22771,asian,5
22772,asian,19
22773,asian,7
22774,asian,7
22775,asian,4
22776,asian,20
22777,asian,20
22778,asian,18
22779,asian,16
22780,asian,13
22781,asian,4
22782,asian,8
22783,asian,30
22784,asian,19
22785,asian,5
22786,asian,11
22787,asian,7
22788,asian,5
22789,asian,8
22790,asian,20
22791,asian,27
22792,asian,8
22793,asian,18
22794,asian,1
22795,asian,30
22796,asian,29
22797,asian,29
22798,asian,1
22799,asian,16
22800,asian,7
22801,asian,1
22802,asian,12
22803,asian,20
22804,asian,8
22805,asian,20
22806,asian,16
22807,asian,18
22808,asian,30
22809,asian,7
22810,asian,27
22811,asian,5
22812,asian,13
22813,asian,30
22814,asian,12
22815,asian,22
22816,asian,30
22817,asian,18
22818,asian,12
22819,asian,27
22820,asian,7
22821,asian,12
22822,asian,18
22823,asian,30
22824,asian,1
22825,asian,13
22826,asian,22
22827,asian,7
22828,asian,16
22829,asian,10
22830,asian,17
22831,asian,16
22832,asian,23
22833,asian,24
22834,asian,24
22835,asian,14
22836,asian,15
22837,asian,2
22838,asian,6
22839,asian,6
22840,asian,14
22841,asian,25
22842,asian,23
22843,asian,4
22844,asian,23
22845,asian,4
22846,asian,4
22847,asian,15
22848,asian,9
22849,asian,26
22850,asian,24
22851,asian,17
22852,asian,25
22853,asian,14
22854,asian,17
22855,asian,5
22856,asian,16
22857,asian,2
22858,asian,2
22859,asian,15
22860,asian,6
22861,asian,29
22862,asian,2
22863,asian,4
22864,asian,1
22865,asian,6
22866,asian,10
22867,asian,26
22868,asian,9
22869,asian,25
22870,asian,1
22871,asian,2
22872,asian,5
22873,asian,25
22874,asian,25
22875,asian,29
22876,asian,4
22877,asian,25
22878,asian,5
22879,asian,29
22880,asian,15
22881,asian,16
22882,asian,6
22883,asian,2
22884,asian,1
22885,asian,29
22886,asian,26
22887,asian,1
22888,asian,17
22889,asian,16
22890,asian,10
22891,asian,29
22892,asian,17
22893,asian,23
22894,asian,24
22895,asian,6
22896,asian,29
22897,asian,15
22898,asian,14
22899,asian,9
22900,asian,23
22901,asian,10
22902,asian,4
22903,asian,16
22904,asian,16
22905,asian,6
22906,asian,2
22907,asian,5
22908,asian,26
22909,asian,10
22910,asian,26
22911,asian,15
22912,asian,24
22913,asian,9
22914,asian,2
22915,asian,4
22916,asian,5
22917,asian,17
22918,asian,23
22919,asian,26
22920,asian,9
22921,asian,1
22922,asian,17
22923,asian,5
22924,asian,17
22925,asian,15
22926,asian,10
22927,asian,9
22928,asian,26
22929,asian,9
22930,asian,23
22931,asian,4
22932,asian,1
22933,asian,17
22934,asian,10
22935,asian,26
22936,asian,2
22937,asian,5
22938,asian,24
22939,asian,6
22940,asian,14
22941,asian,15
22942,asian,29
22943,asian,4
22944,asian,25
22945,asian,16
22946,asian,5
22947,asian,5
22948,asian,23
22949,asian,26
22950,asian,10
22951,asian,25
22952,asian,26
22953,asian,23
22954,asian,29
22955,asian,9
22956,asian,9
22957,asian,1
22958,asian,9
22959,asian,1
22960,asian,14
22961,asian,24
22962,asian,15
22963,asian,5
22964,asian,14
22965,asian,10
22966,asian,9
22967,asian,14
22968,asian,17
22969,asian,23
22970,asian,29
22971,asian,14
22972,asian,14
22973,asian,25
22974,asian,16
22975,asian,1
22976,asian,1
22977,asian,23
22978,asian,5
22979,asian,9
22980,asian,17
22981,asian,24
22982,asian,5
22983,asian,16
22984,asian,1
22985,asian,1
22986,asian,25
22987,asian,9
22988,asian,17
22989,asian,17
22990,asian,14
22991,asian,25
22992,asian,9
22993,asian,4
22994,asian,1
22995,asian,25
22996,asian,10
22997,asian,2
22998,asian,6
22999,asian,4
23000,asian,15
23001,asian,3
23002,asian,26
23003,asian,18
23004,asian,26
23005,asian,27
23006,asian,12
23007,asian,26
23008,asian,11
23009,asian,20
23010,asian,30
23011,asian,19
23012,asian,7
23013,asian,19
23014,asian,14
23015,asian,25
23016,asian,21
23017,asian,20
23018,asian,21
23019,asian,19
23020,asian,30
23021,asian,25
23022,asian,3
23023,asian,25
23024,asian,8
23025,asian,20
23026,asian,12
23027,asian,7
23028,asian,20
23029,asian,11
23030,asian,28
23031,asian,7
23032,asian,26
23033,asian,11
23034,asian,27
23035,asian,25
23036,asian,21
23037,asian,11
23038,asian,12
23039,asian,21
23040,asian,30
23041,asian,30
23042,asian,19
23043,asian,18
23044,asian,27
23045,asian,8
23046,asian,14
23047,asian,18
23048,asian,18
23049,asian,25
23050,asian,20
23051,asian,7
23052,asian,27
23053,asian,28
23054,asian,28
23055,asian,13
23056,asian,14
23057,asian,30
23058,asian,12
23059,asian,3
23060,asian,26
23061,asian,13
23062,asian,7
23063,asian,3
23064,asian,27
23065,asian,28
23066,asian,13
23067,asian,25
23068,asian,3
23069,asian,28
23070,asian,20
23071,asian,20
23072,asian,19
23073,asian,7
23074,asian,11
23075,asian,21
23076,asian,21
23077,asian,8
23078,asian,13
23079,asian,20
23080,asian,21
23081,asian,11
23082,asian,30
23083,asian,30
23084,asian,28
23085,asian,30
23086,asian,19
23087,asian,25
23088,asian,20
23089,asian,20
23090,asian,12
23091,asian,18
23092,asian,18
23093,asian,14
23094,asian,14
23095,asian,8
23096,asian,25
23097,asian,26
23098,asian,18
23099,asian,30
23100,asian,12
23101,asian,14
23102,asian,13
23103,asian,26
23104,asian,13
23105,asian,27
23106,asian,12
23107,asian,11
23108,asian,11
23109,asian,8
23110,asian,8
23111,asian,19
23112,asian,7
23113,asian,19
23114,asian,13
23115,asian,18
23116,asian,3
23117,asian,13
23118,asian,28
23119,asian,27
23120,asian,19
23121,asian,20
23122,asian,26
23123,asian,14
23124,asian,12
23125,asian,8
23126,asian,28
23127,asian,12
23128,asian,25
23129,asian,14
23130,asian,27
23131,asian,28
23132,asian,14
23133,asian,30
23134,asian,7
23135,asian,8
23136,asian,8
23137,asian,21
23138,asian,8
23139,asian,3
23140,asian,21
23141,asian,14
23142,asian,30
23143,asian,27
23144,asian,18
23145,asian,8
23146,asian,3
23147,asian,30
23148,asian,13
23149,asian,8
23150,asian,18
23151,asian,18
23152,asian,13
23153,asian,13
23154,asian,28
23155,asian,26
23156,asian,26
23157,asian,27
23158,asian,25
23159,asian,21
23160,asian,3
23161,asian,14
23162,asian,28
23163,asian,28
23164,asian,19
23165,asian,7
23166,asian,25
23167,asian,14
23168,asian,26
23169,asian,26
23170,asian,18
23171,asian,13
23172,asian,18
23173,asian,27
23174,asian,13
23175,asian,10
23176,asian,22
23177,asian,9
23178,asian,24
23179,asian,16
23180,asian,3
23181,asian,10
23182,asian,3
23183,asian,22
23184,asian,1
23185,asian,5
23186,asian,15
23187,asian,10
23188,asian,23
23189,asian,24
23190,asian,2
23191,asian,4
23192,asian,24
23193,asian,4
23194,asian,23
23195,asian,2
23196,asian,4
23197,asian,9
23198,asian,3
23199,asian,15
23200,asian,15
23201,asian,9
23202,asian,23
23203,asian,16
23204,asian,16
23205,asian,23
23206,asian,3
23207,asian,24
23208,asian,24
23209,asian,10
23210,asian,10
23211,asian,22
23212,asian,4
23213,asian,23
23214,asian,16
23215,asian,15
23216,asian,24
23217,asian,9
23218,asian,1
23219,asian,2
23220,asian,3
23221,asian,2
23222,asian,23
23223,asian,1
23224,asian,4
23225,asian,22
23226,asian,2
23227,asian,9
23228,asian,1
23229,asian,15
23230,asian,2
23231,asian,9
23232,asian,2
23233,asian,5
23234,asian,3
23235,asian,15
23236,asian,16
23237,asian,16
23238,asian,5
23239,asian,4
23240,asian,15
23241,asian,23
23242,asian,16
23243,asian,2
23244,asian,3
23245,asian,16
23246,asian,1
23247,asian,22
23248,asian,22
23249,asian,4
23250,asian,4
23251,asian,5
23252,asian,1
23253,asian,4
23254,asian,22
23255,asian,24
23256,asian,1
23257,asian,5
23258,asian,2
23259,asian,24
23260,asian,5
23261,asian,23
23262,asian,15
23263,asian,3
23264,asian,1
23265,asian,10
23266,asian,24
23267,asian,24
23268,asian,9
23269,asian,23
23270,asian,24
23271,asian,10
23272,asian,9
23273,asian,3
23274,asian,10
23275,asian,9
23276,asian,1
23277,asian,1
23278,asian,22
23279,asian,15
23280,asian,5
23281,asian,22
23282,asian,22
23283,asian,1
23284,asian,1
23285,asian,9
23286,asian,1
23287,asian,3
23288,asian,23
23289,asian,3
23290,asian,10
23291,asian,3
23292,asian,22
23293,asian,5
23294,asian,22
23295,asian,10
23296,asian,2
23297,asian,24
23298,asian,5
23299,asian,23
23300,asian,1
23301,asian,1
23302,asian,28
23303,asian,11
23304,asian,30
23305,asian,30
23306,asian,20
23307,asian,15
23308,asian,26
23309,asian,13
23310,asian,19
23311,asian,6
23312,asian,6
23313,asian,28
23314,asian,25
23315,asian,23
23316,asian,23
23317,asian,18
23318,asian,20
23319,asian,19
23320,asian,19
23321,asian,6
23322,asian,27
23323,asian,18
23324,asian,23
23325,asian,14
23326,asian,27
23327,asian,7
23328,asian,9
23329,asian,15
23330,asian,20
23331,asian,15
23332,asian,11
23333,asian,25
23334,asian,30
23335,asian,7
23336,asian,20
23337,asian,15
23338,asian,25
23339,asian,15
23340,asian,9
23341,asian,25
23342,asian,19
23343,asian,15
23344,asian,13
23345,asian,6
23346,asian,23
23347,asian,13
23348,asian,9
23349,asian,15
23350,asian,11
23351,asian,28
23352,asian,15
23353,asian,7
23354,asian,27
23355,asian,13
23356,asian,14
23357,asian,15
23358,asian,27
23359,asian,13
23360,asian,9
23361,asian,14
23362,asian,7
23363,asian,11
23364,asian,7
23365,asian,19
23366,asian,23
23367,asian,28
23368,asian,19
23369,asian,26
23370,asian,7
23371,asian,26
23372,asian,27
23373,asian,18
23374,asian,6
23375,asian,13
23376,asian,18
23377,asian,9
23378,asian,11
23379,asian,20
23380,asian,18
23381,asian,28
23382,asian,6
23383,asian,11
23384,asian,27
23385,asian,20
23386,asian,11
23387,asian,19
23388,asian,23
23389,asian,7
23390,asian,9
23391,asian,30
23392,asian,26
23393,asian,18
23394,asian,30
23395,asian,20
23396,asian,23
23397,asian,14
23398,asian,30
23399,asian,11
23400,asian,14
23401,asian,15
23402,asian,30
23403,asian,28
23404,asian,9
23405,asian,28
23406,asian,27
23407,asian,15
23408,asian,25
23409,asian,28
23410,asian,15
23411,asian,26
23412,asian,14
23413,asian,25
23414,asian,14
23415,asian,30
23416,asian,14
23417,asian,18
23418,asian,14
23419,asian,6
23420,asian,25
23421,asian,15
23422,asian,25
23423,asian,9
23424,asian,14
23425,asian,11
23426,asian,7
23427,asian,13
23428,asian,13
23429,asian,19
23430,asian,18
23431,asian,15
23432,asian,28
23433,asian,26
23434,asian,27
23435,asian,7
23436,asian,28
23437,asian,9
23438,asian,20
23439,asian,7
23440,asian,18
23441,asian,30
23442,asian,13
23443,asian,19
23444,asian,30
23445,asian,25
23446,asian,25
23447,asian,18
23448,asian,20
23449,asian,19
23450,asian,28
23451,asian,26
23452,asian,27
23453,asian,6
23454,asian,27
23455,asian,19
23456,asian,28
23457,asian,25
23458,asian,18
23459,asian,26
23460,asian,26
23461,asian,6
23462,asian,26
23463,asian,23
23464,asian,25
23465,asian,19
23466,asian,19
23467,asian,23
23468,asian,26
23469,asian,9
23470,asian,25
23471,asian,28
23472,asian,18
23473,asian,9
23474,asian,2
23475,asian,20
23476,asian,24
23477,asian,17
23478,asian,8
23479,asian,3
23480,asian,12
23481,asian,7
23482,asian,10
23483,asian,10
23484,asian,5
23485,asian,2
23486,asian,10
23487,asian,24
23488,asian,29
23489,asian,7
23490,asian,17
23491,asian,29
23492,asian,7
23493,asian,21
23494,asian,20
23495,asian,12
23496,asian,7
23497,asian,7
23498,asian,16
23499,asian,2
23500,asian,17
23501,asian,3
23502,asian,29
23503,asian,12
23504,asian,24
23505,asian,24
23506,asian,20
23507,asian,20
23508,asian,5
23509,asian,8
23510,asian,12
23511,asian,20
23512,asian,5
23513,asian,24
23514,asian,8
23515,asian,24
23516,asian,29
23517,asian,3
23518,asian,10
23519,asian,2
23520,asian,16
23521,asian,20
23522,asian,10
23523,asian,21
23524,asian,22
23525,asian,20
23526,asian,2
23527,asian,22
23528,asian,2
23529,asian,24
23530,asian,7
23531,asian,29
23532,asian,5
23533,asian,21
23534,asian,2
23535,asian,16
23536,asian,3
23537,asian,16
23538,asian,17
23539,asian,12
23540,asian,2
23541,asian,22
23542,asian,3
23543,asian,17
23544,asian,21
23545,asian,21
23546,asian,10
23547,asian,8
23548,asian,8
23549,asian,29
23550,asian,8
23551,asian,5
23552,asian,10
23553,asian,29
23554,asian,10
23555,asian,22
23556,asian,20
23557,asian,17
23558,asian,16
23559,asian,12
23560,asian,22
23561,asian,7
23562,asian,8
23563,asian,16
23564,asian,20
23565,asian,8
23566,asian,22
23567,asian,21
23568,asian,22
23569,asian,5
23570,asian,24
23571,asian,8
23572,asian,21
23573,asian,22
23574,asian,22
23575,asian,12
23576,asian,3
23577,asian,21
23578,asian,22
23579,asian,20
23580,asian,16
23581,asian,17
23582,asian,22
23583,asian,29
23584,asian,3
23585,asian,22
23586,asian,29
23587,asian,2
23588,asian,5
23589,asian,21
23590,asian,3
23591,asian,20
23592,asian,7
23593,asian,29
23594,asian,12
23595,asian,22
23596,asian,12
23597,asian,17
23598,asian,17
23599,asian,24
23600,asian,20
23601,asian,8
23602,asian,21
23603,asian,2
23604,asian,22
23605,asian,12
23606,asian,5
23607,asian,2
23608,asian,2
23609,asian,5
23610,asian,16
23611,asian,3
23612,asian,29
23613,asian,29
23614,asian,16
23615,asian,10
23616,asian,7
23617,asian,5
23618,asian,20
23619,asian,3
23620,asian,17
23621,asian,8
23622,asian,16
23623,asian,2
23624,asian,28
23625,asian,9
23626,asian,23
23627,asian,4
23628,asian,30
23629,asian,28
23630,asian,26
23631,asian,6
23632,asian,26
23633,asian,30
23634,asian,28
23635,asian,9
23636,asian,30
23637,asian,4
23638,asian,1
23639,asian,15
23640,asian,15
23641,asian,25
23642,asian,23
23643,asian,2
23644,asian,13
23645,asian,15
23646,asian,25
23647,asian,1
23648,asian,18
23649,asian,26
23650,asian,14
23651,asian,6
23652,asian,4
23653,asian,13
23654,asian,9
23655,asian,25
23656,asian,23
23657,asian,15
23658,asian,23
23659,asian,25
23660,asian,1
23661,asian,4
23662,asian,23
23663,asian,6
23664,asian,9
23665,asian,2
23666,asian,6
23667,asian,4
23668,asian,4
23669,asian,13
23670,asian,18
23671,asian,28
23672,asian,9
23673,asian,26
23674,asian,1
23675,asian,14
23676,asian,1
23677,asian,1
23678,asian,2
23679,asian,9
23680,asian,6
23681,asian,15
23682,asian,18
23683,asian,28
23684,asian,6
23685,asian,30
23686,asian,2
23687,asian,25
23688,asian,6
23689,asian,30
23690,asian,23
23691,asian,2
23692,asian,13
23693,asian,18
23694,asian,18
23695,asian,26
23696,asian,2
23697,asian,2
23698,asian,25
23699,asian,13
23700,asian,14
23701,asian,15
23702,asian,13
23703,asian,28
23704,asian,18
23705,asian,25
23706,asian,14
23707,asian,18
23708,asian,26
23709,asian,14
23710,asian,18
23711,asian,30
23712,asian,30
23713,asian,30
23714,asian,2
23715,asian,4
23716,asian,18
23717,asian,18
23718,asian,1
23719,asian,2
23720,asian,14
23721,asian,14
23722,asian,9
23723,asian,28
23724,asian,2
23725,asian,26
23726,asian,26
23727,asian,25
23728,asian,6
23729,asian,13
23730,asian,25
23731,asian,9
23732,asian,13
23733,asian,14
23734,asian,28
23735,asian,25
23736,asian,4
23737,asian,14
23738,asian,25
23739,asian,9
23740,asian,23
23741,asian,18
23742,asian,25
23743,asian,18
23744,asian,9
23745,asian,6
23746,asian,14
23747,asian,23
23748,asian,4
23749,asian,18
23750,asian,1
23751,asian,23
23752,asian,4
23753,asian,28
23754,asian,9
23755,asian,25
23756,asian,4
23757,asian,23
23758,asian,4
23759,asian,6
23760,asian,15
23761,asian,15
23762,asian,14
23763,asian,6
23764,asian,14
23765,asian,28
23766,asian,13
23767,asian,15
23768,asian,4
23769,asian,14
23770,asian,15
23771,asian,14
23772,asian,23
23773,asian,13
23774,asian,1
23775,asian,26
23776,asian,22
23777,asian,19
23778,asian,10
23779,asian,30
23780,asian,11
23781,asian,10
23782,asian,24
23783,asian,3
23784,asian,22
23785,asian,7
23786,asian,11
23787,asian,10
23788,asian,8
23789,asian,30
23790,asian,8
23791,asian,4
23792,asian,4
23793,asian,19
23794,asian,30
23795,asian,22
23796,asian,27
23797,asian,12
23798,asian,24
23799,asian,19
23800,asian,30
23801,asian,3
23802,asian,3
23803,asian,7
23804,asian,5
23805,asian,17
23806,asian,11
23807,asian,22
23808,asian,29
23809,asian,4
23810,asian,5
23811,asian,8
23812,asian,24
23813,asian,21
23814,asian,7
23815,asian,29
23816,asian,17
23817,asian,24
23818,asian,8
23819,asian,5
23820,asian,30
23821,asian,7
23822,asian,21
23823,asian,5
23824,asian,10
23825,asian,5
23826,asian,4
23827,asian,17
23828,asian,4
23829,asian,7
23830,asian,30
23831,asian,29
23832,asian,27
23833,asian,4
23834,asian,10
23835,asian,12
23836,asian,24
23837,asian,17
23838,asian,24
23839,asian,12
23840,asian,21
23841,asian,27
23842,asian,10
23843,asian,30
23844,asian,12
23845,asian,24
23846,asian,19
23847,asian,24
23848,asian,10
23849,asian,21
23850,asian,22
23851,asian,11
23852,asian,21
23853,asian,30
23854,asian,12
23855,asian,10
23856,asian,27
23857,asian,8
23858,asian,7
23859,asian,19
23860,asian,24
23861,asian,19
23862,asian,8
23863,asian,12
23864,asian,24
23865,asian,7
23866,asian,4
23867,asian,29
23868,asian,21
23869,asian,24
23870,asian,24
23871,asian,10
23872,asian,29
23873,asian,3
23874,asian,22
23875,asian,24
23876,asian,30
23877,asian,27
23878,asian,27
23879,asian,30
23880,asian,19
23881,asian,5
23882,asian,30
23883,asian,27
23884,asian,29
23885,asian,11
23886,asian,12
23887,asian,4
23888,asian,22
23889,asian,4
23890,asian,21
23891,asian,27
23892,asian,17
23893,asian,8
23894,asian,17
23895,asian,12
23896,asian,5
23897,asian,12
23898,asian,27
23899,asian,19
23900,asian,8
23901,asian,29
23902,asian,11
23903,asian,27
23904,asian,5
23905,asian,8
23906,asian,22
23907,asian,3
23908,asian,11
23909,asian,11
23910,asian,27
23911,asian,29
23912,asian,17
23913,asian,22
23914,asian,8
23915,asian,29
23916,asian,30
23917,asian,5
23918,asian,17
23919,asian,21
23920,asian,21
23921,asian,11
23922,asian,3
23923,asian,29
23924,asian,12
23925,asian,10
23926,asian,19
23927,asian,30
23928,asian,17
23929,asian,8
23930,asian,22
23931,asian,27
23932,asian,17
23933,asian,7
23934,asian,27
23935,asian,17
23936,asian,21
23937,asian,3
23938,asian,21
23939,asian,19
23940,asian,8
23941,asian,17
23942,asian,8
23943,asian,3
23944,asian,3
23945,asian,4
23946,asian,11
23947,asian,11
23948,asian,27
23949,asian,11
23950,asian,21
23951,asian,7
23952,asian,11
23953,asian,27
23954,asian,3
23955,asian,3
23956,asian,3
23957,asian,17
23958,asian,12
23959,asian,13
23960,asian,6
23961,asian,15
23962,asian,20
23963,asian,9
23964,asian,14
23965,asian,6
23966,asian,26
23967,asian,15
23968,asian,1
23969,asian,28
23970,asian,27
23971,asian,28
23972,asian,9
23973,asian,12
23974,asian,23
23975,asian,6
23976,asian,25
23977,asian,6
23978,asian,1
23979,asian,27
23980,asian,20
23981,asian,12
23982,asian,2
23983,asian,14
23984,asian,28
23985,asian,14
23986,asian,15
23987,asian,27
23988,asian,28
23989,asian,26
23990,asian,25
23991,asian,22
23992,asian,27
23993,asian,15
23994,asian,6
23995,asian,25
23996,asian,18
23997,asian,28
23998,asian,1
23999,asian,20
24000,asian,15
24001,asian,23
24002,asian,26
24003,asian,20
24004,asian,18
24005,asian,23
24006,asian,18
24007,asian,25
24008,asian,18
24009,asian,12
24010,asian,27
24011,asian,12
24012,asian,12
24013,asian,18
24014,asian,9
24015,asian,22
24016,asian,22
24017,asian,13
24018,asian,9
24019,asian,23
24020,asian,2
24021,asian,2
24022,asian,13
24023,asian,20
24024,asian,6
24025,asian,2
24026,asian,2
24027,asian,1
24028,asian,12
24029,asian,2
24030,asian,22
24031,asian,14
24032,asian,2
24033,asian,20
24034,asian,25
24035,asian,9
24036,asian,26
24037,asian,12
24038,asian,6
24039,asian,28
24040,asian,15
24041,asian,2
24042,asian,2
24043,asian,18
24044,asian,22
24045,asian,26
24046,asian,23
24047,asian,25
24048,asian,26
24049,asian,25
24050,asian,26
24051,asian,23
24052,asian,18
24053,asian,13
24054,asian,13
24055,asian,1
24056,asian,6
24057,asian,18
24058,asian,26
24059,asian,6
24060,asian,25
24061,asian,26
24062,asian,23
24063,asian,22
24064,asian,14
24065,asian,14
24066,asian,28
24067,asian,18
24068,asian,20
24069,asian,1
24070,asian,1
24071,asian,27
24072,asian,25
24073,asian,9
24074,asian,9
24075,asian,23
24076,asian,13
24077,asian,14
24078,asian,1
24079,asian,1
24080,asian,20
24081,asian,2
24082,asian,22
24083,asian,9
24084,asian,15
24085,asian,18
24086,asian,12
24087,asian,27
24088,asian,15
24089,asian,18
24090,asian,22
24091,asian,6
24092,asian,25
24093,asian,26
24094,asian,20
24095,asian,27
24096,asian,27
24097,asian,22
24098,asian,13
24099,asian,15
24100,asian,6
24101,asian,1
24102,asian,13
24103,asian,14
24104,asian,20
24105,asian,15
24106,asian,1
24107,asian,22
24108,asian,6
24109,asian,22
24110,asian,15
24111,asian,27
24112,asian,28
24113,asian,1
24114,asian,28
24115,asian,1
24116,asian,1
24117,asian,15
24118,asian,12
24119,asian,13
24120,asian,14
24121,asian,20
24122,asian,9
24123,asian,17
24124,asian,28
24125,asian,24
24126,asian,11
24127,asian,28
24128,asian,19
24129,asian,5
24130,asian,17
24131,asian,21
24132,asian,10
24133,asian,16
24134,asian,11
24135,asian,5
24136,asian,16
24137,asian,24
24138,asian,5
24139,asian,30
24140,asian,3
24141,asian,17
24142,asian,30
24143,asian,19
24144,asian,16
24145,asian,5
24146,asian,14
24147,asian,24
24148,asian,16
24149,asian,4
24150,asian,10
24151,asian,28
24152,asian,6
24153,asian,6
24154,asian,21
24155,asian,11
24156,asian,4
24157,asian,10
24158,asian,14
24159,asian,4
24160,asian,30
24161,asian,21
24162,asian,14
24163,asian,4
24164,asian,5
24165,asian,10
24166,asian,19
24167,asian,24
24168,asian,11
24169,asian,21
24170,asian,6
24171,asian,3
24172,asian,21
24173,asian,10
24174,asian,5
24175,asian,30
24176,asian,19
24177,asian,17
24178,asian,4
24179,asian,19
24180,asian,11
24181,asian,30
24182,asian,14
24183,asian,6
24184,asian,30
24185,asian,11
24186,asian,3
24187,asian,14
24188,asian,16
24189,asian,16
24190,asian,5
24191,asian,3
24192,asian,3
24193,asian,24
24194,asian,6
24195,asian,6
24196,asian,11
24197,asian,3
24198,asian,17
24199,asian,30
24200,asian,6
24201,asian,14
24202,asian,10
24203,asian,4
24204,asian,4
24205,asian,19
24206,asian,28
24207,asian,24
24208,asian,6
24209,asian,6
24210,asian,30
24211,asian,30
24212,asian,14
24213,asian,30
24214,asian,10
24215,asian,28
24216,asian,24
24217,asian,6
24218,asian,5
24219,asian,6
24220,asian,21
24221,asian,21
24222,asian,14
24223,asian,21
24224,asian,24
24225,asian,5
24226,asian,28
24227,asian,28
24228,asian,28
24229,asian,19
24230,asian,17
24231,asian,3
24232,asian,28
24233,asian,11
24234,asian,21
24235,asian,16
24236,asian,3
24237,asian,19
24238,asian,16
24239,asian,19
24240,asian,10
24241,asian,14
24242,asian,17
24243,asian,5
24244,asian,17
24245,asian,16
24246,asian,5
24247,asian,14
24248,asian,11
24249,asian,19
24250,asian,11
24251,asian,16
24252,asian,17
24253,asian,4
24254,asian,5
24255,asian,14
24256,asian,3
24257,asian,30
24258,asian,4
24259,asian,11
24260,asian,3
24261,asian,19
24262,asian,11
24263,asian,8
24264,asian,12
24265,asian,1
24266,asian,27
24267,asian,8
24268,asian,3
24269,asian,30
24270,asian,15
24271,asian,29
24272,asian,29
24273,asian,29
24274,asian,30
24275,asian,26
24276,asian,26
24277,asian,1
24278,asian,3
24279,asian,7
24280,asian,9
24281,asian,15
24282,asian,15
24283,asian,18
24284,asian,25
24285,asian,20
24286,asian,20
24287,asian,16
24288,asian,13
24289,asian,26
24290,asian,9
24291,asian,1
24292,asian,16
24293,asian,1
24294,asian,1
24295,asian,11
24296,asian,3
24297,asian,8
24298,asian,8
24299,asian,13
24300,asian,16
24301,asian,11
24302,asian,20
24303,asian,13
24304,asian,20
24305,asian,16
24306,asian,25
24307,asian,25
24308,asian,27
24309,asian,7
24310,asian,7
24311,asian,29
24312,asian,12
24313,asian,9
24314,asian,27
24315,asian,12
24316,asian,30
24317,asian,20
24318,asian,12
24319,asian,22
24320,asian,7
24321,asian,20
24322,asian,15
24323,asian,18
24324,asian,25
24325,asian,3
24326,asian,22
24327,asian,20
24328,asian,22
24329,asian,27
24330,asian,3
24331,asian,26
24332,asian,25
24333,asian,20
24334,asian,13
24335,asian,16
24336,asian,11
24337,asian,22
24338,asian,18
24339,asian,12
24340,asian,30
24341,asian,8
24342,asian,25
24343,asian,3
24344,asian,12
24345,asian,9
24346,asian,8
24347,asian,26
24348,asian,9
24349,asian,13
24350,asian,1
24351,asian,29
24352,asian,16
24353,asian,11
24354,asian,11
24355,asian,13
24356,asian,22
24357,asian,15
24358,asian,18
24359,asian,12
24360,asian,15
24361,asian,27
24362,asian,12
24363,asian,30
24364,asian,1
24365,asian,20
24366,asian,1
24367,asian,25
24368,asian,7
24369,asian,18
24370,asian,26
24371,asian,9
24372,asian,16
24373,asian,3
24374,asian,22
24375,asian,27
24376,asian,7
24377,asian,11
24378,asian,26
24379,asian,11
24380,asian,3
24381,asian,22
24382,asian,22
24383,asian,18
24384,asian,29
24385,asian,18
24386,asian,30
24387,asian,11
24388,asian,26
24389,asian,29
24390,asian,16
24391,asian,12
24392,asian,20
24393,asian,22
24394,asian,13
24395,asian,7
24396,asian,26
24397,asian,29
24398,asian,12
24399,asian,25
24400,asian,22
24401,asian,9
24402,asian,13
24403,asian,30
24404,asian,8
24405,asian,15
24406,asian,9
24407,asian,30
24408,asian,27
24409,asian,27
24410,asian,29
24411,asian,20
24412,asian,3
24413,asian,11
24414,asian,13
24415,asian,3
24416,asian,20
24417,asian,7
24418,asian,1
24419,asian,9
24420,asian,1
24421,asian,25
24422,asian,8
24423,asian,20
24424,asian,8
24425,asian,29
24426,asian,18
24427,asian,29
24428,asian,1
24429,asian,27
24430,asian,16
24431,asian,15
24432,asian,13
24433,asian,3
24434,asian,13
24435,asian,7
24436,asian,18
24437,asian,29
24438,asian,7
24439,asian,8
24440,asian,8
24441,asian,12
24442,asian,27
24443,asian,22
24444,asian,3
24445,asian,1
24446,asian,30
24447,asian,15
24448,asian,9
24449,asian,3
24450,asian,29
24451,asian,29
24452,asian,26
24453,asian,3
24454,asian,13
24455,asian,9
24456,asian,4
24457,asian,5
24458,asian,21
24459,asian,14
24460,asian,23
24461,asian,15
24462,asian,23
24463,asian,28
24464,asian,2
24465,asian,10
24466,asian,2
24467,asian,21
24468,asian,5
24469,asian,15
24470,asian,10
24471,asian,17
24472,asian,21
24473,asian,10
24474,asian,13
24475,asian,28
24476,asian,23
24477,asian,13
24478,asian,15
24479,asian,2
24480,asian,21
24481,asian,19
24482,asian,5
24483,asian,4
24484,asian,23
24485,asian,19
24486,asian,19
24487,asian,13
24488,asian,4
24489,asian,28
24490,asian,28
24491,asian,4
24492,asian,17
24493,asian,13
24494,asian,17
24495,asian,19
24496,asian,10
24497,asian,13
24498,asian,4
24499,asian,2
24500,asian,15
24501,asian,13
24502,asian,2
24503,asian,5
24504,asian,23
24505,asian,4
24506,asian,19
24507,asian,4
24508,asian,14
24509,asian,5
24510,asian,17
24511,asian,19
24512,asian,10
24513,asian,19
24514,asian,14
24515,asian,15
24516,asian,15
24517,asian,10
24518,asian,28
24519,asian,15
24520,asian,17
24521,asian,17
24522,asian,2
24523,asian,15
24524,asian,17
24525,asian,28
24526,asian,28
24527,asian,28
24528,asian,17
24529,asian,14
24530,asian,13
24531,asian,14
24532,asian,17
24533,asian,5
24534,asian,14
24535,asian,23
24536,asian,19
24537,asian,5
24538,asian,10
24539,asian,23
24540,asian,21
24541,asian,19
24542,asian,4
24543,asian,2
24544,asian,14
24545,asian,14
24546,asian,4
24547,asian,21
24548,asian,13
24549,asian,23
24550,asian,2
24551,asian,10
24552,asian,5
24553,asian,21
24554,asian,5
24555,asian,10
24556,asian,13
24557,asian,2
24558,asian,23
24559,asian,2
24560,asian,15
24561,asian,15
24562,asian,4
24563,asian,2
24564,asian,4
24565,asian,15
24566,asian,4
24567,asian,4
24568,asian,10
24569,asian,5
24570,asian,4
24571,asian,2
24572,asian,2
24573,asian,23
24574,asian,14
24575,asian,21
24576,asian,21
24577,asian,28
24578,asian,5
24579,asian,2
24580,asian,19
24581,asian,17
24582,asian,21
24583,asian,5
24584,asian,6
24585,asian,29
24586,asian,16
24587,asian,27
24588,asian,29
24589,asian,30
24590,asian,1
24591,asian,24
24592,asian,12
24593,asian,18
24594,asian,19
24595,asian,19
24596,asian,29
24597,asian,16
24598,asian,20
24599,asian,18
24600,asian,20
24601,asian,20
24602,asian,7
24603,asian,9
24604,asian,16
24605,asian,7
24606,asian,12
24607,asian,24
24608,asian,19
24609,asian,30
24610,asian,5
24611,asian,27
24612,asian,18
24613,asian,8
24614,asian,23
24615,asian,5
24616,asian,21
24617,asian,23
24618,asian,27
24619,asian,23
24620,asian,20
24621,asian,12
24622,asian,22
24623,asian,7
24624,asian,27
24625,asian,26
24626,asian,20
24627,asian,8
24628,asian,1
24629,asian,22
24630,asian,5
24631,asian,12
24632,asian,26
24633,asian,21
24634,asian,30
24635,asian,24
24636,asian,26
24637,asian,26
24638,asian,18
24639,asian,18
24640,asian,12
24641,asian,8
24642,asian,1
24643,asian,21
24644,asian,25
24645,asian,25
24646,asian,9
24647,asian,30
24648,asian,23
24649,asian,7
24650,asian,24
24651,asian,5
24652,asian,9
24653,asian,7
24654,asian,16
24655,asian,20
24656,asian,26
24657,asian,6
24658,asian,9
24659,asian,7
24660,asian,19
24661,asian,22
24662,asian,6
24663,asian,24
24664,asian,19
24665,asian,24
24666,asian,25
24667,asian,18
24668,asian,8
24669,asian,25
24670,asian,22
24671,asian,29
24672,asian,16
24673,asian,20
24674,asian,20
24675,asian,26
24676,asian,8
24677,asian,6
24678,asian,25
24679,asian,26
24680,asian,1
24681,asian,23
24682,asian,24
24683,asian,6
24684,asian,8
24685,asian,21
24686,asian,6
24687,asian,20
24688,asian,29
24689,asian,8
24690,asian,23
24691,asian,6
24692,asian,20
24693,asian,26
24694,asian,22
24695,asian,24
24696,asian,22
24697,asian,1
24698,asian,25
24699,asian,9
24700,asian,30
24701,asian,23
24702,asian,1
24703,asian,30
24704,asian,12
24705,asian,18
24706,asian,26
24707,asian,16
24708,asian,25
24709,asian,8
24710,asian,6
24711,asian,9
24712,asian,5
24713,asian,25
24714,asian,30
24715,asian,9
24716,asian,1
24717,asian,30
24718,asian,9
24719,asian,29
24720,asian,27
24721,asian,8
24722,asian,25
24723,asian,5
24724,asian,1
24725,asian,12
24726,asian,23
24727,asian,7
24728,asian,5
24729,asian,26
24730,asian,9
24731,asian,19
24732,asian,16
24733,asian,29
24734,asian,19
24735,asian,30
24736,asian,1
24737,asian,23
24738,asian,20
24739,asian,24
24740,asian,12
24741,asian,12
24742,asian,5
24743,asian,24
24744,asian,16
24745,asian,7
24746,asian,27
24747,asian,22
24748,asian,20
24749,asian,12
24750,asian,18
24751,asian,20
24752,asian,12
24753,asian,26
24754,asian,6
24755,asian,1
24756,asian,16
24757,asian,22
24758,asian,29
24759,asian,27
24760,asian,24
24761,asian,21
24762,asian,19
24763,asian,29
24764,asian,27
24765,asian,1
24766,asian,19
24767,asian,21
24768,asian,30
24769,asian,18
24770,asian,24
24771,asian,12
24772,asian,21
24773,asian,26
24774,asian,27
24775,asian,20
24776,asian,25
24777,asian,18
24778,asian,16
24779,asian,16
24780,asian,7
24781,asian,29
24782,asian,16
24783,asian,24
24784,asian,23
24785,asian,16
24786,asian,21
24787,asian,18
24788,asian,18
24789,asian,29
24790,asian,21
24791,asian,1
24792,asian,21
24793,asian,24
24794,asian,27
24795,asian,19
24796,asian,16
24797,asian,5
24798,asian,23
24799,asian,16
24800,asian,26
24801,asian,1
24802,asian,7
24803,asian,22
24804,asian,26
24805,asian,21
24806,asian,7
24807,asian,8
24808,asian,22
24809,asian,27
24810,asian,12
24811,asian,13
24812,asian,4
24813,asian,26
24814,asian,8
24815,asian,4
24816,asian,26
24817,asian,26
24818,asian,10
24819,asian,11
24820,asian,13
24821,asian,28
24822,asian,11
24823,asian,11
24824,asian,17
24825,asian,22
24826,asian,17
24827,asian,8
24828,asian,11
24829,asian,10
24830,asian,3
24831,asian,28
24832,asian,17
24833,asian,3
24834,asian,10
24835,asian,28
24836,asian,10
24837,asian,22
24838,asian,8
24839,asian,3
24840,asian,13
24841,asian,13
24842,asian,3
24843,asian,4
24844,asian,17
24845,asian,22
24846,asian,11
24847,asian,10
24848,asian,13
24849,asian,13
24850,asian,4
24851,asian,28
24852,asian,8
24853,asian,22
24854,asian,26
24855,asian,4
24856,asian,17
24857,asian,3
24858,asian,17
24859,asian,22
24860,asian,3
24861,asian,3
24862,asian,22
24863,asian,22
24864,asian,11
24865,asian,4
24866,asian,28
24867,asian,26
24868,asian,28
24869,asian,10
24870,asian,22
24871,asian,17
24872,asian,8
24873,asian,26
24874,asian,26
24875,asian,8
24876,asian,26
24877,asian,3
24878,asian,28
24879,asian,26
24880,asian,17
24881,asian,11
24882,asian,8
24883,asian,26
24884,asian,13
24885,asian,22
24886,asian,28
24887,asian,26
24888,asian,8
24889,asian,11
24890,asian,13
24891,asian,28
24892,asian,26
24893,asian,3
24894,asian,3
24895,asian,4
24896,asian,17
24897,asian,26
24898,asian,26
24899,asian,3
24900,asian,10
24901,asian,13
24902,asian,4
24903,asian,17
24904,asian,11
24905,asian,3
24906,asian,28
24907,asian,8
24908,asian,22
24909,asian,10
24910,asian,4
24911,asian,13
24912,asian,10
24913,asian,8
24914,asian,9
24915,asian,12
24916,asian,9
24917,asian,7
24918,asian,24
24919,asian,18
24920,asian,11
24921,asian,3
24922,asian,20
24923,asian,7
24924,asian,11
24925,asian,20
24926,asian,2
24927,asian,7
24928,asian,29
24929,asian,23
24930,asian,12
24931,asian,29
24932,asian,21
24933,asian,20
24934,asian,16
24935,asian,10
24936,asian,6
24937,asian,24
24938,asian,20
24939,asian,15
24940,asian,15
24941,asian,16
24942,asian,16
24943,asian,6
24944,asian,20
24945,asian,29
24946,asian,29
24947,asian,25
24948,asian,30
24949,asian,24
24950,asian,18
24951,asian,30
24952,asian,19
24953,asian,30
24954,asian,21
24955,asian,15
24956,asian,7
24957,asian,25
24958,asian,11
24959,asian,1
24960,asian,27
24961,asian,21
24962,asian,12
24963,asian,27
24964,asian,12
24965,asian,25
24966,asian,19
24967,asian,27
24968,asian,16
24969,asian,19
24970,asian,23
24971,asian,10
24972,asian,15
24973,asian,18
24974,asian,21
24975,asian,25
24976,asian,27
24977,asian,15
24978,asian,18
24979,asian,6
24980,asian,30
24981,asian,16
24982,asian,11
24983,asian,10
24984,asian,9
24985,asian,25
24986,asian,21
24987,asian,5
24988,asian,16
24989,asian,10
24990,asian,15
24991,asian,10
24992,asian,11
24993,asian,5
24994,asian,5
24995,asian,16
24996,asian,30
24997,asian,11
24998,asian,12
24999,asian,24
25000,asian,19
25001,asian,29
25002,asian,2
25003,asian,2
25004,asian,5
25005,asian,2
25006,asian,18
25007,asian,20
25008,asian,3
25009,asian,20
25010,asian,5
25011,asian,5
25012,asian,1
25013,asian,15
25014,asian,11
25015,asian,1
25016,asian,5
25017,asian,10
25018,asian,9
25019,asian,2
25020,asian,6
25021,asian,20
25022,asian,1
25023,asian,3
25024,asian,15
25025,asian,25
25026,asian,19
25027,asian,25
25028,asian,6
25029,asian,30
25030,asian,23
25031,asian,23
25032,asian,2
25033,asian,2
25034,asian,18
25035,asian,3
25036,asian,24
25037,asian,2
25038,asian,7
25039,asian,19
25040,asian,1
25041,asian,27
25042,asian,2
25043,asian,15
25044,asian,11
25045,asian,1
25046,asian,2
25047,asian,24
25048,asian,6
25049,asian,12
25050,asian,10
25051,asian,27
25052,asian,6
25053,asian,21
25054,asian,23
25055,asian,30
25056,asian,6
25057,asian,1
25058,asian,3
25059,asian,25
25060,asian,29
25061,asian,19
25062,asian,3
25063,asian,16
25064,asian,16
25065,asian,23
25066,asian,21
25067,asian,19
25068,asian,5
25069,asian,12
25070,asian,23
25071,asian,30
25072,asian,30
25073,asian,9
25074,asian,24
25075,asian,20
25076,asian,3
25077,asian,27
25078,asian,18
25079,asian,18
25080,asian,3
25081,asian,9
25082,asian,7
25083,asian,18
25084,asian,18
25085,asian,12
25086,asian,6
25087,asian,23
25088,asian,23
25089,asian,10
25090,asian,29
25091,asian,24
25092,asian,18
25093,asian,7
25094,asian,24
25095,asian,3
25096,asian,6
25097,asian,5
25098,asian,25
25099,asian,9
25100,asian,21
25101,asian,29
25102,asian,23
25103,asian,9
25104,asian,15
25105,asian,27
25106,asian,9
25107,asian,1
25108,asian,12
25109,asian,6
25110,asian,16
25111,asian,29
25112,asian,27
25113,asian,27
25114,asian,23
25115,asian,19
25116,asian,7
25117,asian,27
25118,asian,18
25119,asian,21
25120,asian,6
25121,asian,21
25122,asian,21
25123,asian,12
25124,asian,11
25125,asian,16
25126,asian,7
25127,asian,15
25128,asian,3
25129,asian,21
25130,asian,15
25131,asian,12
25132,asian,12
25133,asian,10
25134,asian,12
25135,asian,27
25136,asian,21
25137,asian,12
25138,asian,27
25139,asian,19
25140,asian,19
25141,asian,25
25142,asian,27
25143,asian,8
25144,asian,25
25145,asian,8
25146,asian,8
25147,asian,4
25148,asian,4
25149,asian,13
25150,asian,13
25151,asian,25
25152,asian,13
25153,asian,4
25154,asian,13
25155,asian,8
25156,asian,4
25157,asian,4
25158,asian,25
25159,asian,25
25160,asian,25
25161,asian,4
25162,asian,13
25163,asian,25
25164,asian,25
25165,asian,4
25166,asian,8
25167,asian,25
25168,asian,8
25169,asian,13
25170,asian,4
25171,asian,8
25172,asian,4
25173,asian,13
25174,asian,25
25175,asian,13
25176,asian,25
25177,asian,13
25178,asian,8
25179,asian,8
25180,asian,4
25181,asian,8
25182,asian,13
25183,asian,4
25184,asian,23
25185,asian,14
25186,asian,1
25187,asian,30
25188,asian,17
25189,asian,3
25190,asian,12
25191,asian,3
25192,asian,6
25193,asian,15
25194,asian,24
25195,asian,22
25196,asian,17
25197,asian,11
25198,asian,11
25199,asian,14
25200,asian,1
25201,asian,6
25202,asian,15
25203,asian,29
25204,asian,30
25205,asian,24
25206,asian,23
25207,asian,9
25208,asian,9
25209,asian,12
25210,asian,11
25211,asian,17
25212,asian,7
25213,asian,22
25214,asian,6
25215,asian,18
25216,asian,18
25217,asian,29
25218,asian,18
25219,asian,30
25220,asian,7
25221,asian,10
25222,asian,12
25223,asian,11
25224,asian,10
25225,asian,30
25226,asian,3
25227,asian,23
25228,asian,23
25229,asian,3
25230,asian,6
25231,asian,10
25232,asian,6
25233,asian,2
25234,asian,7
25235,asian,30
25236,asian,24
25237,asian,24
25238,asian,15
25239,asian,2
25240,asian,29
25241,asian,2
25242,asian,7
25243,asian,15
25244,asian,21
25245,asian,29
25246,asian,2
25247,asian,24
25248,asian,1
25249,asian,9
25250,asian,14
25251,asian,6
25252,asian,22
25253,asian,2
25254,asian,28
25255,asian,18
25256,asian,22
25257,asian,10
25258,asian,12
25259,asian,29
25260,asian,23
25261,asian,28
25262,asian,15
25263,asian,18
25264,asian,1
25265,asian,23
25266,asian,23
25267,asian,21
25268,asian,12
25269,asian,2
25270,asian,24
25271,asian,18
25272,asian,12
25273,asian,3
25274,asian,1
25275,asian,9
25276,asian,28
25277,asian,6
25278,asian,28
25279,asian,24
25280,asian,11
25281,asian,22
25282,asian,24
25283,asian,29
25284,asian,10
25285,asian,21
25286,asian,1
25287,asian,6
25288,asian,29
25289,asian,28
25290,asian,2
25291,asian,2
25292,asian,30
25293,asian,22
25294,asian,14
25295,asian,29
25296,asian,2
25297,asian,9
25298,asian,11
25299,asian,24
25300,asian,21
25301,asian,21
25302,asian,7
25303,asian,7
25304,asian,21
25305,asian,3
25306,asian,14
25307,asian,7
25308,asian,17
25309,asian,10
25310,asian,28
25311,asian,12
25312,asian,30
25313,asian,11
25314,asian,1
25315,asian,10
25316,asian,28
25317,asian,21
25318,asian,29
25319,asian,17
25320,asian,24
25321,asian,15
25322,asian,2
25323,asian,17
25324,asian,24
25325,asian,7
25326,asian,24
25327,asian,14
25328,asian,22
25329,asian,28
25330,asian,7
25331,asian,21
25332,asian,18
25333,asian,17
25334,asian,17
25335,asian,29
25336,asian,23
25337,asian,12
25338,asian,7
25339,asian,12
25340,asian,6
25341,asian,22
25342,asian,12
25343,asian,15
25344,asian,21
25345,asian,21
25346,asian,6
25347,asian,21
25348,asian,11
25349,asian,28
25350,asian,28
25351,asian,11
25352,asian,28
25353,asian,1
25354,asian,22
25355,asian,22
25356,asian,22
25357,asian,18
25358,asian,18
25359,asian,21
25360,asian,18
25361,asian,23
25362,asian,10
25363,asian,17
25364,asian,24
25365,asian,22
25366,asian,12
25367,asian,22
25368,asian,15
25369,asian,9
25370,asian,12
25371,asian,11
25372,asian,18
25373,asian,1
25374,asian,14
25375,asian,14
25376,asian,23
25377,asian,9
25378,asian,7
25379,asian,6
25380,asian,3
25381,asian,6
25382,asian,15
25383,asian,6
25384,asian,9
25385,asian,9
25386,asian,24
25387,asian,6
25388,asian,10
25389,asian,18
25390,asian,14
25391,asian,30
25392,asian,30
25393,asian,30
25394,asian,23
25395,asian,30
25396,asian,12
25397,asian,2
25398,asian,30
25399,asian,12
25400,asian,23
25401,asian,23
25402,asian,3
25403,asian,14
25404,asian,21
25405,asian,12
25406,asian,15
25407,asian,15
25408,asian,30
25409,asian,26
25410,asian,27
25411,asian,13
25412,asian,30
25413,asian,19
25414,asian,15
25415,asian,5
25416,asian,25
25417,asian,24
25418,asian,20
25419,asian,30
25420,asian,13
25421,asian,27
25422,asian,24
25423,asian,25
25424,asian,23
25425,asian,6
25426,asian,12
25427,asian,24
25428,asian,26
25429,asian,18
25430,asian,1
25431,asian,16
25432,asian,6
25433,asian,19
25434,asian,12
25435,asian,13
25436,asian,5
25437,asian,16
25438,asian,18
25439,asian,25
25440,asian,16
25441,asian,21
25442,asian,25
25443,asian,12
25444,asian,22
25445,asian,12
25446,asian,27
25447,asian,30
25448,asian,18
25449,asian,21
25450,asian,21
25451,asian,25
25452,asian,15
25453,asian,22
25454,asian,1
25455,asian,22
25456,asian,13
25457,asian,22
25458,asian,27
25459,asian,20
25460,asian,20
25461,asian,4
25462,asian,19
25463,asian,16
25464,asian,4
25465,asian,15
25466,asian,6
25467,asian,27
25468,asian,22
25469,asian,6
25470,asian,4
25471,asian,20
25472,asian,19
25473,asian,23
25474,asian,24
25475,asian,15
25476,asian,14
25477,asian,21
25478,asian,6
25479,asian,27
25480,asian,14
25481,asian,26
25482,asian,21
25483,asian,20
25484,asian,24
25485,asian,21
25486,asian,14
25487,asian,18
25488,asian,13
25489,asian,1
25490,asian,16
25491,asian,22
25492,asian,14
25493,asian,4
25494,asian,24
25495,asian,23
25496,asian,23
25497,asian,12
25498,asian,18
25499,asian,18
25500,asian,19
25501,asian,15
25502,asian,19
25503,asian,6
25504,asian,25
25505,asian,26
25506,asian,23
25507,asian,15
25508,asian,19
25509,asian,12
25510,asian,26
25511,asian,16
25512,asian,4
25513,asian,20
25514,asian,4
25515,asian,20
25516,asian,21
25517,asian,4
25518,asian,12
25519,asian,1
25520,asian,30
25521,asian,15
25522,asian,13
25523,asian,23
25524,asian,14
25525,asian,12
25526,asian,23
25527,asian,22
25528,asian,1
25529,asian,6
25530,asian,12
25531,asian,18
25532,asian,27
25533,asian,18
25534,asian,12
25535,asian,30
25536,asian,27
25537,asian,26
25538,asian,1
25539,asian,30
25540,asian,15
25541,asian,5
25542,asian,30
25543,asian,5
25544,asian,25
25545,asian,21
25546,asian,26
25547,asian,1
25548,asian,1
25549,asian,20
25550,asian,22
25551,asian,27
25552,asian,23
25553,asian,14
25554,asian,19
25555,asian,24
25556,asian,6
25557,asian,1
25558,asian,1
25559,asian,5
25560,asian,5
25561,asian,16
25562,asian,22
25563,asian,30
25564,asian,23
25565,asian,19
25566,asian,5
25567,asian,16
25568,asian,26
25569,asian,13
25570,asian,18
25571,asian,24
25572,asian,14
25573,asian,15
25574,asian,5
25575,asian,18
25576,asian,4
25577,asian,13
25578,asian,24
25579,asian,26
25580,asian,25
25581,asian,14
25582,asian,1
25583,asian,20
25584,asian,26
25585,asian,23
25586,asian,4
25587,asian,5
25588,asian,25
25589,asian,24
25590,asian,27
25591,asian,26
25592,asian,27
25593,asian,30
25594,asian,1
25595,asian,16
25596,asian,22
25597,asian,14
25598,asian,13
25599,asian,13
25600,asian,18
25601,asian,18
25602,asian,27
25603,asian,26
25604,asian,30
25605,asian,22
25606,asian,1
25607,asian,22
25608,asian,21
25609,asian,6
25610,asian,14
25611,asian,14
25612,asian,28
25613,asian,2
25614,asian,3
25615,asian,29
25616,asian,28
25617,asian,17
25618,asian,29
25619,asian,7
25620,asian,2
25621,asian,17
25622,asian,8
25623,asian,3
25624,asian,9
25625,asian,11
25626,asian,8
25627,asian,9
25628,asian,7
25629,asian,8
25630,asian,29
25631,asian,9
25632,asian,11
25633,asian,2
25634,asian,28
25635,asian,10
25636,asian,10
25637,asian,10
25638,asian,17
25639,asian,2
25640,asian,29
25641,asian,17
25642,asian,11
25643,asian,2
25644,asian,7
25645,asian,3
25646,asian,10
25647,asian,10
25648,asian,7
25649,asian,29
25650,asian,3
25651,asian,8
25652,asian,2
25653,asian,7
25654,asian,28
25655,asian,3
25656,asian,10
25657,asian,10
25658,asian,29
25659,asian,28
25660,asian,9
25661,asian,8
25662,asian,11
25663,asian,28
25664,asian,2
25665,asian,8
25666,asian,7
25667,asian,7
25668,asian,9
25669,asian,28
25670,asian,17
25671,asian,11
25672,asian,11
25673,asian,9
25674,asian,3
25675,asian,17
25676,asian,9
25677,asian,7
25678,asian,28
25679,asian,2
25680,asian,29
25681,asian,11
25682,asian,9
25683,asian,11
25684,asian,29
25685,asian,8
25686,asian,3
25687,asian,8
25688,asian,17
25689,asian,29
25690,asian,29
25691,asian,7
25692,asian,17
25693,asian,2
25694,asian,2
25695,asian,29
25696,asian,29
25697,asian,11
25698,asian,9
25699,asian,3
25700,asian,17
25701,asian,28
25702,asian,8
25703,asian,10
25704,asian,29
25705,asian,2
25706,asian,17
25707,asian,11
25708,asian,3
25709,asian,28
25710,asian,28
25711,asian,17
25712,asian,28
25713,asian,17
25714,asian,7
25715,asian,11
25716,asian,17
25717,asian,29
25718,asian,17
25719,asian,2
25720,asian,11
25721,asian,9
25722,asian,3
25723,asian,20
25724,asian,8
25725,asian,10
25726,asian,27
25727,asian,2
25728,asian,4
25729,asian,4
25730,asian,5
25731,asian,9
25732,asian,19
25733,asian,23
25734,asian,29
25735,asian,28
25736,asian,3
25737,asian,20
25738,asian,28
25739,asian,26
25740,asian,25
25741,asian,15
25742,asian,17
25743,asian,30
25744,asian,29
25745,asian,11
25746,asian,20
25747,asian,25
25748,asian,12
25749,asian,6
25750,asian,30
25751,asian,12
25752,asian,11
25753,asian,15
25754,asian,20
25755,asian,24
25756,asian,27
25757,asian,13
25758,asian,18
25759,asian,2
25760,asian,15
25761,asian,7
25762,asian,4
25763,asian,12
25764,asian,22
25765,asian,30
25766,asian,11
25767,asian,7
25768,asian,5
25769,asian,24
25770,asian,27
25771,asian,24
25772,asian,11
25773,asian,6
25774,asian,21
25775,asian,22
25776,asian,18
25777,asian,13
25778,asian,25
25779,asian,8
25780,asian,9
25781,asian,15
25782,asian,10
25783,asian,27
25784,asian,14
25785,asian,30
25786,asian,16
25787,asian,26
25788,asian,9
25789,asian,29
25790,asian,8
25791,asian,3
25792,asian,20
25793,asian,8
25794,asian,5
25795,asian,21
25796,asian,1
25797,asian,29
25798,asian,27
25799,asian,3
25800,asian,10
25801,asian,12
25802,asian,5
25803,asian,16
25804,asian,28
25805,asian,4
25806,asian,17
25807,asian,7
25808,asian,3
25809,asian,6
25810,asian,10
25811,asian,17
25812,asian,18
25813,asian,9
25814,asian,9
25815,asian,26
25816,asian,14
25817,asian,5
25818,asian,29
25819,asian,17
25820,asian,18
25821,asian,30
25822,asian,29
25823,asian,28
25824,asian,21
25825,asian,16
25826,asian,16
25827,asian,18
25828,asian,12
25829,asian,14
25830,asian,19
25831,asian,16
25832,asian,26
25833,asian,14
25834,asian,14
25835,asian,3
25836,asian,10
25837,asian,29
25838,asian,5
25839,asian,19
25840,asian,3
25841,asian,9
25842,asian,23
25843,asian,22
25844,asian,19
25845,asian,18
25846,asian,7
25847,asian,29
25848,asian,25
25849,asian,7
25850,asian,29
25851,asian,13
25852,asian,8
25853,asian,23
25854,asian,28
25855,asian,1
25856,asian,14
25857,asian,29
25858,asian,30
25859,asian,14
25860,asian,23
25861,asian,29
25862,asian,1
25863,asian,2
25864,asian,22
25865,asian,1
25866,asian,16
25867,asian,12
25868,asian,22
25869,asian,2
25870,asian,7
25871,asian,2
25872,asian,10
25873,asian,7
25874,asian,27
25875,asian,16
25876,asian,6
25877,asian,15
25878,asian,13
25879,asian,12
25880,asian,21
25881,asian,15
25882,asian,19
25883,asian,4
25884,asian,25
25885,asian,13
25886,asian,12
25887,asian,14
25888,asian,19
25889,asian,2
25890,asian,8
25891,asian,20
25892,asian,4
25893,asian,26
25894,asian,20
25895,asian,2
25896,asian,12
25897,asian,22
25898,asian,19
25899,asian,16
25900,asian,21
25901,asian,20
25902,asian,9
25903,asian,1
25904,asian,12
25905,asian,15
25906,asian,8
25907,asian,1
25908,asian,5
25909,asian,8
25910,asian,30
25911,asian,5
25912,asian,13
25913,asian,28
25914,asian,24
25915,asian,24
25916,asian,9
25917,asian,9
25918,asian,2
25919,asian,23
25920,asian,2
25921,asian,23
25922,asian,11
25923,asian,23
25924,asian,11
25925,asian,26
25926,asian,21
25927,asian,6
25928,asian,22
25929,asian,9
25930,asian,24
25931,asian,23
25932,asian,27
25933,asian,28
25934,asian,13
25935,asian,2
25936,asian,19
25937,asian,1
25938,asian,1
25939,asian,11
25940,asian,13
25941,asian,30
25942,asian,24
25943,asian,27
25944,asian,15
25945,asian,27
25946,asian,5
25947,asian,10
25948,asian,17
25949,asian,19
25950,asian,17
25951,asian,15
25952,asian,14
25953,asian,12
25954,asian,3
25955,asian,27
25956,asian,26
25957,asian,24
25958,asian,23
25959,asian,28
25960,asian,22
25961,asian,28
25962,asian,1
25963,asian,30
25964,asian,15
25965,asian,5
25966,asian,29
25967,asian,8
25968,asian,24
25969,asian,30
25970,asian,20
25971,asian,27
25972,asian,4
25973,asian,5
25974,asian,12
25975,asian,4
25976,asian,15
25977,asian,29
25978,asian,27
25979,asian,18
25980,asian,12
25981,asian,6
25982,asian,10
25983,asian,21
25984,asian,25
25985,asian,17
25986,asian,5
25987,asian,19
25988,asian,14
25989,asian,18
25990,asian,19
25991,asian,19
25992,asian,19
25993,asian,4
25994,asian,15
25995,asian,3
25996,asian,15
25997,asian,1
25998,asian,1
25999,asian,30
26000,asian,1
26001,asian,17
26002,asian,21
26003,asian,2
26004,asian,30
26005,asian,27
26006,asian,2
26007,asian,2
26008,asian,16
26009,asian,12
26010,asian,7
26011,asian,4
26012,asian,21
26013,asian,25
26014,asian,10
26015,asian,19
26016,asian,30
26017,asian,16
26018,asian,25
26019,asian,25
26020,asian,17
26021,asian,24
26022,asian,17
26023,asian,6
26024,asian,6
26025,asian,3
26026,asian,19
26027,asian,24
26028,asian,10
26029,asian,23
26030,asian,7
26031,asian,11
26032,asian,21
26033,asian,8
26034,asian,15
26035,asian,20
26036,asian,21
26037,asian,30
26038,asian,21
26039,asian,12
26040,asian,24
26041,asian,22
26042,asian,29
26043,asian,21
26044,asian,13
26045,asian,22
26046,asian,13
26047,asian,26
26048,asian,26
26049,asian,6
26050,asian,24
26051,asian,29
26052,asian,2
26053,asian,20
26054,asian,9
26055,asian,27
26056,asian,17
26057,asian,26
26058,asian,28
26059,asian,8
26060,asian,11
26061,asian,26
26062,asian,5
26063,asian,14
26064,asian,4
26065,asian,7
26066,asian,14
26067,asian,2
26068,asian,5
26069,asian,19
26070,asian,10
26071,asian,22
26072,asian,27
26073,asian,15
26074,asian,26
26075,asian,8
26076,asian,16
26077,asian,17
26078,asian,30
26079,asian,10
26080,asian,9
26081,asian,5
26082,asian,9
26083,asian,2
26084,asian,15
26085,asian,14
26086,asian,11
26087,asian,3
26088,asian,27
26089,asian,7
26090,asian,27
26091,asian,3
26092,asian,6
26093,asian,23
26094,asian,25
26095,asian,21
26096,asian,12
26097,asian,8
26098,asian,23
26099,asian,1
26100,asian,23
26101,asian,18
26102,asian,7
26103,asian,25
26104,asian,25
26105,asian,30
26106,asian,6
26107,asian,13
26108,asian,4
26109,asian,17
26110,asian,10
26111,asian,8
26112,asian,5
26113,asian,29
26114,asian,14
26115,asian,10
26116,asian,5
26117,asian,18
26118,asian,23
26119,asian,27
26120,asian,11
26121,asian,18
26122,asian,13
26123,asian,5
26124,asian,13
26125,asian,16
26126,asian,4
26127,asian,26
26128,asian,4
26129,asian,20
26130,asian,25
26131,asian,22
26132,asian,11
26133,asian,29
26134,asian,20
26135,asian,12
26136,asian,7
26137,asian,14
26138,asian,28
26139,asian,27
26140,asian,26
26141,asian,5
26142,asian,3
26143,asian,10
26144,asian,16
26145,asian,4
26146,asian,2
26147,asian,17
26148,asian,6
26149,asian,18
26150,asian,10
26151,asian,11
26152,asian,29
26153,asian,24
26154,asian,10
26155,asian,19
26156,asian,1
26157,asian,17
26158,asian,14
26159,asian,23
26160,asian,15
26161,asian,4
26162,asian,11
26163,asian,7
26164,asian,19
26165,asian,12
26166,asian,30
26167,asian,24
26168,asian,13
26169,asian,20
26170,asian,22
26171,asian,3
26172,asian,30
26173,asian,18
26174,asian,27
26175,asian,15
26176,asian,15
26177,asian,7
26178,asian,25
26179,asian,1
26180,asian,19
26181,asian,19
26182,asian,24
26183,asian,20
26184,asian,30
26185,asian,3
26186,asian,1
26187,asian,1
26188,asian,9
26189,asian,7
26190,asian,16
26191,asian,17
26192,asian,7
26193,asian,16
26194,asian,16
26195,asian,23
26196,asian,28
26197,asian,15
26198,asian,23
26199,asian,27
26200,asian,4
26201,asian,14
26202,asian,6
26203,asian,4
26204,asian,16
26205,asian,8
26206,asian,23
26207,asian,5
26208,asian,1
26209,asian,8
26210,asian,28
26211,asian,4
26212,asian,25
26213,asian,2
26214,asian,2
26215,asian,12
26216,asian,25
26217,asian,24
26218,asian,4
26219,asian,7
26220,asian,30
26221,asian,2
26222,asian,22
26223,asian,24
26224,asian,12
26225,asian,3
26226,asian,9
26227,asian,1
26228,asian,27
26229,asian,28
26230,asian,7
26231,asian,29
26232,asian,1
26233,asian,16
26234,asian,10
26235,asian,18
26236,asian,24
26237,asian,3
26238,asian,23
26239,asian,13
26240,asian,8
26241,asian,7
26242,asian,9
26243,asian,28
26244,asian,15
26245,asian,28
26246,asian,20
26247,asian,10
26248,asian,10
26249,asian,19
26250,asian,22
26251,asian,18
26252,asian,3
26253,asian,28
26254,asian,14
26255,asian,9
26256,asian,16
26257,asian,24
26258,asian,11
26259,asian,12
26260,asian,11
26261,asian,18
26262,asian,16
26263,asian,21
26264,asian,27
26265,asian,10
26266,asian,2
26267,asian,2
26268,asian,2
26269,asian,16
26270,asian,1
26271,asian,24
26272,asian,14
26273,asian,6
26274,asian,16
26275,asian,16
26276,asian,22
26277,asian,11
26278,asian,24
26279,asian,17
26280,asian,25
26281,asian,28
26282,asian,25
26283,asian,4
26284,asian,6
26285,asian,4
26286,asian,25
26287,asian,10
26288,asian,21
26289,asian,16
26290,asian,5
26291,asian,29
26292,asian,11
26293,asian,27
26294,asian,3
26295,asian,10
26296,asian,12
26297,asian,30
26298,asian,21
26299,asian,5
26300,asian,19
26301,asian,12
26302,asian,21
26303,asian,8
26304,asian,25
26305,asian,27
26306,asian,22
26307,asian,9
26308,asian,25
26309,asian,2
26310,asian,29
26311,asian,9
26312,asian,2
26313,asian,24
26314,asian,20
26315,asian,6
26316,asian,4
26317,asian,20
26318,asian,25
26319,asian,21
26320,asian,4
26321,asian,17
26322,asian,15
26323,asian,28
26324,asian,19
26325,asian,26
26326,asian,7
26327,asian,12
26328,asian,16
26329,asian,29
26330,asian,1
26331,asian,27
26332,asian,28
26333,asian,28
26334,asian,11
26335,asian,21
26336,asian,14
26337,asian,11
26338,asian,11
26339,asian,11
26340,asian,14
26341,asian,21
26342,asian,21
26343,asian,21
26344,asian,14
26345,asian,21
26346,asian,28
26347,asian,28
26348,asian,11
26349,asian,11
26350,asian,28
26351,asian,14
26352,asian,14
26353,asian,28
26354,asian,11
26355,asian,21
26356,asian,21
26357,asian,14
26358,asian,14
26359,asian,11
26360,asian,11
26361,asian,28
26362,asian,11
26363,asian,11
26364,asian,21
26365,asian,28
26366,asian,28
26367,asian,14
26368,asian,28
26369,asian,14
26370,asian,11
26371,asian,14
26372,asian,11
26373,asian,21
26374,asian,6
26375,asian,25
26376,asian,25
26377,asian,26
26378,asian,6
26379,asian,25
26380,asian,13
26381,asian,6
26382,asian,25
26383,asian,13
26384,asian,25
26385,asian,6
26386,asian,26
26387,asian,26
26388,asian,26
26389,asian,25
26390,asian,13
26391,asian,13
26392,asian,6
26393,asian,25
26394,asian,25
26395,asian,13
26396,asian,26
26397,asian,26
26398,asian,6
26399,asian,6
26400,asian,26
26401,asian,26
26402,asian,6
26403,asian,26
26404,asian,6
26405,asian,26
26406,asian,25
26407,asian,25
26408,asian,13
26409,asian,13
26410,asian,13
26411,asian,13
26412,asian,25
26413,asian,26
26414,asian,13
26415,asian,13
26416,asian,6
26417,asian,25
26418,asian,6
26419,asian,25
26420,asian,26
26421,asian,28
26422,asian,13
26423,asian,13
26424,asian,11
26425,asian,11
26426,asian,26
26427,asian,26
26428,asian,13
26429,asian,26
26430,asian,26
26431,asian,28
26432,asian,28
26433,asian,11
26434,asian,11
26435,asian,11
26436,asian,13
26437,asian,28
26438,asian,13
26439,asian,26
26440,asian,11
26441,asian,26
26442,asian,26
26443,asian,28
26444,asian,28
26445,asian,28
26446,asian,11
26447,asian,11
26448,asian,11
26449,asian,13
26450,asian,26
26451,asian,13
26452,asian,26
26453,asian,28
26454,asian,13
26455,asian,26
26456,asian,26
26457,asian,26
26458,asian,28
26459,asian,13
26460,asian,28
26461,asian,28
26462,asian,8
26463,asian,22
26464,asian,16
26465,asian,23
26466,asian,17
26467,asian,9
26468,asian,8
26469,asian,23
26470,asian,3
26471,asian,10
26472,asian,22
26473,asian,8
26474,asian,16
26475,asian,10
26476,asian,23
26477,asian,10
26478,asian,22
26479,asian,3
26480,asian,17
26481,asian,16
26482,asian,9
26483,asian,3
26484,asian,8
26485,asian,3
26486,asian,3
26487,asian,9
26488,asian,23
26489,asian,8
26490,asian,22
26491,asian,8
26492,asian,10
26493,asian,10
26494,asian,10
26495,asian,23
26496,asian,17
26497,asian,22
26498,asian,16
26499,asian,9
26500,asian,23
26501,asian,10
26502,asian,17
26503,asian,9
26504,asian,16
26505,asian,16
26506,asian,8
26507,asian,16
26508,asian,10
26509,asian,3
26510,asian,17
26511,asian,17
26512,asian,10
26513,asian,10
26514,asian,23
26515,asian,22
26516,asian,9
26517,asian,23
26518,asian,3
26519,asian,3
26520,asian,23
26521,asian,23
26522,asian,17
26523,asian,17
26524,asian,22
26525,asian,17
26526,asian,9
26527,asian,16
26528,asian,9
26529,asian,9
26530,asian,17
26531,asian,22
26532,asian,9
26533,asian,23
26534,asian,10
26535,asian,8
26536,asian,17
26537,asian,9
26538,asian,9
26539,asian,23
26540,asian,23
26541,asian,8
26542,asian,17
26543,asian,3
26544,asian,17
26545,asian,16
26546,asian,9
26547,asian,1
26548,asian,13
26549,asian,27
26550,asian,14
26551,asian,13
26552,asian,27
26553,asian,13
26554,asian,28
26555,asian,28
26556,asian,28
26557,asian,7
26558,asian,21
26559,asian,18
26560,asian,7
26561,asian,14
26562,asian,13
26563,asian,28
26564,asian,28
26565,asian,27
26566,asian,14
26567,asian,14
26568,asian,1
26569,asian,28
26570,asian,18
26571,asian,7
26572,asian,14
26573,asian,21
26574,asian,21
26575,asian,21
26576,asian,7
26577,asian,21
26578,asian,28
26579,asian,7
26580,asian,13
26581,asian,13
26582,asian,18
26583,asian,1
26584,asian,28
26585,asian,7
26586,asian,14
26587,asian,1
26588,asian,13
26589,asian,27
26590,asian,14
26591,asian,27
26592,asian,7
26593,asian,18
26594,asian,21
26595,asian,27
26596,asian,7
26597,asian,28
26598,asian,27
26599,asian,18
26600,asian,1
26601,asian,1
26602,asian,28
26603,asian,28
26604,asian,18
26605,asian,28
26606,asian,14
26607,asian,1
26608,asian,21
26609,asian,14
26610,asian,18
26611,asian,18
26612,asian,1
26613,asian,14
26614,asian,21
26615,asian,27
26616,asian,7
26617,asian,13
26618,asian,13
26619,asian,1
26620,asian,7
26621,asian,7
26622,asian,13
26623,asian,13
26624,asian,14
26625,asian,14
26626,asian,18
26627,asian,1
26628,asian,7
26629,asian,28
26630,asian,7
26631,asian,13
26632,asian,27
26633,asian,13
26634,asian,13
26635,asian,1
26636,asian,1
26637,asian,18
26638,asian,27
26639,asian,18
26640,asian,18
26641,asian,16
26642,asian,3
26643,asian,22
26644,asian,8
26645,asian,3
26646,asian,22
26647,asian,16
26648,asian,22
26649,asian,3
26650,asian,3
26651,asian,8
26652,asian,16
26653,asian,8
26654,asian,22
26655,asian,22
26656,asian,16
26657,asian,16
26658,asian,16
26659,asian,8
26660,asian,8
26661,asian,22
26662,asian,3
26663,asian,3
26664,asian,8
26665,asian,16
26666,asian,16
26667,asian,22
26668,asian,8
26669,asian,22
26670,asian,22
26671,asian,3
26672,asian,3
26673,asian,8
26674,asian,8
26675,asian,16
26676,asian,3
26677,asian,9
26678,asian,17
26679,asian,9
26680,asian,23
26681,asian,10
26682,asian,18
26683,asian,28
26684,asian,28
26685,asian,17
26686,asian,10
26687,asian,18
26688,asian,28
26689,asian,10
26690,asian,28
26691,asian,23
26692,asian,10
26693,asian,17
26694,asian,10
26695,asian,18
26696,asian,10
26697,asian,10
26698,asian,9
26699,asian,18
26700,asian,9
26701,asian,17
26702,asian,10
26703,asian,9
26704,asian,28
26705,asian,28
26706,asian,17
26707,asian,28
26708,asian,9
26709,asian,23
26710,asian,28
26711,asian,18
26712,asian,28
26713,asian,23
26714,asian,17
26715,asian,18
26716,asian,9
26717,asian,18
26718,asian,23
26719,asian,9
26720,asian,23
26721,asian,23
26722,asian,10
26723,asian,18
26724,asian,10
26725,asian,23
26726,asian,28
26727,asian,17
26728,asian,17
26729,asian,9
26730,asian,17
26731,asian,23
26732,asian,9
26733,asian,18
26734,asian,21
26735,asian,14
26736,asian,1
26737,asian,13
26738,asian,7
26739,asian,13
26740,asian,14
26741,asian,1
26742,asian,21
26743,asian,13
26744,asian,7
26745,asian,7
26746,asian,27
26747,asian,13
26748,asian,7
26749,asian,1
26750,asian,14
26751,asian,21
26752,asian,27
26753,asian,13
26754,asian,27
26755,asian,14
26756,asian,13
26757,asian,21
26758,asian,27
26759,asian,21
26760,asian,1
26761,asian,21
26762,asian,14
26763,asian,14
26764,asian,27
26765,asian,13
26766,asian,7
26767,asian,1
26768,asian,1
26769,asian,7
26770,asian,27
26771,asian,7
26772,asian,27
26773,asian,21
26774,asian,27
26775,asian,21
26776,asian,1
26777,asian,27
26778,asian,14
26779,asian,27
26780,asian,13
26781,asian,27
26782,asian,13
26783,asian,27
26784,asian,7
26785,asian,13
26786,asian,1
26787,asian,7
26788,asian,21
26789,asian,21
26790,asian,21
26791,asian,21
26792,asian,21
26793,asian,27
26794,asian,27
26795,asian,14
26796,asian,1
26797,asian,1
26798,asian,1
26799,asian,27
26800,asian,22
26801,asian,8
26802,asian,8
26803,asian,28
26804,asian,18
26805,asian,28
26806,asian,16
26807,asian,8
26808,asian,3
26809,asian,16
26810,asian,28
26811,asian,16
26812,asian,3
26813,asian,3
26814,asian,22
26815,asian,16
26816,asian,3
26817,asian,8
26818,asian,18
26819,asian,16
26820,asian,8
26821,asian,28
26822,asian,18
26823,asian,28
26824,asian,18
26825,asian,18
26826,asian,18
26827,asian,28
26828,asian,22
26829,asian,16
26830,asian,16
26831,asian,3
26832,asian,22
26833,asian,3
26834,asian,28
26835,asian,3
26836,asian,18
26837,asian,18
26838,asian,3
26839,asian,22
26840,asian,8
26841,asian,8
26842,asian,16
26843,asian,16
26844,asian,16
26845,asian,16
26846,asian,28
26847,asian,18
26848,asian,16
26849,asian,16
26850,asian,28
26851,asian,8
26852,asian,8
26853,asian,3
26854,asian,22
26855,asian,22
26856,asian,28
26857,asian,16
26858,asian,22
26859,asian,22
26860,asian,22
26861,asian,22
26862,asian,22
26863,asian,28
26864,asian,17
26865,asian,9
26866,asian,9
26867,asian,14
26868,asian,23
26869,asian,1
26870,asian,23
26871,asian,10
26872,asian,23
26873,asian,10
26874,asian,14
26875,asian,10
26876,asian,1
26877,asian,1
26878,asian,9
26879,asian,17
26880,asian,23
26881,asian,17
26882,asian,23
26883,asian,14
26884,asian,14
26885,asian,23
26886,asian,14
26887,asian,9
26888,asian,9
26889,asian,1
26890,asian,10
26891,asian,10
26892,asian,1
26893,asian,9
26894,asian,17
26895,asian,1
26896,asian,9
26897,asian,10
26898,asian,17
26899,asian,17
26900,asian,23
26901,asian,1
26902,asian,10
26903,asian,10
26904,asian,10
26905,asian,17
26906,asian,23
26907,asian,17
26908,asian,17
26909,asian,10
26910,asian,9
26911,asian,10
26912,asian,14
26913,asian,1
26914,asian,1
26915,asian,14
26916,asian,9
26917,asian,10
26918,asian,17
26919,asian,17
26920,asian,17
26921,asian,17
26922,asian,9
26923,asian,9
26924,asian,10
26925,asian,1
26926,asian,14
26927,asian,9
26928,asian,22
26929,asian,27
26930,asian,28
26931,asian,16
26932,asian,13
26933,asian,18
26934,asian,18
26935,asian,13
26936,asian,13
26937,asian,13
26938,asian,13
26939,asian,7
26940,asian,16
26941,asian,16
26942,asian,16
26943,asian,22
26944,asian,28
26945,asian,22
26946,asian,27
26947,asian,28
26948,asian,27
26949,asian,18
26950,asian,18
26951,asian,21
26952,asian,28
26953,asian,28
26954,asian,21
26955,asian,7
26956,asian,18
26957,asian,28
26958,asian,22
26959,asian,21
26960,asian,21
26961,asian,13
26962,asian,21
26963,asian,22
26964,asian,21
26965,asian,27
26966,asian,28
26967,asian,18
26968,asian,7
26969,asian,13
26970,asian,7
26971,asian,27
26972,asian,27
26973,asian,21
26974,asian,16
26975,asian,7
26976,asian,7
26977,asian,21
26978,asian,13
26979,asian,7
26980,asian,27
26981,asian,18
26982,asian,18
26983,asian,27
26984,asian,13
26985,asian,16
26986,asian,7
26987,asian,16
26988,asian,27
26989,asian,18
26990,asian,22
26991,asian,28
26992,asian,22
26993,asian,13
26994,asian,13
26995,asian,16
26996,asian,7
26997,asian,13
26998,asian,28
26999,asian,16
27000,asian,18
27001,asian,22
27002,asian,7
27003,asian,22
27004,asian,28
27005,asian,13
27006,asian,28
27007,asian,23
27008,asian,17
27009,asian,14
27010,asian,8
27011,asian,9
27012,asian,10
27013,asian,17
27014,asian,10
27015,asian,9
27016,asian,14
27017,asian,3
27018,asian,23
27019,asian,8
27020,asian,17
27021,asian,1
27022,asian,10
27023,asian,8
27024,asian,17
27025,asian,10
27026,asian,23
27027,asian,1
27028,asian,14
27029,asian,14
27030,asian,10
27031,asian,1
27032,asian,1
27033,asian,3
27034,asian,10
27035,asian,3
27036,asian,10
27037,asian,3
27038,asian,9
27039,asian,3
27040,asian,23
27041,asian,10
27042,asian,1
27043,asian,9
27044,asian,14
27045,asian,17
27046,asian,1
27047,asian,9
27048,asian,23
27049,asian,8
27050,asian,3
27051,asian,1
27052,asian,9
27053,asian,14
27054,asian,23
27055,asian,8
27056,asian,3
27057,asian,9
27058,asian,9
27059,asian,10
27060,asian,3
27061,asian,17
27062,asian,14
27063,asian,23
27064,asian,10
27065,asian,23
27066,asian,8
27067,asian,23
27068,asian,9
27069,asian,17
27070,asian,10
27071,asian,10
27072,asian,9
27073,asian,8
27074,asian,8
27075,asian,14
27076,asian,9
27077,asian,9
27078,asian,17
27079,asian,17
27080,asian,3
27081,asian,8
27082,asian,9
27083,asian,1
27084,asian,1
27085,asian,1
27086,asian,9
27087,asian,27
27088,asian,13
27089,asian,21
27090,asian,27
27091,asian,21
27092,asian,7
27093,asian,13
27094,asian,13
27095,asian,13
27096,asian,21
27097,asian,13
27098,asian,27
27099,asian,13
27100,asian,7
27101,asian,7
27102,asian,27
27103,asian,21
27104,asian,27
27105,asian,13
27106,asian,21
27107,asian,21
27108,asian,13
27109,asian,13
27110,asian,7
27111,asian,13
27112,asian,13
27113,asian,27
27114,asian,13
27115,asian,7
27116,asian,21
27117,asian,27
27118,asian,7
27119,asian,13
27120,asian,27
27121,asian,7
27122,asian,7
27123,asian,7
27124,asian,27
27125,asian,27
27126,asian,13
27127,asian,27
27128,asian,21
27129,asian,7
27130,asian,7
27131,asian,7
27132,asian,22
27133,asian,14
27134,asian,9
27135,asian,10
27136,asian,9
27137,asian,16
27138,asian,16
27139,asian,3
27140,asian,22
27141,asian,3
27142,asian,3
27143,asian,10
27144,asian,10
27145,asian,1
27146,asian,22
27147,asian,10
27148,asian,8
27149,asian,16
27150,asian,10
27151,asian,9
27152,asian,8
27153,asian,22
27154,asian,14
27155,asian,3
27156,asian,8
27157,asian,1
27158,asian,16
27159,asian,1
27160,asian,8
27161,asian,14
27162,asian,14
27163,asian,22
27164,asian,22
27165,asian,8
27166,asian,14
27167,asian,9
27168,asian,9
27169,asian,16
27170,asian,16
27171,asian,3
27172,asian,1
27173,asian,14
27174,asian,8
27175,asian,14
27176,asian,14
27177,asian,1
27178,asian,16
27179,asian,1
27180,asian,1
27181,asian,14
27182,asian,9
27183,asian,22
27184,asian,3
27185,asian,3
27186,asian,10
27187,asian,10
27188,asian,16
27189,asian,9
27190,asian,22
27191,asian,16
27192,asian,22
27193,asian,1
27194,asian,14
27195,asian,14
27196,asian,22
27197,asian,3
27198,asian,9
27199,asian,16
27200,asian,8
27201,asian,8
27202,asian,10
27203,asian,14
27204,asian,1
27205,asian,14
27206,asian,16
27207,asian,10
27208,asian,16
27209,asian,10
27210,asian,22
27211,asian,22
27212,asian,1
27213,asian,16
27214,asian,1
27215,asian,9
27216,asian,1
27217,asian,3
27218,asian,22
27219,asian,10
27220,asian,1
27221,asian,23
27222,asian,21
27223,asian,27
27224,asian,17
27225,asian,21
27226,asian,21
27227,asian,21
27228,asian,17
27229,asian,23
27230,asian,17
27231,asian,23
27232,asian,27
27233,asian,27
27234,asian,21
27235,asian,27
27236,asian,27
27237,asian,23
27238,asian,23
27239,asian,27
27240,asian,27
27241,asian,27
27242,asian,17
27243,asian,27
27244,asian,21
27245,asian,21
27246,asian,17
27247,asian,27
27248,asian,23
27249,asian,27
27250,asian,23
27251,asian,21
27252,asian,23
27253,asian,21
27254,asian,21
27255,asian,21
27256,asian,21
27257,asian,27
27258,asian,27
27259,asian,21
27260,asian,17
27261,asian,17
27262,asian,17
27263,asian,21
27264,asian,27
27265,asian,8
27266,asian,16
27267,asian,16
27268,asian,22
27269,asian,3
27270,asian,16
27271,asian,8
27272,asian,22
27273,asian,8
27274,asian,3
27275,asian,3
27276,asian,22
27277,asian,22
27278,asian,8
27279,asian,16
27280,asian,16
27281,asian,22
27282,asian,3
27283,asian,3
27284,asian,3
27285,asian,8
27286,asian,22
27287,asian,16
27288,asian,22
27289,asian,16
27290,asian,3
27291,asian,16
27292,asian,8
27293,asian,8
27294,asian,8
27295,asian,3
27296,asian,22
27297,asian,21
27298,asian,27
27299,asian,21
27300,asian,21
27301,asian,27
27302,asian,21
27303,asian,21
27304,asian,27
27305,asian,21
27306,asian,27
27307,asian,27
27308,asian,21
27309,asian,27
27310,asian,27
27311,asian,27
27312,asian,27
27313,asian,21
27314,asian,27
27315,asian,27
27316,asian,27
27317,asian,21
27318,asian,21
27319,asian,21
27320,asian,21
27321,asian,27
27322,asian,21
27323,asian,27
27324,asian,22
27325,asian,22
27326,asian,22
27327,asian,16
27328,asian,16
27329,asian,22
27330,asian,16
27331,asian,22
27332,asian,22
27333,asian,16
27334,asian,16
27335,asian,16
27336,asian,22
27337,asian,16
27338,asian,16
27339,asian,16
27340,asian,22
27341,asian,16
27342,asian,16
27343,asian,22
27344,asian,22
27345,asian,22
27346,asian,22
27347,asian,16
27348,asian,27
27349,asian,7
27350,asian,21
27351,asian,7
27352,asian,27
27353,asian,9
27354,asian,27
27355,asian,9
27356,asian,9
27357,asian,27
27358,asian,21
27359,asian,7
27360,asian,7
27361,asian,9
27362,asian,21
27363,asian,7
27364,asian,9
27365,asian,9
27366,asian,7
27367,asian,9
27368,asian,7
27369,asian,21
27370,asian,7
27371,asian,27
27372,asian,21
27373,asian,21
27374,asian,9
27375,asian,27
27376,asian,21
27377,asian,21
27378,asian,7
27379,asian,27
27380,asian,27
27381,asian,27
27382,asian,27
27383,asian,7
27384,asian,7
27385,asian,9
27386,asian,27
27387,asian,27
27388,asian,18
27389,asian,16
27390,asian,16
27391,asian,18
27392,asian,1
27393,asian,1
27394,asian,1
27395,asian,3
27396,asian,3
27397,asian,18
27398,asian,3
27399,asian,18
27400,asian,3
27401,asian,16
27402,asian,16
27403,asian,3
27404,asian,1
27405,asian,1
27406,asian,16
27407,asian,1
27408,asian,18
27409,asian,16
27410,asian,16
27411,asian,3
27412,asian,18
27413,asian,3
27414,asian,16
27415,asian,16
27416,asian,1
27417,asian,18
27418,asian,1
27419,asian,3
27420,asian,18
27421,asian,16
27422,asian,3
27423,asian,1
27424,asian,9
27425,asian,7
27426,asian,9
27427,asian,17
27428,asian,17
27429,asian,7
27430,asian,7
27431,asian,9
27432,asian,21
27433,asian,7
27434,asian,17
27435,asian,21
27436,asian,9
27437,asian,21
27438,asian,21
27439,asian,17
27440,asian,7
27441,asian,21
27442,asian,17
27443,asian,7
27444,asian,9
27445,asian,7
27446,asian,9
27447,asian,17
27448,asian,17
27449,asian,17
27450,asian,9
27451,asian,7
27452,asian,9
27453,asian,17
27454,asian,21
27455,asian,21
27456,asian,17
27457,asian,7
27458,asian,17
27459,asian,21
27460,asian,7
27461,asian,7
27462,asian,17
27463,asian,21
27464,asian,9
27465,asian,16
27466,asian,16
27467,asian,1
27468,asian,3
27469,asian,16
27470,asian,16
27471,asian,1
27472,asian,16
27473,asian,18
27474,asian,18
27475,asian,3
27476,asian,1
27477,asian,16
27478,asian,1
27479,asian,18
27480,asian,18
27481,asian,18
27482,asian,3
27483,asian,1
27484,asian,3
27485,asian,16
27486,asian,16
27487,asian,3
27488,asian,3
27489,asian,18
27490,asian,16
27491,asian,16
27492,asian,1
27493,asian,3
27494,asian,18
27495,asian,16
27496,asian,18
27497,asian,1
27498,asian,18
27499,asian,16
27500,asian,18
27501,asian,16
27502,asian,16
27503,asian,18
27504,asian,3
27505,asian,1
27506,asian,18
27507,asian,18
27508,asian,21
27509,asian,21
27510,asian,21
27511,asian,21
27512,asian,17
27513,asian,17
27514,asian,17
27515,asian,17
27516,asian,21
27517,asian,17
27518,asian,21
27519,asian,17
27520,asian,21
27521,asian,21
27522,asian,17
27523,asian,21
27524,asian,21
27525,asian,17
27526,asian,21
27527,asian,17
27528,asian,17
27529,asian,17
27530,asian,21
27531,asian,17
27532,asian,21
27533,asian,17
27534,asian,17
27535,asian,9
27536,asian,18
27537,asian,9
27538,asian,16
27539,asian,18
27540,asian,9
27541,asian,18
27542,asian,9
27543,asian,16
27544,asian,7
27545,asian,7
27546,asian,16
27547,asian,7
27548,asian,7
27549,asian,18
27550,asian,16
27551,asian,16
27552,asian,18
27553,asian,7
27554,asian,7
27555,asian,18
27556,asian,9
27557,asian,18
27558,asian,16
27559,asian,16
27560,asian,7
27561,asian,7
27562,asian,7
27563,asian,9
27564,asian,7
27565,asian,16
27566,asian,16
27567,asian,7
27568,asian,16
27569,asian,9
27570,asian,9
27571,asian,7
27572,asian,9
27573,asian,9
27574,asian,18
27575,asian,7
27576,asian,7
27577,asian,9
27578,asian,9
27579,asian,17
27580,asian,21
27581,asian,21
27582,asian,17
27583,asian,3
27584,asian,1
27585,asian,3
27586,asian,3
27587,asian,3
27588,asian,17
27589,asian,1
27590,asian,21
27591,asian,3
27592,asian,21
27593,asian,1
27594,asian,1
27595,asian,3
27596,asian,21
27597,asian,17
27598,asian,3
27599,asian,3
27600,asian,1
27601,asian,17
27602,asian,21
27603,asian,1
27604,asian,1
27605,asian,17
27606,asian,1
27607,asian,1
27608,asian,17
27609,asian,21
27610,asian,3
27611,asian,17
27612,asian,3
27613,asian,3
27614,asian,1
27615,asian,17
27616,asian,3
27617,asian,1
27618,asian,1
27619,asian,17
27620,asian,21
27621,asian,7
27622,asian,18
27623,asian,16
27624,asian,7
27625,asian,18
27626,asian,9
27627,asian,7
27628,asian,18
27629,asian,7
27630,asian,7
27631,asian,16
27632,asian,18
27633,asian,9
27634,asian,16
27635,asian,7
27636,asian,9
27637,asian,7
27638,asian,9
27639,asian,16
27640,asian,16
27641,asian,9
27642,asian,9
27643,asian,16
27644,asian,7
27645,asian,9
27646,asian,7
27647,asian,9
27648,asian,16
27649,asian,9
27650,asian,7
27651,asian,9
27652,asian,9
27653,asian,9
27654,asian,9
27655,asian,9
27656,asian,7
27657,asian,18
27658,asian,16
27659,asian,7
27660,asian,16
27661,asian,9
27662,asian,18
27663,asian,7
27664,asian,16
27665,asian,7
27666,asian,18
27667,asian,18
27668,asian,1
27669,asian,3
27670,asian,21
27671,asian,21
27672,asian,1
27673,asian,3
27674,asian,1
27675,asian,17
27676,asian,1
27677,asian,17
27678,asian,21
27679,asian,21
27680,asian,21
27681,asian,21
27682,asian,3
27683,asian,3
27684,asian,17
27685,asian,17
27686,asian,1
27687,asian,17
27688,asian,3
27689,asian,17
27690,asian,17
27691,asian,21
27692,asian,17
27693,asian,1
27694,asian,3
27695,asian,17
27696,asian,1
27697,asian,3
27698,asian,17
27699,asian,17
27700,asian,21
27701,asian,17
27702,asian,17
27703,asian,17
27704,asian,3
27705,asian,1
27706,asian,1
27707,asian,18
27708,asian,7
27709,asian,9
27710,asian,16
27711,asian,9
27712,asian,7
27713,asian,16
27714,asian,7
27715,asian,16
27716,asian,16
27717,asian,18
27718,asian,7
27719,asian,7
27720,asian,16
27721,asian,18
27722,asian,9
27723,asian,7
27724,asian,9
27725,asian,16
27726,asian,18
27727,asian,9
27728,asian,16
27729,asian,7
27730,asian,18
27731,asian,9
27732,asian,18
27733,asian,7
27734,asian,16
27735,asian,18
27736,asian,7
27737,asian,16
27738,asian,9
27739,asian,16
27740,asian,7
27741,asian,7
27742,asian,18
27743,asian,9
27744,asian,9
27745,asian,3
27746,asian,3
27747,asian,21
27748,asian,17
27749,asian,21
27750,asian,21
27751,asian,17
27752,asian,1
27753,asian,3
27754,asian,21
27755,asian,21
27756,asian,1
27757,asian,17
27758,asian,1
27759,asian,3
27760,asian,1
27761,asian,3
27762,asian,17
27763,asian,3
27764,asian,21
27765,asian,1
27766,asian,21
27767,asian,17
27768,asian,3
27769,asian,3
27770,asian,17
27771,asian,3
27772,asian,1
27773,asian,17
27774,asian,17
27775,asian,1
27776,asian,17
27777,asian,17
27778,asian,3
27779,asian,1
27780,asian,1
27781,asian,1
27782,asian,17
27783,asian,21
27784,asian,1
27785,asian,3
27786,asian,17
27787,asian,3
27788,asian,1
27789,asian,3
27790,asian,18
27791,asian,16
27792,asian,18
27793,asian,18
27794,asian,16
27795,asian,18
27796,asian,18
27797,asian,16
27798,asian,16
27799,asian,16
27800,asian,16
27801,asian,18
27802,asian,16
27803,asian,16
27804,asian,18
27805,asian,18
27806,asian,16
27807,asian,16
27808,asian,16
27809,asian,16
27810,asian,16
27811,asian,1
27812,asian,1
27813,asian,1
27814,asian,1
27815,asian,1
27816,asian,1
27817,asian,3
27818,asian,3
27819,asian,3
27820,asian,3
27821,asian,3
27822,asian,1
27823,asian,1
27824,asian,3
27825,asian,3
27826,asian,1
27827,asian,3
27828,asian,3
27829,asian,3
27830,asian,1
27831,asian,3
27832,asian,3
27833,asian,3
27834,asian,1
27835,asian,1
27836,asian,3
27837,asian,16
27838,asian,16
27839,asian,18
27840,asian,18
27841,asian,16
27842,asian,16
27843,asian,16
27844,asian,16
27845,asian,18
27846,asian,16
27847,asian,18
27848,asian,16
27849,asian,18
27850,asian,18
27851,asian,16
27852,asian,18
27853,asian,16
27854,asian,18
27855,asian,16
27856,asian,16
27857,asian,18
27858,asian,18
27859,asian,18
27860,asian,16
27861,asian,16
27862,asian,17
27863,asian,18
27864,asian,17
27865,asian,17
27866,asian,18
27867,asian,17
27868,asian,17
27869,asian,17
27870,asian,17
27871,asian,18
27872,asian,17
27873,asian,18
27874,asian,18
27875,asian,17
27876,asian,18
27877,asian,17
27878,asian,18
27879,asian,18
27880,asian,17
27881,asian,18
27882,asian,17
27883,asian,17
27884,asian,18
27885,asian,18
27886,asian,18
27887,asian,18
27888,asian,9
27889,asian,3
27890,asian,9
27891,asian,3
27892,asian,3
27893,asian,9
27894,asian,9
27895,asian,3
27896,asian,9
27897,asian,3
27898,asian,3
27899,asian,3
27900,asian,9
27901,asian,9
27902,asian,3
27903,asian,3
27904,asian,9
27905,asian,9
27906,asian,3
27907,asian,17
27908,asian,18
27909,asian,17
27910,asian,18
27911,asian,18
27912,asian,17
27913,asian,17
27914,asian,17
27915,asian,18
27916,asian,18
27917,asian,17
27918,asian,17
27919,asian,18
27920,asian,18
27921,asian,17
27922,asian,17
27923,asian,18
27924,asian,17
27925,asian,3
27926,asian,9
27927,asian,3
27928,asian,9
27929,asian,9
27930,asian,9
27931,asian,3
27932,asian,3
27933,asian,3
27934,asian,9
27935,asian,3
27936,asian,9
27937,asian,3
27938,asian,9
27939,asian,3
27940,asian,3
27941,asian,3
27942,asian,3
27943,asian,9
27944,asian,18
27945,asian,18
27946,asian,18
27947,asian,17
27948,asian,18
27949,asian,18
27950,asian,17
27951,asian,18
27952,asian,17
27953,asian,18
27954,asian,18
27955,asian,17
27956,asian,18
27957,asian,18
27958,asian,17
27959,asian,17
27960,asian,17
27961,asian,18
27962,asian,17
27963,asian,18
27964,asian,17
27965,asian,18
27966,asian,17
27967,asian,17
27968,asian,17
27969,asian,17
27970,asian,17
27971,asian,18
27972,asian,3
27973,asian,3
27974,asian,9
27975,asian,9
27976,asian,9
27977,asian,3
27978,asian,9
27979,asian,3
27980,asian,9
27981,asian,9
27982,asian,3
27983,asian,3
27984,asian,9
27985,asian,3
27986,asian,9
27987,asian,9
27988,asian,3
27989,asian,3
27990,asian,3
27991,asian,17
27992,asian,17
27993,asian,18
27994,asian,17
27995,asian,18
27996,asian,18
27997,asian,18
27998,asian,18
27999,asian,17
28000,asian,17
28001,asian,18
28002,asian,17
28003,asian,18
28004,asian,17
28005,asian,18
28006,asian,17
28007,asian,17
28008,asian,18
28009,asian,17
28010,asian,3
28011,asian,9
28012,asian,3
28013,asian,9
28014,asian,3
28015,asian,9
28016,asian,3
28017,asian,9
28018,asian,9
28019,asian,3
28020,asian,9
28021,asian,3
28022,asian,3
28023,asian,9
28024,asian,9
28025,asian,3
28026,asian,3
28027,asian,9
28028,asian,9
28029,asian,3
28030,asian,17
28031,asian,17
28032,asian,18
28033,asian,17
28034,asian,17
28035,asian,17
28036,asian,17
28037,asian,18
28038,asian,17
28039,asian,18
28040,asian,18
28041,asian,18
28042,asian,18
28043,asian,18
28044,asian,17
28045,asian,17
28046,asian,18
28047,asian,18
28048,asian,17
28049,asian,18
28050,asian,17
28051,asian,17
28052,asian,17
28053,asian,18
28054,asian,17
28055,asian,18
28056,asian,18
28057,asian,9
28058,asian,3
28059,asian,9
28060,asian,3
28061,asian,9
28062,asian,3
28063,asian,9
28064,asian,3
28065,asian,3
28066,asian,9
28067,asian,9
28068,asian,3
28069,asian,3
28070,asian,9
28071,asian,3
28072,asian,9
28073,asian,3
28074,asian,9
28075,asian,3
28076,asian,9
28077,asian,9
28078,asian,3
28079,asian,3
28080,asian,3
28081,asian,3
28082,asian,3
28083,asian,9
28084,asian,3
28085,asian,3
28086,asian,9
28087,asian,9
28088,asian,3
28089,asian,9
28090,asian,9
28091,asian,9
28092,asian,3
28093,asian,3
28094,asian,9
28095,asian,3
28096,asian,9
28097,asian,9
28098,asian,3
28099,asian,3
28100,asian,9
28101,asian,3
28102,asian,9
28103,asian,9
28104,asian,3
28105,asian,3
28106,asian,9
28107,asian,9
28108,asian,9
28109,asian,18
28110,asian,18
28111,asian,9
28112,asian,18
28113,asian,9
28114,asian,9
28115,asian,18
28116,asian,18
28117,asian,18
28118,asian,18
28119,asian,9
28120,asian,18
28121,asian,18
28122,asian,9
28123,asian,9
28124,asian,18
28125,asian,9
28126,asian,9
28127,asian,9
28128,asian,9
28129,asian,18
28130,asian,9
28131,asian,9
28132,asian,18
28133,asian,9
28134,asian,18
28135,asian,18
28136,asian,9
28137,asian,18
28138,asian,9
28139,asian,18
28140,asian,18
28141,asian,9
28142,asian,9
28143,asian,18
28144,asian,9
28145,asian,9
28146,asian,9
28147,asian,18
28148,asian,18
28149,asian,18
28150,asian,9
28151,asian,9
28152,asian,18
28153,asian,9
28154,asian,18
28155,asian,18
28156,asian,18
28157,asian,9
28158,asian,9
28159,asian,9
28160,asian,18
28161,asian,9
28162,asian,9
28163,asian,18
28164,asian,18
28165,asian,9
28166,asian,18
28167,asian,9
28168,asian,18
28169,asian,18
28170,asian,9
28171,asian,9
28172,asian,9
28173,asian,18
28174,asian,9
28175,asian,9
28176,asian,18
28177,asian,9
28178,asian,9
28179,asian,9
28180,asian,18
28181,asian,18
28182,asian,18
28183,asian,18
28184,asian,18
28185,asian,18
28186,asian,18
28187,asian,9
28188,asian,9
28189,asian,9
28190,asian,18
28191,asian,9
28192,asian,9
28193,asian,9
28194,asian,9
28195,asian,9
28196,asian,18
28197,asian,9
28198,asian,18
28199,asian,18
28200,asian,9
28201,asian,18
28202,asian,9
28203,asian,9
28204,asian,18
28205,asian,18
28206,asian,9
28207,asian,18
28208,asian,18
28209,asian,18
28210,asian,9
28211,asian,18
28212,asian,18
28213,asian,9
28214,asian,18
28215,asian,18
28216,asian,18
28217,asian,18
28218,asian,18
28219,asian,18
28220,asian,9
28221,asian,9
28222,asian,9
28223,asian,18
28224,asian,9
28225,asian,9
28226,asian,18
28227,asian,9
28228,asian,18
28229,asian,18
28230,asian,18
28231,asian,9
28232,asian,9
28233,asian,9
28234,asian,9
28235,asian,9
28236,asian,9
28237,asian,9
28238,asian,18
28239,asian,18
28240,asian,18
28241,asian,9
28242,asian,18
28243,asian,9
28244,asian,9
28245,asian,18
28246,asian,9
28247,asian,18
28248,asian,9
28249,asian,9
28250,asian,9
28251,asian,18
28252,asian,9
28253,asian,18
28254,asian,18
28255,asian,18
28256,asian,18
28257,asian,9
28258,asian,18
28259,asian,9
28260,asian,9
28261,asian,18
28262,asian,18
28263,asian,9
28264,asian,9
28265,asian,18
